"DOI";"PublicationYear";"Venue";"Abstract";"WhichSearch";"Title";"CatLevel";"CatObjSubj";"CatFidelity";"HasBaseline";"HasPlacebo";"CS_HasAttentionCheck";"CS_HasDataQuality";"IsReproducible";"IsPreRegistered";"HasQuestionnaireValidation";"HasPreTesting";"HasLimitations";"SubsamplingGroup";"ParticipantCount";"ParticipantType";"NautaClassification"
NA;2009;"NIPS '09: Proceedings of the 22nd International Conference on Neural Information Processing Systems";"Probabilistic topic models are a popular tool for the unsupervised analysis of text, providing both a predictive model of future text and a latent topic representation of the corpus. Practitioners typically assume that the latent space is semantically meaningful. It is used to check models, summarize the corpus, and guide exploration of its contents. However, whether the latent space is interpretable is in need of quantitative evaluation. In this paper, we present new quantitative methods for measuring semantic meaning in inferred topics. We back these measures with large-scale user studies, showing that they capture aspects of the model that are undetected by previous measures of model quality based on held-out likelihood. Surprisingly, topic models which perform better on held-out likelihood may infer less semantically meaningful topics.";"indirect";"Reading Tea Leaves: How Humans Interpret Topic Models";NA;NA;NA;NA;NA;NA;NA;NA;NA;NA;NA;NA;NA;"NA";"crowdsourcing (AMT)";"ID"
"10.1016/j.dss.2010.12.003";2011;"Decision Support Systems";"An important objective of data mining is the development of predictive models. Based on a number of observations, a model is constructed that allows the analysts to provide classifications or predictions for new observations. Currently, most research focuses on improving the accuracy or precision of these models and comparatively little research has been undertaken to increase their comprehensibility to the analyst or end-user. This is mainly due to the subjective nature of ‘comprehensibility’, which depends on many factors outside the model, such as the user's experience and his/her prior knowledge. Despite this influence of the observer, some representation formats are generally considered to be more easily interpretable than others. In this paper, an empirical study is presented which investigates the suitability of a number of alternative representation formats for classification when interpretability is a key requirement. The formats under consideration are decision tables, (binary) decision trees, propositional rules, and oblique rules. An end-user experiment was designed to test the accuracy, response time, and answer confidence for a set of problem-solving tasks involving the former representations. Analysis of the results reveals that decision tables perform significantly better on all three criteria, while post-test voting also reveals a clear preference of users for decision tables in terms of ease of use.";"indirect";"An empirical evaluation of the comprehensibility of decision table, tree and rule based predictive models";NA;NA;NA;NA;NA;NA;NA;NA;NA;NA;NA;NA;NA;"51";"students (NA)";"FS,SC"
"10.1609/aaai.v29i1.9474";2015;"Proceedings of the AAAI Conference on Artificial Intelligence";"The majority of machine learning research has been focused on building models and inference techniques with sound mathematical properties and cutting edge performance. Little attention has been devoted to the development of data representation that can be used to improve a user's ability to interpret the data and machine learning models to solve real-world problems. In this paper, we quantitatively and qualitatively evaluate an efficient, accurate and scalable feature-compression method using latent Dirichlet allocation for discrete data. This representation can effectively communicate the characteristics of high-dimensional, complex data points. We show that the improvement of a user's interpretability through the use of a topic modeling-based compression technique is statistically significant, according to a number of metrics, when compared with other representations. Also, we find that this representation is scalable --- it maintains alignment with human classification accuracy as an increasing number of data points are shown. In addition, the learned topic layer can semantically deliver meaningful information to users that could potentially aid human reasoning about data characteristics in connection with compressed topic space.";"indirect";"Scalable and Interpretable Data Representation for High-Dimensional, Complex Data";NA;NA;NA;NA;NA;NA;NA;NA;NA;NA;NA;NA;NA;"24";"domain experts (engineers)";"ID"
"10.1145/2702613.2732769";2015;"Proceedings of the 33rd Annual ACM Conference Extended Abstracts on Human Factors in Computing Systems";"User's confidence in machine learning (ML) based decision making significantly affects acceptability of ML techniques. In this work, we investigate how uncertainty/correlation affects user's confidence in order to design effective user interface for ML-based intelligent systems. A user study was performed and we found that revealing of correlation helped users better understand uncertainty and thus increased confidence in model output. When correlation had the same trend with performance, correlation but not uncertainty helped users more confident in their decisions.";"indirect";"Be Informed and Be Involved";NA;NA;NA;NA;NA;NA;NA;NA;NA;NA;NA;NA;NA;"26";"administrative staff (NA),AI experts (NA),researchers (NA)";"SS"
"10.1145/2939672.2939778";2016;"Proceedings of the 22nd ACM SIGKDD international conference on knowledge discovery and data mining";"Despite widespread adoption, machine learning models remain mostly black boxes. Understanding the reasons behind predictions is, however, quite important in assessing trust, which is fundamental if one plans to take action based on a prediction, or when choosing whether to deploy a new model. Such understanding also provides insights into the model, which can be used to transform an untrustworthy model or prediction into a trustworthy one.";"indirect";"\"Why Should I Trust You?\"";NA;NA;NA;NA;NA;NA;NA;NA;NA;NA;NA;NA;NA;"NA";"crowdsourcing (AMT)";"SS"
"10.1504/IJCSE.2016.080214";2016;"International Journal of Computational Science and Engineering";"Machine learning (ML) techniques are often found difficult to apply effectively in practice because of their complexities. Therefore, making ML useable is emerging as one of active research fields recently. Furthermore, an ML algorithm is still a 'black-box'. This 'black-box' approach makes it difficult for users to understand complicated ML models. As a result, the user is uncertain about the usefulness of ML results and this affects the effectiveness of ML methods. This paper focuses on making a 'black-box' ML process transparent by presenting real-time internal status update of the ML process to users explicitly. A user study was performed to investigate the impact of revealing internal status update to users on the easiness of understanding data analysis process, meaningfulness of real-time status update, and convincingness of ML results. The study showed that revealing of the internal states of ML process can help improve easiness of understanding the data analysis process, make real-time status update more meaningful, and make ML results more convincing.";"indirect";"Making machine learning useable by revealing internal states update - a transparent approach";NA;NA;NA;NA;NA;NA;NA;NA;NA;NA;NA;NA;NA;"30";"administrative staff (NA),AI experts (NA),researchers (NA)";"FS,SC"
"10.1145/3010915.3011004";2016;"Proceedings of the 28th Australian Conference on Computer-Human Interaction";"Despite the recognized value of Machine Learning (ML) techniques and high expectation of applying ML techniques within various applications, significant barriers to the widespread adoption and local implementation of ML approaches still exist in the areas of trust (of ML results), comprehension (of ML processes), as well as confidence (in decision making) by users. This paper investigates the effects of correlation between features and target values on user confidence in data analytics-driven decision making. Our user study found that revealing the correlation between features and target variables affected user confidence in decision making significantly. Moreover, users felt more confident in decision making when correlation shared the same trend with the prediction model performance. These findings would help design intelligent user interfaces and evaluate the effectiveness of machine learning models in applications.";"indirect";"Correlation for user confidence in predictive decision making";NA;NA;NA;NA;NA;NA;NA;NA;NA;NA;NA;NA;NA;"26";"administrative staff (NA),AI experts (NA),researchers (NA)";"SC,FS"
"10.1109/CVPR.2017.354";2017;"Proceedings of the IEEE conference on computer vision and pattern recognition";"We propose a general framework called Network Dissection for quantifying the interpretability of latent representations of CNNs by evaluating the alignment between individual hidden units and a set of semantic concepts. Given any CNN model, the proposed method draws on a data set of concepts to score the semantics of hidden units at each intermediate convolutional layer. The units with semantics are labeled across a broad range of visual concepts including objects, parts, scenes, textures, materials, and colors. We use the proposed method to test the hypothesis that interpretability is an axis-independent property of the representation space, then we apply the method to compare the latent representations of various networks when trained to solve different classification problems. We further analyze the effect of training iterations, compare networks trained with different initializations, and measure the effect of dropout and batch normalization on the interpretability of deep visual representations. We demonstrate that the proposed method can shed light on characteristics of CNN models and training methods that go beyond measurements of their discriminative power.";"indirect";"Network Dissection: Quantifying Interpretability of Deep Visual Representations";NA;NA;NA;NA;NA;NA;NA;NA;NA;NA;NA;NA;NA;"NA";"crowdsourcing (AMT)";"SC,FS"
"10.1145/3025171.3025219";2017;"Proceedings of the 22nd international conference on intelligent user interfaces";"Trust is a key factor affecting the way people rely on automated systems. On the other hand, system performance has comprehensive implications on a user's trust variations. This paper examines systems of varied levels of accuracy, in order to reveal the relationship between system performance, a user's trust and reliance on the system. In particular, it is identified that system failures have a stronger effect on trust than system successes. We also describe how patterns of trust change according to a number of consecutive system failures or successes. Importantly, we show that increasing user familiarity with the system decreases the rate of trust change, which provides new insights on the development of user trust. Finally, our analysis established a correlation between a user's reliance on a system and their trust level. Combining all these findings can have important implications in general system design and implementation, by predicting how trust builds and when it stabilizes, as well as allowing for indirectly reading a user's trust in real time based on system reliance.";"indirect";"User Trust Dynamics";NA;NA;NA;NA;NA;NA;NA;NA;NA;NA;NA;NA;NA;"21";"students (NA),other (IT professionals)";"SS"
"10.1145/3178876.3186070";2018;"Proceedings of the 2018 world wide web conference";"Reviews information is dominant for users to make online purchasing decisions in e-commerces. However, the usefulness of reviews is varied. We argue that less-useful reviews hurt model's performance, and are also less meaningful for user's reference. While some existing models utilize reviews for improving the performance of recommender systems, few of them consider the usefulness of reviews for recommendation quality. In this paper, we introduce a novel attention mechanism to explore the usefulness of reviews, and propose a Neural Attentional Regression model with Review-level Explanations (NARRE) for recommendation. Specifically, NARRE can not only predict precise ratings, but also learn the usefulness of each review simultaneously. Therefore, the highly-useful reviews are obtained which provide review-level explanations to help users make better and faster decisions. Extensive experiments on benchmark datasets of Amazon and Yelp on different domains show that the proposed NARRE model consistently outperforms the state-of-the-art recommendation approaches, including PMF, NMF, SVD++, HFT, and DeepCoNN in terms of rating prediction, by the proposed attention model that takes review usefulness into consideration. Furthermore, the selected reviews are shown to be effective when taking existing review-usefulness ratings in the system as ground truth. Besides, crowd-sourcing based evaluations reveal that in most cases, NARRE achieves equal or even better performances than system's usefulness rating method in selecting reviews. And it is flexible to offer great help on the dominant cases in real e-commerce scenarios when the ratings on review-usefulness are not available in the system.";"indirect";"Neural Attentional Rating Regression with Review-level Explanations";NA;NA;NA;NA;NA;NA;NA;NA;NA;NA;NA;NA;NA;"NA";"crowdsourcing (CrowdFlower)";"SS"
NA;2018;"Proceedings of the 35th International Conference on Machine Learning";"We introduce instancewise feature selection as a methodology for model interpretation. Our method is based on learning a function to extract a subset of features that are most informative for each given example. This feature selector is trained to maximize the mutual information between selected features and the response variable, where the conditional distribution of the response variable given the input is the model to be explained. We develop an efficient variational approximation to the mutual information, and show the effectiveness of our method on a variety of synthetic and real data sets using both quantitative metrics and human evaluation.";"indirect";"Learning to Explain: An Information-Theoretic Perspective on Model Interpretation";NA;NA;NA;NA;NA;NA;NA;NA;NA;NA;NA;NA;NA;"NA";"crowdsourcing (AMT)";"FS"
NA;2018;"NIPS '18: Proceedings of the 32nd International Conference on Neural Information Processing Systems";"In this paper we propose a novel method that provides contrastive explanations justifying the classification of an input by a black box classifier such as a deep neural network. Given an input we find what should be minimally and sufficiently present (viz. important object pixels in an image) to justify its classification and analogously what should be minimally and necessarily \emph{absent} (viz. certain background pixels). We argue that such explanations are natural for humans and are used commonly in domains such as health care and criminology. What is minimally but critically \emph{absent} is an important part of an explanation, which to the best of our knowledge, has not been explicitly identified by current explanation methods that explain predictions of neural networks. We validate our approach on three real datasets obtained from diverse domains; namely, a handwritten digits dataset MNIST, a large procurement fraud dataset and a brain activity strength dataset. In all three cases, we witness the power of our approach in generating precise explanations that are also easy for human experts to understand and evaluate.";"indirect";"Explanations based on the Missing: Towards Contrastive Explanations with Pertinent Negatives";NA;NA;NA;NA;NA;NA;NA;NA;NA;NA;NA;NA;NA;"NA";"domain experts (criminology),domain experts (medical)";"FS,SS"
NA;2018;"NIPS '18: Proceedings of the 32nd International Conference on Neural Information Processing Systems";"We often desire our models to be interpretable as well as accurate. Prior work on optimizing models for interpretability has relied on easy-to-quantify proxies for interpretability, such as sparsity or the number of operations required. In this work, we optimize for interpretability by directly including humans in the optimization loop. We develop an algorithm that minimizes the number of user studies to find models that are both predictive and interpretable and demonstrate our approach on several data sets. Our human subjects results show trends towards different proxy notions of interpretability on different datasets, which suggests that different proxies are preferred on different tasks.";"indirect";"Human-in-the-Loop Interpretability Prior";"Understanding";"Objective";"No";FALSE;FALSE;TRUE;TRUE;TRUE;FALSE;NA;FALSE;FALSE;"up to 2020";"16,33";"students (NA),crowdsourcing (AMT)";"FS"
"10.1109/CVPR.2018.00915";2018;"Proceedings of the IEEE conference on computer vision and pattern recognition";"Deep models that are both effective and explainable are desirable in many settings; prior explainable models have been unimodal, offering either image-based visualization of attention weights or text-based generation of post-hoc justifications. We propose a multimodal approach to explanation, and argue that the two modalities provide complementary explanatory strengths. We collect two new datasets to define and evaluate this task, and propose a novel model which can provide joint textual rationale generation and attention visualization. Our datasets define visual and textual justifications of a classification decision for activity recognition tasks (ACT-X) and for visual question answering tasks (VQA-X). We quantitatively show that training with the textual explanations not only yields better textual justification models, but also better localizes the evidence that supports the decision. We also qualitatively show cases where visual explanation is more insightful than textual explanation, and vice versa, supporting our thesis that multimodal explanation models offer significant benefits over unimodal approaches.";"indirect";"Multimodal Explanations: Justifying Decisions and Pointing to the Evidence";NA;NA;NA;NA;NA;NA;NA;NA;NA;NA;NA;NA;NA;"NA";"not stated (NA)";"SS"
"10.1609/aaai.v32i1.11491";2018;"Proceedings of the Thirty-Second AAAI Conference on Artificial Intelligence";"We introduce a novel model-agnostic system that explains the behavior of complex models with high-precision rules called anchors, representing local, sufficient conditions for predictions. We propose an algorithm to efficiently compute these explanations for any black-box model with high-probability guarantees. We demonstrate the flexibility of anchors by explaining a myriad of different models for different domains and tasks. In a user study, we show that anchors enable users to predict how a model would behave on unseen instances with less effort and higher precision, as compared to existing linear explanations or no explanations.";"indirect";"Anchors: High-Precision Model-Agnostic Explanations";"Understanding";"Objective";"No";TRUE;FALSE;NA;NA;TRUE;FALSE;NA;FALSE;TRUE;"up to 2020 , up to 2020";"26";"students (NA)";"FS,SC"
"10.1609/aaai.v32i1.11935";2018;"Proceedings of the AAAI Conference on Artificial Intelligence";"Prediction without justification has limited utility. Much of the success of neural models can be attributed to their ability to learn rich, dense and expressive representations. While these representations capture the underlying complexity and latent trends in the data, they are far from being interpretable. We propose a novel variant of denoising k-sparse autoencoders that generates highly efficient and interpretable distributed word representations (word embeddings), beginning with existing word representations from state-of-the-art methods like GloVe and word2vec. Through large scale human evaluation, we report that our resulting word embedddings are much more interpretable than the original GloVe and word2vec embeddings. Moreover, our embeddings outperform existing popular word embeddings on a diverse suite of benchmark downstream tasks.";"indirect";"SPINE: SParse Interpretable Neural Embeddings";NA;NA;NA;NA;NA;NA;NA;NA;NA;NA;NA;NA;NA;"NA";"crowdsourcing (AMT)";"ID"
"10.1145/3209978.3210010";2018;"The 41st international ACM SIGIR conference on research & development in information retrieval";"Explaining automatically generated recommendations allows users to make more informed and accurate decisions about which results to utilize, and therefore improves their satisfaction. In this work, we develop a multi-task learning solution for explainable recommendation. Two companion learning tasks of user preference modeling for recommendation and opinionated content modeling for explanation are integrated via a joint tensor factorization. As a result, the algorithm predicts not only a user's preference over a list of items, i.e., recommendation, but also how the user would appreciate a particular item at the feature level, i.e., opinionated textual explanation. Extensive experiments on two large collections of Amazon and Yelp reviews confirmed the effectiveness of our solution in both recommendation and explanation tasks, compared with several existing recommendation algorithms. And our extensive user study clearly demonstrates the practical value of the explainable recommendations generated by our algorithm.";"indirect";"Explainable Recommendation via Multi-Task Learning in Opinionated Text Data";NA;NA;NA;NA;NA;NA;NA;NA;NA;NA;NA;NA;NA;"NA";"crowdsourcing (AMT)";"SS"
NA;2018;"NIPS '18: Proceedings of the 32nd International Conference on Neural Information Processing Systems";"We present Multi-value Rule Sets (MRS) for interpretable classification with feature efficient presentations. Compared to rule sets built from single-valued rules, MRS adopts a more generalized form of association rules that allows multiple values in a condition. Rules of this form are more concise than classical single-valued rules in capturing and describing patterns in data. Our formulation also pursues a higher efficiency of feature utilization, which reduces possible cost in data collection and storage. We propose a Bayesian framework for formulating a MRS model and propose an efficient inference method for learning a maximum a posteriori, incorporating theoretically grounded bounds to iteratively reduce the search space and improve the search efficiency. Experiments on synthetic and real-world data demonstrate that MRS models have significantly smaller complexity and fewer features than baseline models while being competitive in predictive accuracy.";"indirect";"Multi-value Rule Sets for Interpretable Classification with Feature-Efficient Representations";NA;NA;NA;NA;NA;NA;NA;NA;NA;NA;NA;NA;NA;"70";"students (NA)";"FS"
"10.1109/ICDM.2018.00074";2018;"2018 IEEE international conference on data mining (ICDM)";"Explainable recommendation, which provides explanations about why an item is recommended, has attracted increasing attention due to its ability in helping users make better decisions and increasing users' trust in the system. Existing explainable recommendation methods either ignore the working mechanism of the recommendation model or are designed for a specific recommendation model. Moreover, it is difficult for existing methods to ensure the presentation quality of the explanations (e.g., consistency). To solve these problems, we design a reinforcement learning framework for explainable recommendation. Our framework can explain any recommendation model (model-agnostic) and can flexibly control the explanation quality based on the application scenario. To demonstrate the effectiveness of our framework, we show how it can be used for generating sentence-level explanations. Specifically, we instantiate the explanation generator in the framework with a personalized-attention-based neural network. Offline experiments demonstrate that our method can well explain both collaborative filtering methods and deep-learning-based models. Evaluation with human subjects shows that the explanations generated by our method are significantly more useful than the explanations generated by the baselines.";"indirect";"A Reinforcement Learning Framework for Explainable Recommendation";NA;NA;NA;NA;NA;NA;NA;NA;NA;NA;NA;NA;NA;"4";"domain experts (Yelp users)";"SS,SC"
"10.1109/CVPR.2018.00928";2018;"Proceedings of IEEE Conference on Computer Vision and Pattern Recognition";"Interpretability of a deep neural network aims to explain the rationale behind its decisions and enable the users to understand the intelligent agents, which has become an important issue due to its importance in practical applications. To address this issue, we develop a Distillation Guided Routing method, which is a flexible framework to interpret a deep neural network by identifying critical data routing paths and analyzing the functional processing behavior of the corresponding layers. Specifically, we propose to discover the critical nodes on the data routing paths during network inferring prediction for individual input samples by learning associated control gates for each layer's output channel. The routing paths can, therefore, be represented based on the responses of concatenated control gates from all the layers, which reflect the network's semantic selectivity regarding to the input patterns and more detailed functional process across different layer levels. Based on the discoveries, we propose an adversarial sample detection algorithm by learning a classifier to discriminate whether the critical data routing paths are from real or adversarial samples. Experiments demonstrate that our algorithm can effectively achieve high defense rate with minor training overhead.";"indirect";"Interpret Neural Networks by Identifying Critical Data Routing Paths";NA;NA;NA;NA;NA;NA;NA;NA;NA;NA;NA;NA;NA;"400";"crowdsourcing (AMT)";"SS"
"10.1145/3178876.3185995";2018;"WWW '18: Proceedings of the 2018 World Wide Web Conference";"Despite outperforming humans in many tasks, deep neural network models are also criticized for the lack of transparency and interpretability in decision making. The opaqueness results in uncertainty and low confidence when deploying such a model in model sharing scenarios, where the model is developed by a third party. For a supervised machine learning model, sharing training process including training data is a way to gain trust and to better understand model predictions. However, it is not always possible to share all training data due to privacy and policy constraints. In this paper, we propose a method to disclose a small set of training data that is just sufficient for users to get the insight into a complicated model. The method constructs a boundary tree using selected training data and the tree is able to approximate the complicated deep neural network models with high fidelity. We show that data point pairs in the tree give users significantly better understanding of the model decision boundaries and paves the way for trustworthy model sharing.";"indirect";"Sharing Deep Neural Network Models with Interpretation";NA;NA;NA;NA;NA;NA;NA;NA;NA;NA;NA;NA;NA;"20";"not stated (NA)";"SC,FS"
"10.1007/978-3-319-90403-0_12";2018;"Human and Machine Learning: Visible, Explainable, Trustworthy and Transparent";"Trust plays an important role in various user-facing systems and applications. It is particularly important in the context of decision support systems, where the system’s output serves as one of the inputs for the users’ decision making processes. In this chapter, we study the dynamics of explicit and implicit user trust in a simulated automated quality monitoring system, as a function of the system accuracy. We establish that users correctly perceive the accuracy of the system and adjust their trust accordingly. The results also show notable differences between two groups of users and indicate a possible threshold in the acceptance of the system. This important learning can be leveraged by designers of practical systems for sustaining the desired level of user trust.";"indirect";"Do I Trust a Machine? Differences in User Trust Based on System Performance";NA;NA;NA;NA;NA;NA;NA;NA;NA;NA;NA;NA;NA;"22";"students (NA),other (IT professionals)";"SS"
"10.24963/ijcai.2019/184";2019;"IJCAI'19: Proceedings of the 28th International Joint Conference on Artificial Intelligence";"We present a user study to investigate the impact of explanations on non-experts? understanding of reinforcement learning (RL) agents. We investigate both a common RL visualization, saliency maps (the focus of attention), and a more recent explanation type, reward-decomposition bars (predictions of future types of rewards). We designed a 124 participant, four-treatment experiment to compare participants? mental models of an RL agent in a simple Real-Time Strategy (RTS) game. Our results show that the combination of both saliency and reward bars were needed to achieve a statistically significant improvement in mental model score over the control. In addition, our qualitative analysis of the data reveals a number of effects for further study.";"indirect";"Explaining Reinforcement Learning to Mere Mortals: An Empirical Study";NA;NA;NA;NA;NA;NA;NA;NA;NA;NA;NA;NA;NA;"208";"other (online survey respondents)";"SC,SS"
"10.1609/hcomp.v7i1.5285";2019;"Proceedings of the AAAI Conference on Human Computation and Crowdsourcing";"Decisions made by human-AI teams (e.g., AI-advised humans) are increasingly common in high-stakes domains such as healthcare, criminal justice, and finance. Achieving high team performance depends on more than just the accuracy of the AI system: Since the human and the AI may have different expertise, the highest team performance is often reached when they both know how and when to complement one another. We focus on a factor that is crucial to supporting such complementary: the human’s mental model of the AI capabilities, specifically the AI system’s error boundary (i.e. knowing “When does the AI err?”). Awareness of this lets the human decide when to accept or override the AI’s recommendation. We highlight two key properties of an AI’s error boundary, parsimony and stochasticity, and a property of the task, dimensionality. We show experimentally how these properties affect humans’ mental models of AI capabilities and the resulting team performance. We connect our evaluations to related work and propose goals, beyond accuracy, that merit consideration during model selection and optimization to improve overall human-AI team performance.";"indirect";"Beyond Accuracy: The Role of Mental Models in Human-AI Team Performance";NA;NA;NA;NA;NA;NA;NA;NA;NA;NA;NA;NA;NA;"NA";"crowdsourcing (AMT)";"FS,SC"
NA;2018;"International Conference on Learning Representations";"We study instancewise feature importance scoring as a method for model interpretation. Any such method yields, for each predicted instance, a vector of importance scores associated with the feature vector. Methods based on the Shapley score have been proposed as a fair way of computing feature attributions of this kind, but incur an exponential complexity in the number of features. This combinatorial explosion arises from the definition of the Shapley value and prevents these methods from being scalable to large data sets and complex models. We focus on settings in which the data have a graph structure, and the contribution of features to the target variable is well-approximated by a graph-structured factorization. In such settings, we develop two algorithms with linear complexity for instancewise feature importance scoring. We establish the relationship of our methods to the Shapley value and another closely related concept known as the Myerson value from cooperative game theory. We demonstrate on both language and image data that our algorithms compare favorably with other methods for model interpretation.";"indirect";"L-Shapley and C-Shapley: Efficient Model Interpretation for Structured Data";NA;NA;NA;NA;NA;NA;NA;NA;NA;NA;NA;NA;NA;"NA";"crowdsourcing (AMT)";"FS,SC"
"10.1609/aaai.v33i01.33013622";2019;"Proceedings of the AAAI Conference on Artificial Intelligence";"Recommender systems have been playing an increasingly important role in our daily life due to the explosive growth of information. Accuracy and explainability are two core aspects when we evaluate a recommendation model and have become one of the fundamental trade-offs in machine learning. In this paper, we propose to alleviate the trade-off between accuracy and explainability by developing an explainable deep model that combines the advantages of deep learning-based models and existing explainable methods. The basic idea is to build an initial network based on an explainable deep hierarchy (e.g., Microsoft Concept Graph) and improve the model accuracy by optimizing key variables in the hierarchy (e.g., node importance and relevance). To ensure accurate rating prediction, we propose an attentive multi-view learning framework. The framework enables us to handle sparse and noisy data by co-regularizing among different feature levels and combining predictions attentively. To mine readable explanations from the hierarchy, we formulate personalized explanation generation as a constrained tree node selection problem and propose a dynamic programming algorithm to solve it. Experimental results show that our model outperforms state-of-the-art methods in terms of both accuracy and explainability.";"indirect";"Explainable Recommendation through Attentive Multi-View Learning";NA;NA;NA;NA;NA;NA;NA;NA;NA;NA;NA;NA;NA;"20";"domain experts (Yelp reviewers)";"SS"
NA;2019;"Proceedings of the 33rd International Conference on Neural Information Processing Systems";"Interpretability has become an important topic of research as more machine learning (ML) models are deployed and widely used to make important decisions. Most of the current explanation methods provide explanations through feature importance scores, which identify features that are important for each individual input. However, how to systematically summarize and interpret such per sample feature importance scores itself is challenging. In this work, we propose principles and desiderata for\emph {concept} based explanation, which goes beyond per-sample features to identify higher level human-understandable concepts that apply across the entire dataset. We develop a new algorithm, ACE, to automatically extract visual concepts. Our systematic experiments demonstrate that\alg discovers concepts that are human-meaningful, coherent and important for the neural network's predictions.";"indirect";"Towards Automatic Concept-based Explanations";NA;NA;NA;NA;NA;NA;NA;NA;NA;NA;NA;NA;NA;"30";"not stated (NA)";"ID"
NA;2019;"Proceedings of the 36th International Conference on Machine Learning";"In this work, we develop a technique to produce counterfactual visual explanations. Given a ‘query’image  for which a vision system predicts class , a counterfactual visual explanation identifies how  could change such that the system would output a different specified class . To do this, we select a ‘distractor’image  that the system predicts as class  and identify spatial regions in  and  such that replacing the identified region in  with the identified region in  would push the system towards classifying  as . We apply our approach to multiple image classification datasets generating qualitative results showcasing the interpretability and discriminativeness of our counterfactual explanations. To explore the effectiveness of our explanations in teaching humans, we present machine teaching experiments for the task of fine-grained bird classification. We find that users trained to distinguish bird species fare better when given access to counterfactual explanations in addition to training examples.";"indirect";"Counterfactual Visual Explanations";"Understanding";"Objective";"Low";TRUE;FALSE;NA;NA;FALSE;FALSE;FALSE;TRUE;FALSE;"up to 2020";"26";"students (NA)";"TA"
"10.1609/hcomp.v7i1.5280";2019;"Proceedings of the AAAI Conference on Human Computation and Crowdsourcing";"Recent years have seen a boom in interest in interpretable machine learning systems built on models that can be understood, at least to some degree, by domain experts. However, exactly what kinds of models are truly human-interpretable remains poorly understood. This work advances our understanding of precisely which factors make models interpretable in the context of decision sets, a specific class of logic-based model. We conduct carefully controlled human-subject experiments in two domains across three tasks based on human-simulatability through which we identify specific types of complexity that affect performance more heavily than others-trends that are consistent across tasks and domains. These results can inform the choice of regularizers during optimization to learn more interpretable models, and their consistency suggests that there may exist common design principles for interpretable machine learning systems.";"direct";"Human Evaluation of Models Built for Interpretability";NA;NA;NA;NA;NA;NA;NA;NA;NA;NA;NA;NA;NA;"900";"crowdsourcing (AMT)";"FS"
"10.18653/v1/P19-1560";2019;"Proceedings of the 57th Annual Meeting of the Association for Computational Linguistics";"Building explainable systems is a critical problem in the field of Natural Language Processing (NLP), since most machine learning models provide no explanations for the predictions. Existing approaches for explainable machine learning systems tend to focus on interpreting the outputs or the connections between inputs and outputs. However, the fine-grained information (e.g. textual explanations for the labels) is often ignored, and the systems do not explicitly generate the human-readable explanations. To solve this problem, we propose a novel generative explanation framework that learns to make classification decisions and generate fine-grained explanations at the same time. More specifically, we introduce the explainable factor and the minimum risk training approach that learn to generate more reasonable explanations. We construct two new datasets that contain summaries, rating scores, and fine-grained reasons. We conduct experiments on both datasets, comparing with several strong neural network baseline systems. Experimental results show that our method surpasses all baselines on both datasets, and is able to generate concise explanations at the same time.";"indirect";"Towards Explainable NLP: A Generative Explanation Framework for Text Classification";NA;NA;NA;NA;NA;NA;NA;NA;NA;NA;NA;NA;NA;"NA";"crowdsourcing (AMT)";"SC"
"10.1145/3331184.3331306";2019;"Proceedings of the 42nd International ACM SIGIR Conference on Research and Development in Information Retrieval";"We examine the interpretability of search results in current web search engines through a lab user study. Particularly, we evaluate search result summary as an interpretable technique that informs users why the system retrieves a result and to which extent the result is useful. We collected judgments about 1,252 search results from 40 users in 160 sessions. Experimental results indicate that the interpretability of a search result summary is a salient factor influencing users' click decisions. Users are less likely to click on a result link if they do not understand why it was retrieved (low transparency) or cannot assess if the result would be useful based on the summary (low assessability). Our findings suggest it is crucial to improve the interpretability of search result summaries and develop better techniques to explain retrieved results to search engine users.";"indirect";"Understanding the Interpretability of Search Result Summaries";NA;NA;NA;NA;NA;NA;NA;NA;NA;NA;NA;NA;NA;"40";"students (NA),administrative staff (NA)";"SS"
"10.1145/3292500.3330908";2019;"Proceedings of the 25th ACM SIGKDD International Conference on Knowledge Discovery & Data Mining";"One of the major challenges in machine learning nowadays is to provide predictions with not only high accuracy but also user-friendly explanations. Although in recent years we have witnessed increasingly popular use of deep neural networks for sequence modeling, it is still challenging to explain the rationales behind the model outputs, which is essential for building trust and supporting the domain experts to validate, critique and refine the model. We propose ProSeNet, an interpretable and steerable deep sequence model with natural explanations derived from case-based reasoning. The prediction is obtained by comparing the inputs to a few prototypes, which are exemplar cases in the problem domain. For better interpretability, we define several criteria for constructing the prototypes, including simplicity, diversity, and sparsity and propose the learning objective and the optimization procedure. ProSeNet also provides a user-friendly approach to model steering: domain experts without any knowledge on the underlying model or parameters can easily incorporate their intuition and experience by manually refining the prototypes. We conduct experiments on a wide range of real-world applications, including predictive diagnostics for automobiles, ECG, and protein sequence classification and sentiment analysis on texts. The result shows that ProSeNet can achieve accuracy on par with state-of-the-art deep learning models. We also evaluate the interpretability of the results with concrete case studies. Finally, through user study on Amazon Mechanical Turk (MTurk), we demonstrate that the model selects high-quality prototypes which align well with human knowledge and can be interactively refined for better interpretability without loss of performance.";"indirect";"Interpretable and Steerable Sequence Learning via Prototypes";NA;NA;NA;NA;NA;NA;NA;NA;NA;NA;NA;NA;NA;"80";"crowdsourcing (AMT)";"FS"
"10.18653/v1/P19-1487";2019;"Proceedings of the 57th Annual Meeting of the Association for Computational Linguistics";"Deep learning models perform poorly on tasks that require commonsense reasoning, which often necessitates some form of world-knowledge or reasoning over information not immediately present in the input. We collect human explanations for commonsense reasoning in the form of natural language sequences and highlighted annotations in a new dataset called Common Sense Explanations (CoS-E). We use CoS-E to train language models to automatically generate explanations that can be used during training and inference in a novel Commonsense Auto-Generated Explanation (CAGE) framework. CAGE improves the state-of-the-art by 10% on the challenging CommonsenseQA task. We further study commonsense reasoning in DNNs using both human and auto-generated explanations including transfer to out-of-domain tasks. Empirical results indicate that we can effectively leverage language models for commonsense reasoning.";"indirect";"Explain Yourself! Leveraging Language Models for Commonsense Reasoning";NA;NA;NA;NA;NA;NA;NA;NA;NA;NA;NA;NA;NA;"NA";"crowdsourcing (AMT)";"FS"
"10.1109/ICCV.2019.00268";2019;"Proceedings of the IEEE/CVF international conference on computer vision";"Many vision and language models suffer from poor visual grounding -- often falling back on easy-to-learn language priors rather than basing their decisions on visual concepts in the image. In this work, we propose a generic approach called Human Importance-aware Network Tuning (HINT) that effectively leverages human demonstrations to improve visual grounding. HINT encourages deep networks to be sensitive to the same input regions as humans. Our approach optimizes the alignment between human attention maps and gradient-based network importances -- ensuring that models learn not just to look at but rather rely on visual concepts that humans found relevant for a task when making predictions. We apply HINT to Visual Question Answering and Image Captioning tasks, outperforming top approaches on splits that penalize over-reliance on language priors (VQA-CP and robust captioning) using human attention demonstrations for just 6% of the training data.";"indirect";"Taking a HINT: Leveraging Explanations to Make Vision and Language Models More Grounded";"Understanding";"Objective and Subjective";"No";TRUE;FALSE;FALSE;FALSE;FALSE;FALSE;NA;NA;FALSE;"up to 2020";"42";"crowdsourcing (AMT)";"SS"
"10.1145/3292500.3330935";2019;"Proceedings of the 25th ACM SIGKDD international conference on knowledge discovery & data mining";"In recent years, to mitigate the problem of fake news, computational detection of fake news has been studied, producing some promising early results. While important, however, we argue that a critical missing piece of the study be the explainability of such detection, i.e., why a particular piece of news is detected as fake. In this paper, therefore, we study the explainable detection of fake news. We develop a sentence-comment co-attention sub-network to exploit both news contents and user comments to jointly capture explainable top-k check-worthy sentences and user comments for fake news detection. We conduct extensive experiments on real-world datasets and demonstrate that the proposed method not only significantly outperforms 7 state-of-the-art fake news detection methods by at least 5.33% in F1-score, but also (concurrently) identifies top-k user comments that explain why a news piece is fake, better than baselines by 28.2% in NDCG and 30.7% in Precision.";"indirect";"dEFEND";NA;NA;NA;NA;NA;NA;NA;NA;NA;NA;NA;NA;NA;"150";"crowdsourcing (AMT)";"SC,SS"
NA;2019;"International Conference on Learning Representations (ICLR)";"Deep neural networks (DNNs) have achieved impressive predictive performance due to their ability to learn complex, non-linear relationships between variables. However, the inability to effectively visualize these relationships has led to DNNs being characterized as black boxes and consequently limited their applications. To ameliorate this problem, we introduce the use of hierarchical interpretations to explain DNN predictions through our proposed method, agglomerative contextual decomposition (ACD). Given a prediction from a trained DNN, ACD produces a hierarchical clustering of the input features, along with the contribution of each cluster to the final prediction. This hierarchy is optimized to identify clusters of features that the DNN learned are predictive. Using examples from Stanford Sentiment Treebank and ImageNet, we show that ACD is effective at diagnosing incorrect predictions and identifying dataset bias. Through human experiments, we demonstrate that ACD enables users both to identify the more accurate of two DNNs and to better trust a DNN's outputs. We also find that ACD's hierarchy is largely robust to adversarial perturbations, implying that it captures fundamental aspects of the input and ignores spurious noise.";"indirect";"HIERARCHICAL INTERPRETATIONS FOR NEURAL NET- WORK PREDICTIONS";NA;NA;NA;NA;NA;NA;NA;NA;NA;NA;NA;NA;NA;"11";"students (NA)";"SC,SS"
"10.18653/v1/P19-1488";2019;"Proceedings of the 57th Annual Meeting of the Association for Computational Linguistics";"Interpretability of machine learning (ML) models becomes more relevant with their increasing adoption. In this work, we address the interpretability of ML based question answering (QA) models on a combination of knowledge bases (KB) and text documents. We adapt post hoc explanation methods such as LIME and input perturbation (IP) and compare them with the self-explanatory attention mechanism of the model. For this purpose, we propose an automatic evaluation paradigm for explanation methods in the context of QA. We also conduct a study with human annotators to evaluate whether explanations help them identify better QA models. Our results suggest that IP provides better explanations than LIME or attention, according to both automatic and human evaluation. We obtain the same ranking of methods in both experiments, which supports the validity of our automatic evaluation paradigm.";"indirect";"Interpretable Question Answering on Knowledge Bases and Text";NA;NA;NA;NA;NA;NA;NA;NA;NA;NA;NA;NA;NA;"25";"students (NA),researchers (NA),other (IT professionals)";"SC"
"10.1145/3331184.3331244";2019;"Proceedings of the 42nd international ACM SIGIR conference on research and development in information retrieval";"Latent factor models have achieved great success in personalized recommendations, but they are also notoriously difficult to explain. In this work, we integrate regression trees to guide the learning of latent factor models for recommendation, and use the learnt tree structure to explain the resulting latent factors. Specifically, we build regression trees on users and items respectively with user-generated reviews, and associate a latent profile to each node on the trees to represent users and items. With the growth of regression tree, the latent factors are gradually refined under the regularization imposed by the tree structure. As a result, we are able to track the creation of latent profiles by looking into the path of each factor on regression trees, which thus serves as an explanation for the resulting recommendations. Extensive experiments on two large collections of Amazon and Yelp reviews demonstrate the advantage of our model over several competitive baseline algorithms. Besides, our extensive user study also confirms the practical value of explainable recommendations generated by our model.";"indirect";"The FacT";"Understanding";"Subjective";"No";FALSE;FALSE;FALSE;FALSE;TRUE;FALSE;FALSE;FALSE;FALSE;"up to 2020";"NA";"crowdsourcing (AMT)";"SS,SC"
NA;2019;"Proceedings of the 33rd International Conference on Neural Information Processing Systems";"A new approach to explainable AI, denoted {\it deliberative explanations,\/} is proposed. Deliberative explanations are a visualization technique that aims to go beyond the simple visualization of the image regions (or, more generally, input variables) responsible for a network prediction. Instead, they aim to expose the deliberations carried by the network to arrive at that prediction, by uncovering the insecurities of the network about the latter. The explanation consists of a list of insecurities, each composed of 1) an image region (more generally, a set of input variables), and 2) an ambiguity formed by the pair of classes responsible for the network uncertainty about the region. Since insecurity detection requires quantifying the difficulty of network predictions, deliberative explanations combine ideas from the literatures on visual explanations and assessment of classification difficulty. More specifically, the proposed implementation combines attributions with respect to both class predictions and a difficulty score. An evaluation protocol that leverages object recognition (CUB200) and scene classification (ADE20K) datasets that combine part and attribute annotations is also introduced to evaluate the accuracy of deliberative explanations. Finally, an experimental evaluation shows that the most accurate explanations are achieved by combining non self-referential difficulty scores and second-order attributions. The resulting insecurities are shown to correlate with regions of attributes that are shared by different classes. Since these regions are also ambiguous for humans, deliberative explanations are intuitive, suggesting that the deliberative process of modern networks correlates with human reasoning.";"indirect";"Deliberative Explanations: visualizing network insecurities";"Understanding";"Objective";"Low";FALSE;FALSE;FALSE;FALSE;FALSE;FALSE;NA;NA;FALSE;"up to 2020";"NA";"crowdsourcing (AMT)";"FS"
"10.1145/3308532.3329441";2019;"Proceedings of the 19th ACM International Conference on Intelligent Virtual Agents";"While the research area of artificial intelligence benefited from increasingly sophisticated machine learning techniques in recent years, the resulting systems suffer from a loss of transparency and comprehensibility. This development led to an on-going resurgence of the research area of explainable artificial intelligence (XAI) which aims to reduce the opaqueness of those black-box-models. However, much of the current XAI-Research is focused on machine learning practitioners and engineers while omitting the specific needs of end-users. In this paper, we examine the impact of virtual agents within the field of XAI on the perceived trustworthiness of autonomous intelligent systems. To assess the practicality of this concept, we conducted a user study based on a simple speech recognition task. As a result of this experiment, we found significant evidence suggesting that the integration of virtual agents into XAI interaction design leads to an increase of trust in the autonomous intelligent system.";"direct";"\"Do you trust me?\"";NA;NA;NA;NA;NA;NA;NA;NA;NA;NA;NA;NA;NA;"30";"not stated (NA)";"SS,SC"
"10.1007/978-3-030-29726-8_7";2019;"Machine Learning and Knowledge Extraction: Third IFIP TC 5, TC 12, WG 8.4, WG 8.9, WG 12.9 International Cross-Domain Conference, CD-MAKE 2019, Canterbury, UK, August 26–29, 2019, Proceedings";"Trustworthy Machine Learning (ML) is one of significant challenges of “black-box” ML for its wide impact on practical applications. This paper investigates the effects of presentation of influence of training data points on machine learning predictions to boost user trust. A framework of fact-checking for boosting user trust is proposed in a predictive decision making scenario to allow users to interactively check the training data points with different influences on the prediction by using parallel coordinates based visualization. This work also investigates the feasibility of physiological signals such as Galvanic Skin Response (GSR) and Blood Volume Pulse (BVP) as indicators for user trust in predictive decision making. A user study found that the presentation of influences of training data points significantly increases the user trust in predictions, but only for training data points with higher influence values under the high model performance condition, where users can justify their actions with more similar facts to the testing data point. The physiological signal analysis showed that GSR and BVP features correlate to user trust under different influence and model performance conditions. These findings suggest that physiological indicators can be integrated into the user interface of AI applications to automatically communicate user trust variations in predictive decision making.";"indirect";"Physiological Indicators for User Trust in Machine Learning with Influence Enhanced Fact-Checking";NA;NA;NA;NA;NA;NA;NA;NA;NA;NA;NA;NA;NA;"22";"students (NA),researchers (NA)";"SS"
"10.1145/3290607.3312962";2019;"CHI EA '19: Extended Abstracts of the 2019 CHI Conference on Human Factors in Computing Systems";"This paper introduces fact-checking into Machine Learning (ML) explanation by referring training data points as facts to users to boost user trust. We aim to investigate what influence of training data points, and how they affect user trust in order to enhance ML explanation and boost user trust. We tackle this question by allowing users check the training data points that have the higher influence and the lower influence on the prediction. A user study found that the presentation of influences significantly increases the user trust in predictions, but only for training data points with higher influence values under the high model performance condition, where users can justify their actions with more similar facts.";"indirect";"Effects of Influence on User Trust in Predictive Decision Making";NA;NA;NA;NA;NA;NA;NA;NA;NA;NA;NA;NA;NA;"22";"students (NA),researchers (NA)";"SS"
NA;2020;"NIPS '20: Proceedings of the 34th International Conference on Neural Information Processing Systems";"We investigate whether post-hoc model explanations are effective for diagnosing model errors–model debugging. In response to the challenge of explaining a model's prediction, a vast array of explanation methods have been proposed. Despite increasing use, it is unclear if they are effective. To start, we categorize bugs, based on their source, into: data, model, and test-time contamination bugs. For several explanation methods, we assess their ability to: detect spurious correlation artifacts (data contamination), diagnose mislabeled training examples (data contamination), differentiate between a (partially) re-initialized model and a trained one (model contamination), and detect out-of-distribution inputs (test-time contamination). We find that the methods tested are able to diagnose a spurious background bug, but not conclusively identify mislabeled training examples. In addition, a class of methods, that modify the back-propagation algorithm are invariant to the higher layer parameters of a deep network; hence, ineffective for diagnosing model contamination. We complement our analysis with a human subject study, and find that subjects fail to identify defective models using attributions, but instead rely, primarily, on model predictions. Taken together, our results provide guidance for practitioners and researchers turning to explanations as tools for model debugging.";"indirect";"Debugging Tests for Model Explanations";"Understanding";"Subjective";"Low";FALSE;FALSE;NA;NA;TRUE;FALSE;FALSE;FALSE;TRUE;"top 4";"54";"students (NA),researchers (NA),administrative staff (NA)";"SS,SAR"
"10.1609/aaai.v34i03.5643";2020;"Proceedings of the AAAI Conference on Artificial Intelligence";"We present CoCoX (short for Conceptual and Counterfactual Explanations), a model for explaining decisions made by a deep convolutional neural network (CNN). In Cognitive Psychology, the factors (or semantic-level features) that humans zoom in on when they imagine an alternative to a model prediction are often referred to as fault-lines. Motivated by this, our CoCoX model explains decisions made by a CNN using fault-lines. Specifically, given an input image I for which a CNN classification model M predicts class cpred, our fault-line based explanation identifies the minimal semantic-level features (e.g., stripes on zebra, pointed ears of dog), referred to as explainable concepts, that need to be added to or deleted from I in order to alter the classification category of I by M to another specified class calt. We argue that, due to the conceptual and counterfactual nature of fault-lines, our CoCoX explanations are practical and more natural for both expert and non-expert users to understand the internal workings of complex deep learning models. Extensive quantitative and qualitative experiments verify our hypotheses, showing that CoCoX significantly outperforms the state-of-the-art explainable AI models. Our implementation is available at https://github.com/arjunakula/CoCoX";"indirect";"CoCoX: Generating Conceptual and Counterfactual Explanations via Fault-Lines";"Understanding";"Objective and Subjective";"No";TRUE;FALSE;NA;NA;FALSE;FALSE;TRUE;TRUE;FALSE;"top 4";"80";"AI experts (NA),other (no computer vision experience)";"SS"
"10.18653/v1/2020.acl-main.656";2020;"Proceedings of the 58th Annual Meeting of the Association for Computational Linguistics";"Most existing work on automated fact checking is concerned with predicting the veracity of claims based on metadata, social network spread, language used in claims, and, more recently, evidence supporting or denying claims. A crucial piece of the puzzle that is still missing is to understand how to automate the most elaborate part of the process – generating justifications for verdicts on claims. This paper provides the first study of how these explanations can be generated automatically based on available claim context, and how this task can be modelled jointly with veracity prediction. Our results indicate that optimising both objectives at the same time, rather than training them separately, improves the performance of a fact checking system. The results of a manual evaluation further suggest that the informativeness, coverage and overall quality of the generated explanations are also improved in the multi-task model.";"indirect";"Generating Fact Checking Explanations";NA;NA;NA;NA;NA;NA;NA;NA;NA;NA;NA;NA;NA;"3";"not stated (NA)";"SC"
"10.18653/v1/2020.acl-main.494";2020;"Proceedings of the 58th Annual Meeting of the Association for Computational Linguistics";"Generating explanations for neural networks has become crucial for their applications in real-world with respect to reliability and trustworthiness. In natural language processing, existing methods usually provide important features which are words or phrases selected from an input text as an explanation, but ignore the interactions between them. It poses challenges for humans to interpret an explanation and connect it to model prediction. In this work, we build hierarchical explanations by detecting feature interactions. Such explanations visualize how words and phrases are combined at different levels of the hierarchy, which can help users understand the decision-making of black-box models. The proposed method is evaluated with three neural text classifiers (LSTM, CNN, and BERT) on two benchmark datasets, via both automatic and human evaluations. Experiments show the effectiveness of the proposed method in providing explanations that are both faithful to models and interpretable to humans.";"indirect";"Generating Hierarchical Explanations on Text Classification via Feature Interaction Detection";NA;NA;NA;NA;NA;NA;NA;NA;NA;NA;NA;NA;NA;"9";"crowdsourcing (AMT)";"FS"
"10.24963/ijcai.2020/414";2020;"Proceedings of the Twenty-Ninth International Joint Conference on Artificial Intelligence (IJCAI-20)";"Recent studies have shown that both accuracy and explainability are important for recommendation. In this paper, we introduce explainable conversational recommendation, which enables incremental improvement of both recommendation accuracy and explanation quality through multi-turn usermodel conversation. We show how the problem can be formulated, and design an incremental multitask learning framework that enables tight collaboration between recommendation prediction, explanation generation, and user feedback integration. We also propose a multi-view feedback integration method to enable effective incremental model update. Empirical results demonstrate that our model not only consistently improves the recommendation accuracy but also generates explanations that fit user interests reflected in the feedbacks.";"indirect";"Towards Explainable Conversational Recommendation";NA;NA;NA;NA;NA;NA;NA;NA;NA;NA;NA;NA;NA;"3";"not stated (NA)";"SS,SC"
"10.18653/v1/2020.acl-main.491";2020;"Proceedings of the 58th Annual Meeting of the Association for Computational Linguistics";"Algorithmic approaches to interpreting machine learning models have proliferated in recent years. We carry out human subject tests that are the first of their kind to isolate the effect of algorithmic explanations on a key aspect of model interpretability, simulatability, while avoiding important confounding experimental factors. A model is simulatable when a person can predict its behavior on new inputs. Through two kinds of simulation tests involving text and tabular data, we evaluate five explanations methods: (1) LIME, (2) Anchor, (3) Decision Boundary, (4) a Prototype model, and (5) a Composite approach that combines explanations from each method. Clear evidence of method effectiveness is found in very few cases: LIME improves simulatability in tabular classification, and our Prototype method is effective in counterfactual simulation tests. We also collect subjective ratings of explanations, but we do not find that ratings are predictive of how helpful explanations are. Our results provide the first reliable and comprehensive estimates of how explanations influence simulatability across a variety of explanation methods and data domains. We show that (1) we need to be careful about the metrics we use to evaluate explanation methods, and (2) there is significant room for improvement in current methods.";"direct";"Evaluating Explainable AI: Which Algorithmic Explanations Help Users Predict Model Behavior?";NA;NA;NA;NA;NA;NA;NA;NA;NA;NA;NA;NA;NA;"32";"students (NA)";"FS,SS,SC"
"10.24963/ijcai.2020/321";2020;"Proceedings of the Twenty-Ninth International Joint Conference on Artificial Intelligence (IJCAI-20)";"This paper describes methods for comparative evaluation of the interpretability of models of high dimensional time series data inferred by unsupervised machine learning algorithms. The time series data used in this investigation were logs from an immersive simulation like those commonly used in education and healthcare training. The structures learnt by the models provide representations of participants' activities in the simulation which are intended to be meaningful to people's interpretation. To choose the model that induces the best representation, we designed two interpretability tests, each of which evaluates the extent to which a model’s output aligns with people’s expectations or intuitions of what has occurred in the simulation. We compared the performance of the models on these interpretability tests to their performance on statistical information criteria. We show that the models that optimize interpretability quality differ from those that optimize (statistical) information theoretic criteria. Furthermore, we found that a model using a fully Bayesian approach performed well on both the statistical and human-interpretability measures. The Bayesian approach is a good candidate for fully automated model selection, i.e., when direct empirical investigations of interpretability are costly or infeasible.";"indirect";"Interpretable Models for Understanding Immersive Simulations";NA;NA;NA;NA;NA;NA;NA;NA;NA;NA;NA;NA;NA;"240";"crowdsourcing (AMT),students (NA)";"FS"
NA;2020;"NIPS '20: Proceedings of the 34th International Conference on Neural Information Processing Systems";"Explaining the inner workings of deep neural network models have received considerable attention in recent years. Researchers have attempted to provide human parseable explanations justifying why a model performed a specific classification. Although many of these toolkits are available for use, it is unclear which style of explanation is preferred by end-users, thereby demanding investigation. We performed a cross-analysis Amazon Mechanical Turk study comparing the popular state-of-the-art explanation methods to empirically determine which are better in explaining model decisions. The participants were asked to compare explanation methods across applications spanning image, text, audio, and sensory domains. Among the surveyed methods, explanation-by-example was preferred in all domains except text sentiment classification, where LIME's method of annotating input text was preferred. We highlight qualitative aspects of employing the studied explainability methods and conclude with implications for researchers and engineers that seek to incorporate explanations into user-facing deployments.";"indirect";"How Can I Explain This to You? An Empirical Study of Deep Neural Network Explanation Methods";"Understanding";"Subjective";"No";FALSE;FALSE;FALSE;TRUE;FALSE;FALSE;TRUE;FALSE;TRUE;"top 4";"455";"crowdsourcing (AMT)";"SS"
"10.24963/ijcai.2020/336";2020;"Proceedings of the Twenty-Ninth International Joint Conference on Artificial Intelligence (IJCAI-20)";"Explanations help users make sense of recommendations, increasing the likelihood of adoption. Existing approaches to explainable recommendations tend to rely on rigidly standardized templates, only allowing fill-in-the-blank aspect-level sentiments. For more flexible, literate, and varied explanations that cover various aspects of interest, we propose to synthesize an explanation by selecting snippets from reviews to optimize representativeness and coherence. To fit the target user's aspect preferences, we contextualize the opinions based on a compatible explainable recommendation model. Experiments on datasets of varying product categories showcase the efficacies of our method as compared to baselines based on templates, review summarization, selection, and text generation.";"indirect";"Synthesizing Aspect-Driven Recommendation Explanations from Reviews";NA;NA;NA;NA;NA;NA;NA;NA;NA;NA;NA;NA;NA;"5";"not stated (NA)";"SS,SC"
"10.1145/3394486.3403071";2020;"Proceedings of the 26th ACM SIGKDD International Conference on Knowledge Discovery \& Data Mining";"Model interpretation is essential in data mining and knowledge discovery. It can help understand the intrinsic model working mechanism and check if the model has undesired characteristics. A popular way of performing model interpretation is Instance-wise Feature Selection (IFS), which provides an importance score of each feature representing the data samples to explain how the model generates the specific output. In this paper, we propose a Model-agnostic Effective Efficient Direct (MEED) IFS framework for model interpretation, mitigating concerns about sanity, combinatorial shortcuts, model identifiability, and information transmission. Also, we focus on the following setting: using selected features to directly predict the output of the given model, which serves as a primary evaluation metric for model-interpretation methods. Apart from the features, we involve the output of the given model as an additional input to learn an explainer based on more accurate information. To learn the explainer, besides fidelity, we propose an Adversarial Infidelity Learning (AIL) mechanism to boost the explanation learning by screening relatively unimportant features. Through theoretical and experimental analysis, we show that our AIL mechanism can help learn the desired conditional distribution between selected features and targets. Moreover, we extend our framework by integrating efficient interpretation methods as proper priors to provide a warm start. Comprehensive empirical evaluation results are provided by quantitative metrics and human evaluation to demonstrate the effectiveness and superiority of our proposed method. Our code is publicly available online at https://github.com/langlrsw/MEED.";"indirect";"Adversarial Infidelity Learning for Model Interpretation";NA;NA;NA;NA;NA;NA;NA;NA;NA;NA;NA;NA;NA;"20";"domain experts (Tencent employees)";"FS,SC"
"10.1609/aaai.v34i03.5631";2020;"Proceedings of the AAAI Conference on Artificial Intelligence";"Prominent theories in cognitive science propose that humans understand and represent the knowledge of the world through causal relationships. In making sense of the world, we build causal models in our mind to encode cause-effect relations of events and use these to explain why new events happen by referring to counterfactuals — things that did not happen. In this paper, we use causal models to derive causal explanations of the behaviour of model-free reinforcement learning agents. We present an approach that learns a structural causal model during reinforcement learning and encodes causal relationships between variables of interest. This model is then used to generate explanations of behaviour based on counterfactual analysis of the causal model. We computationally evaluate the model in 6 domains and measure performance and task prediction accuracy. We report on a study with 120 participants who observe agents playing a real-time strategy game (Starcraft II) and then receive explanations of the agents' behaviour. We investigate: 1) participants' understanding gained by explanations through task prediction; 2) explanation satisfaction and 3) trust. Our results show that causal model explanations perform better on these measures compared to two other baseline explanation models.";"indirect";"Explainable Reinforcement Learning through a Causal Lens";"Understanding";"Objective and Subjective";"Med";TRUE;FALSE;FALSE;FALSE;FALSE;FALSE;TRUE;FALSE;FALSE;"top 4";"120";"crowdsourcing (AMT)";"FS,SS"
"10.18653/v1/2020.acl-main.387";2020;"Proceedings of the 58th Annual Meeting of the Association for Computational Linguistics";"Recent studies on interpretability of attention distributions have led to notions of faithful and plausible explanations for a model’s predictions. Attention distributions can be considered a faithful explanation if a higher attention weight implies a greater impact on the model’s prediction. They can be considered a plausible explanation if they provide a human-understandable justification for the model’s predictions. In this work, we first explain why current attention mechanisms in LSTM based encoders can neither provide a faithful nor a plausible explanation of the model’s predictions. We observe that in LSTM based encoders the hidden representations at different time-steps are very similar to each other (high conicity) and attention weights in these situations do not carry much meaning because even a random permutation of the attention weights does not affect the model’s predictions. Based on experiments on a wide variety of tasks and datasets, we observe attention distributions often attribute the model’s predictions to unimportant words such as punctuation and fail to offer a plausible explanation for the predictions. To make attention mechanisms more faithful and plausible, we propose a modified LSTM cell with a diversity-driven training objective that ensures that the hidden representations learned at different time steps are diverse. We show that the resulting attention distributions offer more transparency as they (i) provide a more precise importance ranking of the hidden states (ii) are better indicative of words important for the model’s predictions (iii) correlate better with gradient-based attribution methods. Human evaluations indicate that the attention distributions learned by our model offer a plausible explanation of the model’s predictions. Our code has been made publicly available at https://github.com/akashkm99/Interpretable-Attention";"indirect";"Towards Transparent and Explainable Attention Models";NA;NA;NA;NA;NA;NA;NA;NA;NA;NA;NA;NA;NA;"15";"students (NA)";"SS,SC"
"10.18653/v1/2020.acl-main.432";2020;"Proceedings of the 58th Annual Meeting of the Association for Computational Linguistics";"Attention mechanisms are ubiquitous components in neural architectures applied to natural language processing. In addition to yielding gains in predictive accuracy, attention weights are often claimed to confer interpretability, purportedly useful both for providing insights to practitioners and for explaining why a model makes its decisions to stakeholders. We call the latter use of attention mechanisms into question by demonstrating a simple method for training models to produce deceptive attention masks. Our method diminishes the total weight assigned to designated impermissible tokens, even when the models can be shown to nevertheless rely on these features to drive predictions. Across multiple models and tasks, our approach manipulates attention weights while paying surprisingly little cost in accuracy. Through a human study, we show that our manipulated attention-based explanations deceive people into thinking that predictions from a model biased against gender minorities do not rely on the gender. Consequently, our results cast doubt on attention’s reliability as a tool for auditing algorithms in the context of fairness and accountability.";"indirect";"Learning to Deceive with Attention-Based Explanations";NA;NA;NA;NA;NA;NA;NA;NA;NA;NA;NA;NA;NA;"3";"students (NA)";"SS,SC,SAR"
NA;2020;"International Conference on Learning Representations";"As deep reinforcement learning (RL) is applied to more tasks, there is a need to visualize and understand the behavior of learned agents. Saliency maps explain agent behavior by highlighting the features of the input state that are most relevant for the agent in taking an action. Existing perturbation-based approaches to compute saliency often highlight regions of the input that are not relevant to the action taken by the agent. Our approach generates more focused saliency maps by balancing two aspects (specificity and relevance) that capture different desiderata of saliency. The first captures the impact of perturbation on the relative expected reward of the action to be explained. The second downweights irrelevant features that alter the relative expected rewards of actions other than the action to be explained. We compare our approach with existing approaches on agents trained to play board games (Chess and Go) and Atari games (Breakout, Pong and Space Invaders). We show through illustrative examples (Chess, Atari, Go), human studies (Chess), and automated evaluation methods (Chess) that our approach generates saliency maps that are more interpretable for humans than existing approaches.";"indirect";"EXPLAIN YOUR MOVE:UNDERSTANDING AGENT ACTIONS USING SPECIFIC AND RELEVANT FEATURE ATTRIBUTION";"Understanding";"Objective";"Med";TRUE;FALSE;NA;NA;FALSE;FALSE;NA;NA;TRUE;"top 4";"40";"domain experts (chess players)";"FS,SS"
"10.1145/3397271.3401279";2020;"SIGIR '20: Proceedings of the 43rd International ACM SIGIR Conference on Research and Development in Information Retrieval";"Search engines often provide only limited explanation on why results are ranked in a particular order. This lack of transparency prevents users from understanding results and can potentially give rise to biased or unfair systems. Opaque search engines may also hurt user trust in the presented ranking. This paper presents an investigation of system quality when different degrees of explanation are provided on search engine result pages. Our user study demonstrates that the inclusion of even simplistic explanations leads to better transparency, increased user trust and better search efficiency.";"indirect";"Search Result Explanations Improve Efficiency and Trust";NA;NA;NA;NA;NA;NA;NA;NA;NA;NA;NA;NA;NA;"150";"crowdsourcing (AMT)";"SS"
NA;2020;"NIPS '20: Proceedings of the 34th International Conference on Neural Information Processing Systems";"As predictive models are increasingly being deployed in high-stakes decision-making, there has been a lot of interest in developing algorithms which can provide recourses to affected individuals. While developing such tools is important, it is even more critical to analyse and interpret a predictive model, and vet it thoroughly to ensure that the recourses it offers are meaningful and non-discriminatory before it is deployed in the real world. To this end, we propose a novel model agnostic framework called Actionable Recourse Summaries (AReS) to construct global counterfactual explanations which provide an interpretable and accurate summary of recourses for the entire population. We formulate a novel objective which simultaneously optimizes for correctness of the recourses and interpretability of the explanations, while minimizing overall recourse costs across the entire population. More specifically, our objective enables us to learn, with optimality guarantees on recourse correctness, a small number of compact rule sets each of which capture recourses for well defined subpopulations within the data. We also demonstrate theoretically that several of the prior approaches proposed to generate recourses for individuals are special cases of our framework. Experimental evaluation with real world datasets and user studies demonstrate that our framework can provide decision makers with a comprehensive overview of recourses corresponding to any black box model, and consequently help detect undesirable model biases and discrimination.";"indirect";"Beyond Individualized Recourse: Interpretable and Interactive Summaries of Actionable Recourses";"Understanding";"Subjective";"No";TRUE;FALSE;NA;NA;FALSE;FALSE;FALSE;FALSE;FALSE;"top 4";"36";"not stated (NA)";"SAR,SS,SC"
"10.1109/ICCV.2017.74";2020;"International Journal of Computer Vision, Volume 128, Issue 2";"We propose a technique for producing `visual explanations' for decisions from a large class of Convolutional Neural Network (CNN)-based models, making them more transparent. Our approach - Gradient-weighted Class Activation Mapping (Grad-CAM), uses the gradients of any target concept (say logits for `dog' or even a caption), flowing into the final convolutional layer to produce a coarse localization map highlighting the important regions in the image for predicting the concept. Unlike previous approaches, Grad- CAM is applicable to a wide variety of CNN model-families: (1) CNNs with fully-connected layers (e.g. VGG), (2) CNNs used for structured outputs (e.g. captioning), (3) CNNs used in tasks with multi-modal inputs (e.g. visual question answering) or reinforcement learning, without architectural changes or re-training. We combine Grad-CAM with existing fine-grained visualizations to create a high-resolution class-discriminative visualization, Guided Grad-CAM, and apply it to image classification, image captioning, and visual question answering (VQA) models, including ResNet-based architectures. In the context of image classification models, our visualizations (a) lend insights into failure modes of these models (showing that seemingly unreasonable predictions have reasonable explanations), (b) outperform previous methods on the ILSVRC-15 weakly-supervised localization task, (c) are more faithful to the underlying model, and (d) help achieve model generalization by identifying dataset bias. For image captioning and VQA, our visualizations show even non-attention based models can localize inputs. Finally, we design and conduct human studies to measure if Grad-CAM explanations help users establish appropriate trust in predictions from deep networks and show that Grad-CAM helps untrained users successfully discern a `stronger' deep network from a `weaker' one even when both make identical predictions. Our code is available at https: //github.com/ramprs/grad-cam/ along with a demo on CloudCV [2] and video at youtu.be/COjUB9Izk6E.";"indirect";"Grad-CAM: Visual Explanations from Deep Networks via Gradient-Based Localization";NA;NA;NA;NA;NA;NA;NA;NA;NA;NA;NA;NA;NA;"54";"crowdsourcing (AMT)";"FS,SS,SC"
NA;2020;"ICML '20: Proceedings of the 37th International Conference on Machine Learning";"Deep generative models are commonly used for generating images and text. Interpretability of these models is one important pursuit, other than the generation quality. Variational auto-encoder (VAE) with Gaussian distribution as prior has been successfully applied in text generation, but it is hard to interpret the meaning of the latent variable. To enhance the controllability and interpretability, one can replace the Gaussian prior with a mixture of Gaussian distributions (GM-VAE), whose mixture components could be related to hidden semantic aspects of data. In this paper, we generalize the practice and introduce DEM-VAE, a class of models for text generation using VAEs with a mixture distribution of exponential family. Unfortunately, a standard variational training algorithm fails due to the mode-collapse problem. We theoretically identify the root cause of the problem and propose an effective algorithm to train DEM-VAE. Our method penalizes the training with an extra dispersion term to induce a well-structured latent space. Experimental results show that our approach does obtain a meaningful space, and it outperforms strong baselines in text generation benchmarks. The code is available at this https URL.";"indirect";"Dispersed Exponential Family Mixture VAEs for Interpretable Text Generation";"Understanding";"Subjective";"No";TRUE;FALSE;NA;NA;FALSE;FALSE;FALSE;FALSE;FALSE;"top 4";"5";"not stated (NA)";"SS"
NA;2020;"International Conference on Learning Representations (ICLR)";"As machine learning methods see greater adoption and implementation in high stakes applications such as medical image diagnosis, the need for model interpretability and explanation has become more critical. Classical approaches that assess feature importance (eg saliency maps) do not explain how and why a particular region of an image is relevant to the prediction. We propose a method that explains the outcome of a classification black-box by gradually exaggerating the semantic effect of a given class. Given a query input to a classifier, our method produces a progressive set of plausible variations of that query, which gradually change the posterior probability from its original class to its negation. These counter-factually generated samples preserve features unrelated to the classification decision, such that a user can employ our method as a ``tuning knob'' to traverse a data manifold while crossing the decision boundary. Our method is model agnostic and only requires the output value and gradient of the predictor with respect to its input.";"indirect";"EXPLANATION BY PROGRESSIVE EXAGGERATION";"Understanding";"Objective";"No";FALSE;FALSE;FALSE;FALSE;TRUE;FALSE;NA;FALSE;FALSE;"top 4 , up to 2020";"NA";"crowdsourcing (AMT)";"SAR,PH"
NA;2020;"ICML '20: Proceedings of the 37th International Conference on Machine Learning";"The latent spaces of GAN models often have semantically meaningful directions. Moving in these directions corresponds to human-interpretable image transformations, such as zooming or recoloring, enabling a more controllable generation process. However, the discovery of such directions is currently performed in a supervised manner, requiring human labels, pretrained models, or some form of self-supervision. These requirements severely restrict a range of directions existing approaches can discover. In this paper, we introduce an unsupervised method to identify interpretable directions in the latent space of a pretrained GAN model. By a simple model-agnostic procedure, we find directions corresponding to sensible semantic manipulations without any form of (self-)supervision. Furthermore, we reveal several non-trivial findings, which would be difficult to obtain by existing methods, e.g., a direction corresponding to background removal. As an immediate practical benefit of our work, we show how to exploit this finding to achieve competitive performance for weakly-supervised saliency detection.";"indirect";"Unsupervised Discovery of Interpretable Directions in the GAN Latent Space";"Understanding";"Subjective";"No";FALSE;FALSE;NA;NA;FALSE;FALSE;FALSE;FALSE;FALSE;"top 4";"11";"AI experts (NA)";"PH,SS"
NA;2020;"NIPS '20: Proceedings of the 34th International Conference on Neural Information Processing Systems";"In Graph Neural Networks (GNNs), the graph structure is incorporated into the learning of node representations. This complex structure makes explaining GNNs' predictions become much more challenging. In this paper, we propose PGM-Explainer, a Probabilistic Graphical Model (PGM) model-agnostic explainer for GNNs. Given a prediction to be explained, PGM-Explainer identifies crucial graph components and generates an explanation in form of a PGM approximating that prediction. Different from existing explainers for GNNs where the explanations are drawn from a set of linear functions of explained features, PGM-Explainer is able to demonstrate the dependencies of explained features in form of conditional probabilities. Our theoretical analysis shows that the PGM generated by PGM-Explainer includes the Markov-blanket of the target prediction, i.e. including all its statistical information. We also show that the explanation returned by PGM-Explainer contains the same set of independence statements in the perfect map. Our experiments on both synthetic and real-world datasets show that PGM-Explainer achieves better performance than existing explainers in many benchmark tasks.";"indirect";"PGM-Explainer: Probabilistic Graphical Model Explanations for Graph Neural Networks";"Understanding";"Subjective";"No";FALSE;FALSE;NA;NA;FALSE;FALSE;FALSE;FALSE;FALSE;"top 4 , up to 2020";"10";"not stated (NA)";"SS"
NA;2020;"NIPS '20: Proceedings of the 34th International Conference on Neural Information Processing Systems";"Recently generating natural language explanations has shown very promising results in not only offering interpretable explanations but also providing additional information and supervision for prediction. However, existing approaches usually require a large set of human annotated explanations for training while collecting a large set of explanations is not only time consuming but also expensive. In this paper, we develop a general framework for interpretable natural language understanding that requires only a small set of human annotated explanations for training. Our framework treats natural language explanations as latent variables that model the underlying reasoning process of a neural model. We develop a variational EM framework for optimization where an explanation generation module and an explanation-augmented prediction module are alternatively optimized and mutually enhance each other. Moreover, we further propose an explanation-based self-training method under this framework for semi-supervised learning. It alternates between assigning pseudo-labels to unlabeled data and generating new explanations to iteratively improve each other. Experiments on two natural language understanding tasks demonstrate that our framework can not only make effective predictions in both supervised and semi-supervised settings, but also generate good natural language explanations.";"indirect";"Towards Interpretable Natural Language Understanding with Explanations as Latent Variables";"Understanding";"Subjective";"No";FALSE;FALSE;NA;NA;FALSE;FALSE;NA;NA;FALSE;"top 4";"5";"students (NA)";"SS"
NA;2021;"International Conference on Learning Representations (ICLR)";"Feature based explanations, that provide importance of each feature towards the model prediction, is arguably one of the most intuitive ways to explain a model. In this paper, we establish a novel set of evaluation criteria for such feature based explanations by robustness analysis. In contrast to existing evaluations which require us to specify some way to remove features that could inevitably introduces biases and artifacts, we make use of the subtler notion of smaller adversarial perturbations. By optimizing towards our proposed evaluation criteria, we obtain new explanations that are loosely necessary and sufficient for a prediction. We further extend the explanation to extract the set of features that would move the current prediction to a target class by adopting targeted adversarial attack for the robustness analysis. Through experiments across multiple domains and a user study, we validate the usefulness of our evaluation criteria and our derived explanations.";"indirect";"EVALUATIONS AND METHODS FOR EXPLANATION THROUGH ROBUSTNESS ANALYSIS";"Understanding";"Subjective";"No";FALSE;FALSE;NA;NA;FALSE;FALSE;NA;NA;FALSE;"top 4";"30";"other (IT professionals)";"SC"
"10.18653/v1/2022.blackboxnlp-1.14";2022;"Proceedings of the Fifth BlackboxNLP Workshop on Analyzing and Interpreting Neural Networks for NLP";"Models able to generate free-text rationales that explain their output have been proposed as an important step towards interpretable NLP for reasoning tasks such as natural language inference and commonsense question answering. However, the relative merits of different architectures and types of rationales are not well understood and hard to measure. In this paper, we contribute two insights to this line of research: First, we find that models trained on gold explanations learn to rely on these but, in the case of the more challenging question answering data set we use, fail when given generated explanations at test time. However, additional fine-tuning on generated explanations teaches the model to distinguish between reliable and unreliable information in explanations. Second, we compare explanations by a generation-only model to those generated by a self-rationalizing model and find that, while the former score higher in terms of validity, factual correctness, and similarity to gold explanations, they are not more useful for downstream classification. We observe that the self-rationalizing model is prone to hallucination, which is punished by most metrics but may add useful context for the classification step.";"indirect";"Human Ratings Do Not Reflect Downstream Utility: A Study of Free-Text Explanations for Model Predictions";NA;NA;NA;NA;NA;NA;NA;NA;NA;NA;NA;NA;NA;"3";"other (first three authors)";"SS,SC"
"10.1145/3313831.3376615";2020;"CHI '20: Proceedings of the 2020 CHI Conference on Human Factors in Computing Systems";"Interpretable machine learning models trade -off accuracy for simplicity to make explanations more readable and easier to comprehend. Drawing from cognitive psychology theories in graph comprehension, we formalize readability as visual cognitive chunks to measure and moderate the cognitive load in explanation visualizations. We present Cognitive-GAM (COGAM) to generate explanations with desired cognitive load and accuracy by combining the expressive nonlinear generalized additive models (GAM) with simpler sparse linear models. We calibrated visual cognitive chunks with reading time in a user study, characterized the trade-off between cognitive load and accuracy for four datasets in simulation studies, and evaluated COGAM against baselines with users. We found that COGAM can decrease cognitive load without decreasing accuracy and/or increase accuracy without increasing cognitive load. Our framework and empirical measurement instruments for cognitive load will enable more rigorous assessment of the human interpretability of explainable AI.";"direct";"COGAM: Measuring and Moderating Cognitive Load in Machine Learning Model Explanations";NA;NA;NA;NA;NA;NA;NA;NA;NA;NA;NA;NA;NA;"1858";"crowdsourcing (AMT)";"SS"
"10.1109/FUZZ-IEEE55066.2022.9882743";2022;"2022 IEEE International Conference on Fuzzy Systems (FUZZ-IEEE)";"Artificial Intelligence (AI) has gained notable momentum, culminating in the rise of intelligent machines that deliver unprecedented levels of performance in many application sectors across the field.In recent years, the sophistication of these systems has increased to an extent where almost no human intervention is required for their deployment.A crucial feature for the practical deployment of AI-powered systems in critical decision-making processes is the ability to understand how these systems derive their decisions.Accordingly, the AI community is confronted with the barrier of explaining the reasoning behind machine-made decisions.Paradigms underlying this problem fall within the field of eXplainable AI (XAI).Research in this field has introduced various methods to shed light into black box models such as deep neural networks.While local explanation methods explain the reasoning behind an output for a single decision, global explanations aim to describe the general behaviour of a model, i.e. for all decisions.This paper investigates users' perceptions of local and global explanations generated with popular XAI methods -LIME, SHAP, and PDP -by conducting a survey to find which of the explanations are preferred by different users.Meanwhile, two hypotheses are tested: first, explanations increase users' trust in a system, and second, AI novices prefer local over global explanations.The results show that explanations from PDP achieved the best user evaluation among the considered XAI methods.";"direct";"Comparing User Perception of Explanations Developed with XAI Methods";NA;NA;NA;NA;NA;NA;NA;NA;NA;NA;NA;NA;NA;"60";"students (NA),other (personal contacts),other (academic teachers)";"SS,SC"
"10.1109/TVCG.2019.2934262";2019;"IEEE Transactions on Visualization and Computer Graphics";"Data-driven decision making related to individuals has become increasingly pervasive, but the issue concerning the potential discrimination has been raised by recent studies. In response, researchers have made efforts to propose and implement fairness measures and algorithms, but those efforts have not been translated to the real-world practice of data-driven decision making. As such, there is still an urgent need to create a viable tool to facilitate fair decision making. We propose FairSight, a visual analytic system to address this need; it is designed to achieve different notions of fairness in ranking decisions through identifying the required actions - understanding, measuring, diagnosing and mitigating biases - that together lead to fairer decision making. Through a case study and user study, we demonstrate that the proposed visual analytic and diagnostic modules in the system are effective in understanding the fairness-aware decision pipeline and obtaining more fair outcomes.";"indirect";"FairSight: Visual Analytics for Fairness in Decision Making";NA;NA;NA;NA;NA;NA;NA;NA;NA;NA;NA;NA;NA;"20";"students (NA)";"FS,SS,SC"
"10.1145/3484509";2022;"ACM Transactions on Interactive Intelligent Systems";"With the rise of AI and data mining techniques, group profiling and group-level analysis have been increasingly used in many domains, including policy making and direct marketing. In some cases, the statistics extracted from data may provide insights to a group’s shared characteristics; in others, the group-level analysis can lead to problems, including stereotyping and systematic oppression. How can analytic tools facilitate a more conscientious process in group analysis? In this work, we identify a set of accountable group analytics design guidelines to explicate the needs for group differentiation and preventing overgeneralization of a group. Following the design guidelines, we develop TribalGram , a visual analytic suite that leverages interpretable machine learning algorithms and visualization to offer inference assessment, model explanation, data corroboration, and sense-making. Through the interviews with domain experts, we showcase how our design and tools can bring a richer understanding of “groups” mined from the data.";"direct";"Tribe or Not? Critical Inspection of Group Differences Using TribalGram";NA;NA;NA;NA;NA;NA;NA;NA;NA;NA;NA;NA;NA;"3";"domain experts (social media)";"SS"
"10.1109/HCCAI49649.2020.00010";2020;"2020 IEEE International Conference on Humanized Computing and Communication with Artificial Intelligence (HCCAI)";"Explainability is one of the key elements for building trust in AI systems. Among numerous attempts to make AI explainable, quantifying the effect of explanations remains a challenge in conducting human-AI collaborative tasks. Aside from the ability to predict the overall behavior of AI, in many applications, users need to understand an AI agent's competency in different aspects of the task domain. In this paper, we evaluate the impact of explanations on the user's mental model of AI agent competency within the task of visual question answering (VQA). We quantify users' understanding of competency, based on the correlation between the actual system performance and user rankings. We introduce an explainable VQA system that uses spatial and object features and is powered by the BERT language model. Each group of users sees only one kind of explanation to rank the competencies of the VQA model. The proposed model is evaluated through between-subject experiments to probe explanations' impact on the user's perception of competency. The comparison between two VQA models shows BERT based explanations and the use of object features improve the user's prediction of the model's competencies.";"indirect";"The Impact of Explanations on AI Competency Prediction in VQA";NA;NA;NA;NA;NA;NA;NA;NA;NA;NA;NA;NA;NA;"40";"not stated (NA)";"SS"
"10.3233/978-1-60750-754-3-11";2011;"SCAI '11 Proceedings of the 11th Scandinavian Conference on Artificial Intelligence (AI)";"This paper reviews methods for evaluating and analyzing the understandability of classification models in the context of data mining. The motivation for this study is the fact that the majority of ...";"indirect";"User-oriented Assessment of Classification Model Understandability";NA;NA;NA;NA;NA;NA;NA;NA;NA;NA;NA;NA;NA;"100";"students (NA)";"SS,SC"
"10.1145/3377325.3377519";2020;"IUI '20: Proceedings of the 25th International Conference on Intelligent User Interfaces";"Convolutional neural networks (CNNs) offer great machine learning performance over a range of applications, but their operation is hard to interpret, even for experts. Various explanation algorithms have been proposed to address this issue, yet limited research effort has been reported concerning their user evaluation. In this paper, we report on an online between-group user study designed to evaluate the performance of saliency maps - a popular explanation algorithm for image classification applications of CNNs. Our results indicate that saliency maps produced by the LRP algorithm helped participants to learn about some specific image features the system is sensitive to. However, the maps seem to provide very limited help for participants to anticipate the network's output for new images. Drawing on our findings, we highlight implications for design and further research on explainable AL In particular, we argue the HCI and AI communities should look beyond instance-level explanations.";"direct";"Evaluating saliency map explanations for convolutional neural networks";NA;NA;NA;NA;NA;NA;NA;NA;NA;NA;NA;NA;NA;"64";"crowdsourcing (Prolific)";"FS,SS"
NA;2021;"IJCAI-PRICAI Workshop On Explainable Artificial Intelligence (XAI), 2020";"This paper contributes to the ongoing work in XAI by exploring explainable goal recognition (GR) from a human-centered perspective. We described a human-centred study that informs a data-driven approach to understanding how people explain goal recognition tasks, with the future aim to build an explanatory model for GR. In our study, the participants attempt to infer an agent’s goal given some observed behavior, and then provide explanations (why, why not, or both) for those inferred goals. Using thematic analysis process, we identified 11 codes from within 864 explanations of agents performing optimally, suboptimally, or irrationally in a Sokoban game variant. Interpreted with the existing theory of behavior explanation, we built a preliminary model for goal recognition explanations.";"indirect";"Human Centered Explanation for Goal Recognition";NA;NA;NA;NA;NA;NA;NA;NA;NA;NA;NA;NA;NA;"36";"crowdsourcing (AMT)";"SS,FS"
"10.1609/aaai.v35i8.16819";2021;"Proceedings of the AAAI Conference on Artificial Intelligence";"Explainable AI provides insights to users into the why for model predictions, offering potential for users to better understand and trust a model, and to recognize and correct AI predictions that are incorrect. Prior research on human and explainable AI interactions has focused on measures such as interpretability, trust, and usability of the explanation. There are mixed findings whether explainable AI can improve actual human decision-making and the ability to identify the problems with the underlying model. Using real datasets, we compare objective human decision accuracy without AI (control), with an AI prediction (no explanation), and AI prediction with explanation. We find providing any kind of AI prediction tends to improve user decision accuracy, but no conclusive evidence that explainable AI has a meaningful impact. Moreover, we observed the strongest predictor for human decision accuracy was AI accuracy and that users were somewhat able to detect when the AI was correct vs. incorrect, but this was not significantly affected by including an explanation. Our results indicate that, at least in some situations, the why information provided in explainable AI may not enhance user decision-making, and further research may be needed to understand how to integrate explainable AI into real systems.";"indirect";"Does Explainable Artificial Intelligence Improve Human Decision-Making?";"Understanding";"Objective and Subjective";"No";TRUE;FALSE;FALSE;FALSE;FALSE;FALSE;FALSE;FALSE;TRUE;"top 4";"300";"crowdsourcing (AMT)";"FS,SS"
"10.1609/aaai.v38i19.30082";2024;"Proceedings of the AAAI Conference on Artificial Intelligence";"Most existing evaluations of explainable machine learning (ML) methods rely on simplifying assumptions or proxies that do not reflect real-world use cases; the handful of more robust evaluations on real-world settings have shortcomings in their design, generally leading to overestimation of methods' real-world utility. In this work, we seek to address this by conducting a study that evaluates post-hoc explainable ML methods in a setting consistent with the application context and provide a template for future evaluation studies. We modify and improve a prior study on e-commerce fraud detection by relaxing the original work's simplifying assumptions that departed from the deployment context. Our study finds no evidence for the utility of the tested explainable ML methods in the context, which is a drastically different conclusion from the earlier work. This highlights how seemingly trivial experimental design choices can yield misleading conclusions about method utility. In addition, our work carries lessons about the necessity of not only evaluating explainable ML methods using tasks, data, users, and metrics grounded in the intended application context but also developing methods tailored to specific applications, moving beyond general-purpose explainable ML methods.";"top 4";"On the Importance of Application-Grounded Experimental Design for Evaluating Explainable ML Methods";"Desiderata";"Objective and Subjective";"High";TRUE;TRUE;NA;NA;FALSE;FALSE;FALSE;FALSE;TRUE;"top 4";"3";"domain experts (fraud analysts)";"FS,SS,SC"
"10.1145/3290605.3300233";2019;"CHI '19: Proceedings of the 2019 CHI Conference on Human Factors in Computing Systems";"Advances in artificial intelligence (AI) frame opportunities and challenges for user interface design. Principles for human-AI interaction have been discussed in the human-computer interaction community for over two decades, but more study and innovation are needed in light of advances in AI and the growing uses of AI technologies in human-facing applications. We propose 18 generally applicable design guidelines for human-AI interaction. These guidelines are validated through multiple rounds of evaluation including a user study with 49 design practitioners who tested the guidelines against 20 popular AI-infused products. The results verify the relevance of the guidelines over a spectrum of interaction scenarios and reveal gaps in our knowledge, highlighting opportunities for further research. Based on the evaluations, we believe the set of design guidelines can serve as a resource to practitioners working on the design of applications and features that harness AI technologies, and to researchers interested in the further development of human-AI interaction design principles.";"indirect";"Guidelines for Human-AI Interaction";NA;NA;NA;NA;NA;NA;NA;NA;NA;NA;NA;NA;NA;"49";"domain experts (designers)";"SS"
NA;2018;"AAMAS '18: Proceedings of the 17th International Conference on Autonomous Agents and MultiAgent Systems";"People increasingly interact with autonomous agents. This paper introduces and formalizes the problem of automatically generating a summary of an agent's behavior with the goal of increasing people's familiarity with the agent's capabilities and limitations. In contrast with prior approaches which developed methods for explaining a single decision made by an agent, our approach aims to provide users with a summary that describes the agent's behavior in different situations. We hypothesize that reviewing such summaries could help people in tasks such as choosing between agents or determining the level of autonomy to grant to an agent. We develop HIGHLIGHTS'', an algorithm that produces a summary of an agent's behavior by extracting important trajectories from simulations of the agent. We conducted a human-subject experiment to evaluate whether HIGHLIGHTS summaries help people assess the capabilities of agents. Our results show that participants were more successful at evaluating the capabilities of agents when presented with HIGHLIGHTS summaries compared to baseline summaries, and rated them as more helpful. We also explore a variant of the HIGHLIGHTS algorithm which aims to increase the diversity of states included in the summary, and show that this modification further improves people's ability to assess agents' capabilities.";"direct";"HIGHLIGHTS: Summarizing Agent Behavior to People";NA;NA;NA;NA;NA;NA;NA;NA;NA;NA;NA;NA;NA;"48";"crowdsourcing (AMT)";"SS,SC"
"10.1145/3411764.3445736";2021;"CHI '21: Proceedings of the 2021 CHI Conference on Human Factors in Computing Systems";"Training datasets fundamentally impact the performance of machine learning (ML) systems. Any biases introduced during training (implicit or explicit) are often reflected in the system's behaviors leading to questions about fairness and loss of trust in the system. Yet, information on training data is rarely communicated to stakeholders. In this work, we explore the concept of data-centric explanations for ML systems that describe the training data to end-users. Through a formative study, we investigate the potential utility of such an approach, including the information about training data that participants find most compelling. In a second study, we investigate reactions to our explanations across four different system scenarios. Our results suggest that data-centric explanations have the potential to impact how users judge the trustworthiness of a system and to assist users in assessing fairness. We discuss the implications of our findings for designing explanations to support users' perceptions of ML systems.";"indirect";"Data-Centric Explanations: Explaining Training Data of Machine Learning Systems to Promote Transparency";NA;NA;NA;NA;NA;NA;NA;NA;NA;NA;NA;NA;NA;"30";"other (online),other (snowball sampling)";"SS"
"10.1371/journal.pone.0291443";2023;"PLoS ONE";"Machine learning tools are increasingly used to improve the quality of care and the soundness of a treatment plan. Explainable AI (XAI) helps users in understanding the inner mechanisms of opaque machine learning models and is a driver of trust and adoption. Explanation methods for black-box models exist, but there is a lack of user studies on the interpretability of the provided explanations. We used a Think Aloud Protocol (TAP) to explore oncologists' assessment of a lung cancer relapse prediction system with the aim of refining the purpose-built explanation model for better credibility and utility. Novel to this context, TAP is used as a neutral methodology to elicit experts' thought processes and judgements of the AI system, without explicit prompts. TAP aims to elicit the factors which influenced clinicians' perception of credibility and usefulness of the system. Ten oncologists took part in the study. We conducted a thematic analysis of their verbalized responses, generating five themes that help us to understand the context within which oncologists' may (or may not) integrate an explainable AI system into their working day.";"direct";"Examining explainable clinical decision support systems with think aloud protocols";NA;NA;NA;NA;NA;NA;NA;NA;NA;NA;NA;NA;NA;"10";"domain experts (medical)";"SS"
"10.1016/j.imavis.2021.104310";2021;"Image and Vision Computing";"With the increased use of machine learning in decision-making scenarios, there has been a growing interest in explaining and understanding the outcomes of machine learning models. Despite this growing interest, existing works on interpretability and explanations have been mostly intended for expert users. Explanations for general users have been neglected in many usable and practical applications (e.g., image tagging, caption generation). It is important for non-technical users to understand features and how they affect an instance-specific prediction to satisfy the need for justification. In this paper, we propose a model-agnostic method for generating context-based explanations aiming for general users. We implement partial masking on segmented components to identify the contextual importance of each segment in scene classification tasks. We then generate explanations based on feature importance. We present visual and text-based explanations: (i) saliency map presents the pertinent components with a descriptive textual justification, (ii) visual map with a color bar graph showing the relative importance of each feature for a prediction. Evaluating the explanations using a user study (N = 50), we observed that our proposed explanation method visually outperformed existing gradient and occlusion based methods. Hence, our proposed explanation method could be deployed to explain models' decisions to non-expert users in real-world applications.";"direct";"Context-based image explanations for deep neural networks";NA;NA;NA;NA;NA;NA;NA;NA;NA;NA;NA;NA;NA;"50";"crowdsourcing (Prolific)";"SS,SC"
"10.1145/1085777.1085780";2005;"MobileHCI '05: Proceedings of the 7th international conference on Human computer interaction with mobile devices & services";"For automatic or context-aware systems a major issue is user trust, which is to a large extent determined by system reliability. For systems based on sensor input which are inherently uncertain or even uncomplete there is little hope that they will ever be perfectly reliable. In this paper we test the hypothesis if explicitly displaying the current confidence of the system increases the usability of such systems. For the example of a context-aware mobile phone, the experiments show that displaying confidence information increases the user's trust in the system.";"indirect";"Towards improving trust in context-aware systems by displaying system confidence";NA;NA;NA;NA;NA;NA;NA;NA;NA;NA;NA;NA;NA;"12";"students (NA)";"SS,SC"
"10.3390/jpm12030435";2022;"Journal of Personalized Medicine";"Amyotrophic Lateral Sclerosis (ALS), also known as Motor Neuron Disease (MND), is a rare and fatal neurodegenerative disease. As ALS is currently incurable, the aim of the treatment is mainly to alleviate symptoms and improve quality of life (QoL). We designed a prototype Clinical Decision Support System (CDSS) to alert clinicians when a person with ALS is experiencing low QoL in order to inform and personalise the support they receive. Explainability is important for the success of a CDSS and its acceptance by healthcare professionals. The aim of this work isto announce our prototype (C-ALS), supported by a first short evaluation of its explainability. Given the lack of similar studies and systems, this work is a valid proof-of-concept that will lead to future work. We developed a CDSS that was evaluated by members of the team of healthcare professionals that provide care to people with ALS in the ALS/MND Multidisciplinary Clinic in Dublin, Ireland. We conducted a user study where participants were asked to review the CDSS and complete a short survey with a focus on explainability. Healthcare professionals demonstrated some uncertainty in understanding the system's output. Based on their feedback, we altered the explanation provided in the updated version of our CDSS. C-ALS provides local explanations of its predictions in a post-hoc manner, using SHAP (SHapley Additive exPlanations). The CDSS predicts the risk of low QoL in the form of a probability, a bar plot shows the feature importance for the specific prediction, along with some verbal guidelines on how to interpret the results. Additionally, we provide the option of a global explanation of the system's function in the form of a bar plot showing the average importance of each feature. C-ALS is available online for academic use.";"direct";"A Clinical Decision Support System for the Prediction of Quality of Life in ALS";NA;NA;NA;NA;NA;NA;NA;NA;NA;NA;NA;NA;NA;"8";"domain experts (medical)";"SS"
"10.17863/CAM.69929";2021;"ICLR 2021: Ninth International Conference on Learning Representations";"Both uncertainty estimation and interpretability are important factors for trustworthy machine learning systems. However, there is little work at the intersection of these two areas. We address this gap by proposing a novel method for interpreting uncertainty estimates from differentiable probabilistic models, like Bayesian Neural Networks (BNNs). Our method, Counterfactual Latent Uncertainty Explanations (CLUE), indicates how to change an input, while keeping it on the data manifold, such that a BNN becomes more confident about the input's prediction. We validate CLUE through 1) a novel framework for evaluating counterfactual explanations of uncertainty, 2) a series of ablation experiments, and 3) a user study. Our experiments show that CLUE outperforms baselines and enables practitioners to better understand which input patterns are responsible for predictive uncertainty.";"indirect";"Getting a CLUE: A Method for Explaining Uncertainty Estimates";"Understanding";"Objective";"No";TRUE;TRUE;NA;NA;FALSE;FALSE;TRUE;TRUE;FALSE;"top 4";"10";"students (NA)";"FS"
"10.1145/3377325.3377514";2020;"IUI '20: Proceedings of the 25th International Conference on Intelligent User Interfaces";"We introduce Parallel Embeddings, a new technique that generalizes the classical Parallel Coordinates visualization technique to sequences of learned representations. This visualization technique is designed for concept-oriented model comparison tasks, allowing data scientists to understand qualitative differences in how models interpret input data. We compare user performance with our tool against Tensor Board Embedding Projector for understanding model accuracy and qualitative model differences. With our tool, users were more accurate and learned strategies for the tasks more quickly. Furthermore, users' analytical process in the comparison condition was positively influenced by using our tool beforehand.";"indirect";"Parallel embeddings";NA;NA;NA;NA;NA;NA;NA;NA;NA;NA;NA;NA;NA;"NA";"students (NA)";"FS,SC,PH"
"10.1609/aaai.v36i5.20464";2022;"Proceedings of the AAAI Conference on Artificial Intelligence";"In attempts to explain predictions of machine learning models, researchers have proposed hundreds of techniques for attributing predictions to features that are deemed important. While these attributions are often claimed to hold the potential to improve human understanding of the models, surprisingly little work explicitly evaluates progress towards this aspiration. In this paper, we conduct a crowdsourcing study, where participants interact with deception detection models that have been trained to distinguish between genuine and fake hotel reviews. They are challenged both to simulate the model on fresh reviews, and to edit reviews with the goal of lowering the probability of the originally predicted class. Successful manipulations would lead to an adversarial example. During the training (but not the test) phase, input spans are highlighted to communicate salience. Through our evaluation, we observe that for a linear bag-of-words model, participants with access to the feature coefficients during training are able to cause a larger reduction in model confidence in the testing phase when compared to the no-explanation control. For the BERT-based classifier, popular local explanations do not improve their ability to reduce the model confidence over the no-explanation case. Remarkably, when the explanation for the BERT model is given by the (global) attributions of a linear model trained to imitate the BERT model, people can effectively manipulate the model.";"indirect";"Explain, Edit, and Understand: Rethinking User Study Design for Evaluating Model Explanations";"Understanding";"Objective";"No";TRUE;FALSE;TRUE;TRUE;FALSE;FALSE;TRUE;FALSE;FALSE;"top 4";"173";"crowdsourcing (AMT)";"FS,SC"
"10.1145/3517224";2022;"Proceedings of the ACM on Interactive Mobile Wearable and Ubiquitous Technologies";"The sensor-based recognition of Activities of Daily Living (ADLs) in smart-home environments is an active research area, with relevant applications in healthcare and ambient assisted living. The application of Explainable Artificial Intelligence (XAI) to ADLs recognition has the potential of making this process trusted, transparent and understandable. The few works that investigated this problem considered only interpretable machine learning models. In this work, we propose DeXAR, a novel methodology to transform sensor data into semantic images to take advantage of XAI methods based on Convolutional Neural Networks (CNN). We apply different XAI approaches for deep learning and, from the resulting heat maps, we generate explanations in natural language. In order to identify the most effective XAI method, we performed extensive experiments on two different datasets, with both a common-knowledge and a user-based evaluation. The results of a user study show that the white-box XAI method based on prototypes is the most effective.";"direct";"DeXAR";NA;NA;NA;NA;NA;NA;NA;NA;NA;NA;NA;NA;NA;"84";"students (NA),researchers (NA),administrative staff (NA),other (personal contacts),other (social media)";"SC"
"10.1145/3491102.3517474";2022;"CHI '22: Proceedings of the 2022 CHI Conference on Human Factors in Computing Systems";"Deep learning models for image classification suffer from dangerous issues often discovered after deployment. The process of identifying bugs that cause these issues remains limited and understudied. Especially, explainability methods are often presented as obvious tools for bug identification. Yet, the current practice lacks an understanding of what kind of explanations can best support the different steps of the bug identification process, and how practitioners could interact with those explanations. Through a formative study and an iterative co-creation process, we build an interactive design probe providing various potentially relevant explainability functionalities, integrated into interfaces that allow for flexible workflows. Using the probe, we perform 18 user-studies with a diverse set of machine learning practitioners. Two-thirds of the practitioners engage in successful bug identification. They use multiple types of explanations, e.g. visual and textual ones, through non-standardized sequences of interactions including queries and exploration. Our results highlight the need for interactive, guiding, interfaces with diverse explanations, shedding light on future research directions.";"indirect";"How can Explainability Methods be Used to Support Bug Identification in Computer Vision Models?";NA;NA;NA;NA;NA;NA;NA;NA;NA;NA;NA;NA;NA;"18";"other (personal contacts),other (online),other (snowball sampling)";"SC"
"10.1609/aaai.v35i13.17358";2021;"Proceedings of the AAAI Conference on Artificial Intelligence";"Interpretable machine learning has gained much attention recently. Briefness and comprehensiveness are necessary in order to provide a large amount of information concisely when explaining a black-box decision system. However, existing interpretable machine learning methods fail to consider briefness and comprehensiveness simultaneously, leading to redundant explanations. We propose the variational information bottleneck for interpretation, VIBI, a system-agnostic interpretable method that provides a brief but comprehensive explanation. VIBI adopts an information theoretic principle, information bottleneck principle, as a criterion for finding such explanations. For each instance, VIBI selects key features that are maximally compressed about an input (briefness), and informative about a decision made by a black-box system on that input (comprehensive). We evaluate VIBI on three datasets and compare with state-of-the-art interpretable machine learning methods in terms of both interpretability and fidelity evaluated by human and quantitative metrics.";"indirect";"Explaining A Black-box By Using A Deep Variational Information Bottleneck Approach";"Understanding";"Objective";"No";FALSE;FALSE;FALSE;FALSE;FALSE;FALSE;FALSE;FALSE;FALSE;"top 4";"NA";"students (NA)";"FS"
"10.1007/s10618-023-00924-w";2023;"Data Mining and Knowledge Discovery";"Abstract The growing need for in-depth analysis of predictive models leads to a series of new methods for explaining their local and global properties. Which of these methods is the best? It turns out that this is an ill-posed question. One cannot sufficiently explain a black-box machine learning model using a single method that gives only one perspective. Isolated explanations are prone to misunderstanding, leading to wrong or simplistic reasoning. This problem is known as the Rashomon effect and refers to diverse, even contradictory, interpretations of the same phenomenon. Surprisingly, most methods developed for explainable and responsible machine learning focus on a single-aspect of the model behavior. In contrast, we showcase the problem of explainability as an interactive and sequential analysis of a model. This paper proposes how different Explanatory Model Analysis (EMA) methods complement each other and discusses why it is essential to juxtapose them. The introduced process of Interactive EMA (IEMA) derives from the algorithmic side of explainable machine learning and aims to embrace ideas developed in cognitive sciences. We formalize the grammar of IEMA to describe human-model interaction. It is implemented in a widely used human-centered open-source software framework that adopts interactivity, customizability and automation as its main traits. We conduct a user study to evaluate the usefulness of IEMA, which indicates that an interactive sequential analysis of a model may increase the accuracy and confidence of human decision making.";"direct";"The grammar of interactive explanatory model analysis";"Understanding";"Subjective";"Low";FALSE;FALSE;NA;NA;TRUE;FALSE;FALSE;FALSE;FALSE;"2021 and after";"46";"students (NA),AI experts (NA)";"FS,SC"
"10.1145/3411764.3445717";2021;"CHI '21: Proceedings of the 2021 CHI Conference on Human Factors in Computing Systems";"Many researchers motivate explainable AI with studies showing that human-AI team performance on decision-making tasks improves when the AI explains its recommendations. However, prior studies observed improvements from explanations only when the AI, alone, outperformed both the human and the best team. Can explanations help lead to complementary performance, where team accuracy is higher than either the human or the AI working solo? We conduct mixed-method user studies on three datasets, where an AI with accuracy comparable to humans helps participants solve a task (explaining itself in some conditions). While we observed complementary improvements from AI augmentation, they were not increased by explanations. Rather, explanations increased the chance that humans will accept the AI’s recommendation, regardless of its correctness. Our result poses new challenges for human-centered AI: Can we develop explanatory approaches that encourage appropriate trust in AI, and therefore help generate (or improve) complementary performance?";"direct";"Does the Whole Exceed its Parts? The Effect of AI Explanations on Complementary Team Performance";NA;NA;NA;NA;NA;NA;NA;NA;NA;NA;NA;NA;NA;"566";"crowdsourcing (AMT)";"FS,SC"
"10.1609/aaai.v33i01.33012429";2019;"Proceedings of the AAAI Conference on Artificial Intelligence";"AI systems are being deployed to support human decision making in high-stakes domains such as healthcare and criminal justice. In many cases, the human and AI form a team, in which the human makes decisions after reviewing the AI’s inferences. A successful partnership requires that the human develops insights into the performance of the AI system, including its failures. We study the influence of updates to an AI system in this setting. While updates can increase the AI’s predictive performance, they may also lead to behavioral changes that are at odds with the user’s prior experiences and confidence in the AI’s inferences. We show that updates that increase AI performance may actually hurt team performance. We introduce the notion of the compatibility of an AI update with prior user experience and present methods for studying the role of compatibility in human-AI teams. Empirical results on three high-stakes classification tasks show that current machine learning algorithms do not produce compatible updates. We propose a re-training objective to improve the compatibility of an update by penalizing new errors. The objective offers full leverage of the performance/compatibility tradeoff across different datasets, enabling more compatible yet accurate updates.";"indirect";"Updates in Human-AI Teams: Understanding and Addressing the Performance/Compatibility Tradeoff";"Understanding";"Objective";"No";FALSE;FALSE;FALSE;TRUE;FALSE;FALSE;NA;FALSE;FALSE;"up to 2020";"NA";"crowdsourcing (AMT)";"FS,SS"
"10.1109/TKDE.2022.3200644";2022;"IEEE Transactions on Knowledge and Data Engineering";"State-of-the-art entity matching (EM) methods are hard to interpret, and there is significant value in bringing explainable AI to EM. Unfortunately, most popular explainability methods do not work well out of the box for EM and need adaptation. In this paper, we identify three challenges of applying local post hoc feature attribution methods to entity matching: cross-record interaction effects, non-match explanations, and variation in sensitivity. We propose our novel model-agnostic and schema-flexible method LEMON that addresses all three challenges by (i) producing dual explanations to avoid cross-record interaction effects, (ii) introducing the novel concept of attribution potential to explain how two records could have matched, and (iii) automatically choosing explanation granularity to match the sensitivity of the matcher and record pair in question. Experiments on public datasets demonstrate that the proposed method is more faithful to the matcher and does a better job of helping users understand the decision boundary of the matcher than previous work. Furthermore, user studies show that the rate at which human subjects can construct counterfactual examples after seeing an explanation from our proposed method increases from 54&#x0025; to 64&#x0025; for matches and from 15&#x0025; to 49&#x0025; for non-matches compared to explanations from a standard adaptation of LIME.";"direct";"LEMON: Explainable Entity Matching";NA;NA;NA;NA;NA;NA;NA;NA;NA;NA;NA;NA;NA;"100";"crowdsourcing (Prolific)";"FS"
NA;2019;"IUI '19: Proceedings of Workshop on Intelligent User Interfaces for Algorithmic Transparency in Emerging Technologies at the 24th ACM Conference on Intelligent User Interfaces";NA;"indirect";"Making Educational Recommendations Transparent through a Fine-Grained Open Learner Model";NA;NA;NA;NA;NA;NA;NA;NA;NA;NA;NA;NA;NA;"105";"domain experts (students)";"SS"
"10.1287/isre.2023.1199";2023;"Information Systems Research";"Although future regulations increasingly advocate that AI applications must be interpretable by users, we know little about how such explainability can affect human information processing. By conducting two experimental studies, we help to fill this gap. We show that explanations pave the way for AI systems to reshape users' understanding of the world around them. Specifically, state-of-the-art explainability methods evoke mental model adjustments that are subject to confirmation bias, allowing misconceptions and mental errors to persist and even accumulate. Moreover, mental model adjustments create spillover effects that alter users' behavior in related but distinct domains where they do not have access to an AI system. These spillover effects of mental model adjustments risk manipulating user behavior, promoting discriminatory biases, and biasing decision making. The reported findings serve as a warning that the indiscriminate use of modern explainability methods as an isolated measure to address AI systems' black-box problems can lead to unintended, unforeseen problems because it creates a new channel through which AI systems can influence human behavior in various domains.";"direct";"Expl(AI)ned: The Impact of Explainable Artificial Intelligence on Users’ Information Processing";NA;NA;NA;NA;NA;NA;NA;NA;NA;NA;NA;NA;NA;"607,153";"crowdsourcing (Prolific),domain experts (real estate)";"SS,SC"
"10.1007/978-3-030-20055-8_4";2019;"Advances in intelligent systems and computing";"Machine learning algorithms that construct complex prediction models are increasingly used for decision-making due to their high accuracy, e.g., to decide whether a bank customer should receive a loan or not. Due to the complexity, the models are perceived as black boxes. One approach is to augment the models with post-hoc explainability. In this work, we evaluate three different explanation approaches based on the users' initial trust, the users' trust in the provided explanation, and the established trust in the black box by a within-subject design study.";"indirect";"A Study on Trust in Black Box Models and Post-hoc Explanations";NA;NA;NA;NA;NA;NA;NA;NA;NA;NA;NA;NA;NA;"28";"not stated (NA)";"SC,SS"
"10.1145/3531146.3533090";2022;"2022 ACM Conference on Fairness, Accountability, and Transparency";"To achieve high accuracy in machine learning (ML) systems, practitioners often use complex “black-box” models that are not easily understood by humans. The opacity of such models has resulted in public concerns about their use in high-stakes contexts and given rise to two conflicting arguments about the nature — and even the existence — of the accuracy-explainability trade-off. One side postulates that model accuracy and explainability are inversely related, leading practitioners to use black-box models when high accuracy is important. The other side of this argument holds that the accuracy-explainability trade-off is rarely observed in practice and consequently, that simpler interpretable models should always be preferred. Both sides of the argument operate under the assumption that some types of models, such as low-depth decision trees and linear regression are more explainable, while others such as neural networks and random forests, are inherently opaque.";"indirect";"It’s Just Not That Simple: An Empirical Study of the Accuracy-Explainability Trade-off in Machine Learning for Public Policy";NA;NA;NA;NA;NA;NA;NA;NA;NA;NA;NA;NA;NA;"168";"crowdsourcing (Prolific)";"FS,SS,SC"
"10.1145/3025171.3025209";2017;"IUI '17: Proceedings of the 22nd International Conference on Intelligent User Interfaces";"How much trust a user places in a recommender is crucial to the uptake of the recommendations. Although prior work established various factors that build and sustain user trust, their comparative impact has not been studied in depth. This paper presents the results of a crowdsourced study examining the impact of various recommendation interfaces and content selection strategies on user trust. It evaluates the subjective ranking of nine key factors of trust grouped into three dimensions and examines the differences observed with respect to users' personality traits.";"indirect";"How to Recommend?";NA;NA;NA;NA;NA;NA;NA;NA;NA;NA;NA;NA;NA;"102";"crowdsourcing (CrowdFlower)";"SS,SC"
"10.1145/3593013.3594053";2023;"FAccT '23: Proceedings of the 2023 ACM Conference on Fairness, Accountability, and Transparency";"Robo-advisors are democratizing access to life-insurance by enabling fully online underwriting. In Europe, financial legislation requires that the reasons for recommending a life insurance plan be explained according to the characteristics of the client, in order to empower the client to make a fully informed decision. In this study conducted in France, we seek to understand whether legal requirements for feature-based explanations actually help users in their decision-making. We conduct a qualitative study to characterize the explainability needs formulated by non-expert users and by regulators expert in customer protection. We then run a large-scale quantitative study using Robex, a simplified robo-advisor built using ecological interface design that delivers recommendations with explanations in different hybrid textual and visual formats: either dialogic—more textual—or graphical—more visual. We find that providing feature-based explanations does not improve appropriate reliance or understanding compared to not providing any explanation. In addition, dialogic explanations increase users' trust in the recommendations of the robo-advisor, sometimes to the users' detriment. This real-world scenario illustrates how XAI can address information asymmetry in complex areas such as finance. This work has implications for other critical, AI-based recommender systems, where the General Data Protection Regulation (GDPR) may require similar provisions for feature-based explanations.";"indirect";"Questioning the ability of feature-based explanations to empower non-experts in robo-advised financial decision-making";"Desiderata";"Subjective";"Med";TRUE;FALSE;TRUE;TRUE;TRUE;FALSE;TRUE;TRUE;TRUE;"2021 and after";"128";"crowdsourcing (Lucid)";"SS,SC"
"10.1007/978-3-031-44070-0_2";2023;"Explainable Artificial Intelligence (xAI) Communications in Computer and Information Science";"Attention mechanisms have played a crucial role in the development of complex architectures such as Transformers in natural language processing. However, Transformers remain hard to interpret and are considered as black-boxes. In this paper we assess how attention coefficients from Transformers help in providing classifier interpretability when properly aggregated. A fast and easy-to-implement way of aggregating attention is proposed to build local feature importance. A human-grounded experiment is conducted to evaluate and compare this approach to other usual interpretability methods. The experimental protocol relies on the capacity of an interpretability method to provide explanation in line with human reasoning. Experiment design includes measuring reaction times and correct response rates by human subjects. Attention performs comparably to usual interpretability methods and significantly better than a random baseline regarding average participant reaction time and accuracy. Moreover, data analysis highlights that high probability prediction induces great explanation relevance. This work shows how self-attention can be aggregated and used to explain Transformer classifiers. The low computational cost of attention compared to other interpretability methods and its availability by design within Transformer classifiers make it particularly beneficial. Finally, the quality of its explanation depends strongly on the certainty of the classifier's prediction related to it.";"direct";"Evaluating Self-attention Interpretability Through Human-Grounded Experimental Protocol";NA;NA;NA;NA;NA;NA;NA;NA;NA;NA;NA;NA;NA;"100";"other (data science consulting firm workers)";"FS,SC"
"10.1145/3351095.3375624";2020;"FAT* '20: Proceedings of the 2020 Conference on Fairness, Accountability, and Transparency";"Explainable machine learning offers the potential to provide stakeholders with insights into model behavior by using various methods such as feature importance scores, counterfactual explanations, or influential training data. Yet there is little understanding of how organizations use these methods in practice. This study explores how organizations view and use explainability for stakeholder consumption. We find that, currently, the majority of deployments are not for end users affected by the model but rather for machine learning engineers, who use explainability to debug the model itself. There is thus a gap between explainability in practice and the goal of transparency, since explanations primarily serve internal stakeholders rather than external ones. Our study synthesizes the limitations of current explainability techniques that hamper their use for end users. To facilitate end user interaction, we develop a framework for establishing clear goals for explainability. We end by discussing concerns raised regarding explainability.";"indirect";"Explainable machine learning in deployment";NA;NA;NA;NA;NA;NA;NA;NA;NA;NA;NA;NA;NA;"30";"AI experts (NA)";"SS"
NA;2020;"arXiv";"As machine learning is increasingly deployed in high-stakes contexts affecting people's livelihoods, there have been growing calls to open the black box and to make machine learning algorithms more explainable. Providing useful explanations requires careful consideration of the needs of stakeholders, including end-users, regulators, and domain experts. Despite this need, little work has been done to facilitate inter-stakeholder conversation around explainable machine learning. To help address this gap, we conducted a closed-door, day-long workshop between academics, industry experts, legal scholars, and policymakers to develop a shared language around explainability and to understand the current shortcomings of and potential solutions for deploying explainable machine learning in service of transparency goals. We also asked participants to share case studies in deploying explainable machine learning at scale. In this paper, we provide a short summary of various case studies of explainable machine learning, lessons from those studies, and discuss open challenges.";"indirect";"Machine Learning Explainability for External Stakeholders";NA;NA;NA;NA;NA;NA;NA;NA;NA;NA;NA;NA;NA;"33";"researchers (NA),other (policymakers),other (industry experts)";"SS"
NA;2005;"Beyond Personalization 2005 A Workshop on the Next Stage of Recommender Systems Research";"Recommender systems have become a popular technique for helping users select desirable books, movies, music and other items. Most research in the area has focused on developing and evaluating algorithms for efficiently producing accurate recommendations. However, the ability to effectively explain its recommendations to users is another important aspect of a recommender system. The only previous investigation of methods for explaining recommendations showed that certain styles of explanations were effective at convincing users to adopt recommendations (i.e. promotion) but failed to show that explanations actually helped users make more accurate decisions (i.e. satisfaction). We present two new methods for explaining recommendations of contentbased and/or collaborative systems and experimentally show that they actually improve user’s estimation of item quality.";"indirect";"Explaining Recommendations: Satisfaction vs. Promotion";NA;NA;NA;NA;NA;NA;NA;NA;NA;NA;NA;NA;NA;"34";"students (NA)";"SS,SC"
"10.1145/3173574.3173951";2018;"CHI '18: Proceedings of the 2018 CHI Conference on Human Factors in Computing Systems";"Data-driven decision-making consequential to individuals raises important questions of accountability and justice. Indeed, European law provides individuals limited rights to 'meaningful information about the logic' behind significant, autonomous decisions such as loan approvals, insurance quotes, and CV filtering. We undertake three experimental studies examining people's perceptions of justice in algorithmic decision-making under different scenarios and explanation styles. Dimensions of justice previously observed in response to human decision-making appear similarly engaged in response to algorithmic decisions. Qualitative analysis identified several concerns and heuristics involved in justice perceptions including arbitrariness, generalisation, and (in)dignity. Quantitative analysis indicates that explanation styles primarily matter to justice perceptions only when subjects are exposed to multiple different styles---under repeated exposure of one style, scenario effects obscure any explanation effects. Our results suggests there may be no 'best' approach to explaining algorithmic decisions, and that reflection on their automated nature both implicates and mitigates justice dimensions.";"indirect";"'It's Reducing a Human Being to a Percentage'";NA;NA;NA;NA;NA;NA;NA;NA;NA;NA;NA;NA;NA;"19,325";"crowdsourcing (Prolific),other (flyers)";"SC,SS"
"10.24963/ijcai.2017/202";2017;"Proceedings of the Twenty-Sixth International Joint Conference on Artificial Intelligence";"Human decision makers in many domains can make use of predictions made by machine learning models in their decision making process, but the usability of these predictions is limited if the human is unable to justify his or her trust in the prediction. We propose a novel approach to producing justifications that is geared towards users without machine learning expertise, focusing on domain knowledge and on human reasoning, and utilizing natural language generation. Through a task-based experiment, we show that our approach significantly helps humans to correctly decide whether or not predictions are accurate, and significantly increases their satisfaction with the justification.";"indirect";"Human-Centric Justification of Machine Learning Predictions";NA;NA;NA;NA;NA;NA;NA;NA;NA;NA;NA;NA;NA;"33";"crowdsourcing (CrowdFlower)";"FS,SC"
NA;2023;"Principles and Practice of Knowledge Discovery in DatabasesE (CML PKDD 2022) Communications in Computer and Information Science";"EXplainable AI (XAI) was created to address the issue of Machine Learning’s lack of transparency. Its methods are expanding, as are the ways of evaluating them, including human performance-based evaluations of explanations. These evaluations allow us to quantify the contribution of XAI algorithms to human decision-making. This work performs accuracy and response time measurements to evaluate SHAP explanations on an e-sports prediction task. The results of this pilot experiment contradict our intuitions about the beneficial potential of these explanations and allow us to discuss the difficulties of this evaluation methodology.";"direct";"Limits of XAI application-grounded evaluation: an e-sport prediction example";NA;NA;NA;NA;NA;NA;NA;NA;NA;NA;NA;NA;NA;"5";"students (NA)";"FS,SS"
NA;2023;"The Eleventh International Conference on Learning Representations (ICLR)";"Part-prototype Networks (ProtoPNets) are concept-based classifiers designed to achieve the same performance as black-box models without compromising transparency. ProtoPNets compute predictions based on similarity to class-specific part-prototypes learned to recognize parts of training examples, making it easy to faithfully determine what examples are responsible for any target prediction and why. However, like other models, they are prone to picking up confounders and shortcuts from the data, thus suffering from compromised prediction accuracy and limited generalization. We propose ProtoPDebug, an effective concept-level debugger for ProtoPNets in which a human supervisor, guided by the model’s explanations, supplies feedback in the form of what part-prototypes must be forgotten or kept, and the model is fine-tuned to align with this supervision. Our experimental evaluation shows that ProtoPDebug outperforms state-of-the-art debuggers for a fraction of the annotation cost. An online experiment with laypeople confirms the simplicity of the feedback requested to the users and the effectiveness of the collected feedback for learning confounder-free part-prototypes. ProtoPDebug is a promising tool for trustworthy interactive learning in critical applications, as suggested by a preliminary evaluation on a medical decision making task.";"top 4";"Concept-level Debugging of Part-Prototype Networks";"Understanding";"Objective";"No";FALSE;FALSE;FALSE;FALSE;FALSE;FALSE;NA;FALSE;FALSE;"top 4";"30";"crowdsourcing (Prolific)";"FS"
NA;2021;"International Conference on Learning Representations (ICLR)";"Feature visualizations such as synthetic maximally activating images are a widely used explanation method to better understand the information processing of convolutional neural networks (CNNs). At the same time, there are concerns that these visualizations might not accurately represent CNNs' inner workings. Here, we measure how much extremely activating images help humans to predict CNN activations. Using a well-controlled psychophysical paradigm, we compare the informativeness of synthetic images (Olah et al., 2017) with a simple baseline visualization, namely exemplary natural images that also strongly activate a specific feature map. Given either synthetic or natural reference images, human participants choose which of two query images leads to strong positive activation. The experiment is designed to maximize participants' performance, and is the first to probe intermediate instead of final layer representations. We find that synthetic images indeed provide helpful information about feature map activations (82% accuracy; chance would be 50%). However, natural images-originally intended to be a baseline-outperform synthetic images by a wide margin (92% accuracy). Additionally, participants are faster and more confident for natural images, whereas subjective impressions about the interpretability of feature visualization are mixed. The higher informativeness of natural images holds across most layers, for both expert and lay participants as well as for hand- and randomly-picked feature visualizations. Even if only a single reference image is given, synthetic images provide less information than natural images (65% vs. 73%). In summary, popular synthetic images from feature visualizations are significantly less informative for assessing CNN activations than natural images. We argue that future visualization methods should improve over this simple baseline.";"indirect";"Exemplary Natural Images Explain CNN Activations Better than Feature Visualizations";"Understanding";"Objective";"No";FALSE;FALSE;NA;NA;FALSE;FALSE;FALSE;FALSE;TRUE;"top 4";"23";"other (experts),other (lay people)";"FS,SS"
NA;2021;"ACMIUI-WS '21 Joint Proceedings of the ACM IUI 2021 Workshops co-located with 26th ACM Conference on Intelligent User Interfaces (ACM IUI 2021)";"Machine Learning has provided new business opportunities in the insurance industry, but its adoption is for now limited by the difficulty to explain the rationale behind the prediction provided. In this work, we explore how we can enhance local feature importance explanations for non-expert users. We propose design principles to contextualise these explanations with additional information about the Machine Learning system, the domain and external factors that may influence the prediction. These principles are applied to a car insurance smart pricing interface. We present preliminary observations collected during a pilot study using an online A/B test to measure objective understanding, perceived understanding and perceived usefulness of explanations. The preliminary results are encouraging as they hint that providing contextualisation elements can improve the understanding of ML predictions.";"indirect";"Contextualising local explanations for non-expert users: an XAI pricing interface for insurance";NA;NA;NA;NA;NA;NA;NA;NA;NA;NA;NA;NA;NA;"20";"students (NA),researchers (NA),administrative staff (NA),other (personal contacts)";"FS,SS"
"10.1145/3490099.3511139";2022;"IUI '22: Proceedings of the 27th International Conference on Intelligent User Interfaces";"The increasing usage of complex Machine Learning models for decision-making has raised interest in explainable artificial intelligence (XAI). In this work, we focus on the effects of providing accessible and useful explanations to non-expert users. More specifically, we propose generic XAI design principles for contextualizing and allowing the exploration of explanations based on local feature importance. To evaluate the effectiveness of these principles for improving users' objective understanding and satisfaction, we conduct a controlled user study with 80 participants using 4 different versions of our XAI system, in the context of an insurance scenario. Our results show that the contextualization principles we propose significantly improve user's satisfaction and is close to have a significant impact on user's objective understanding. They also show that the exploration principles we propose improve user's satisfaction. On the other hand, the interaction of these principles does not appear to bring improvement on both dimensions of users' understanding.";"direct";"Contextualization and Exploration of Local Feature Importance Explanations to Improve Understanding and Satisfaction of Non-Expert Users";NA;NA;NA;NA;NA;NA;NA;NA;NA;NA;NA;NA;NA;"91";"students (NA),researchers (NA),administrative staff (NA)";"SS"
"10.1145/3581641.3584082";2023;"IUI '23: Proceedings of the 28th International Conference on Intelligent User Interfaces";"Plural counterfactual examples have been proposed to explain the prediction of a classifier by offering a user several instances of minimal modifications that may be performed to change the prediction. Yet, such explanations may provide too much information, generating potential confusion for the end-users with no specific knowledge, neither on the machine learning, nor on the application domains. In this paper, we investigate the design of explanation user interfaces for plural counterfactual examples offering comparative analysis features to mitigate this potential confusion and improve the intelligibility of such explanations for non-expert users. We propose an implementation of such an enhanced explanation user interface, illustrating it in a financial scenario related to a loan application. We then present the results of a lab user study conducted with 112 participants to evaluate the effectiveness of having plural examples and of offering comparative analysis principles, both on the objective understanding and satisfaction of such explanations. The results demonstrate the effectiveness of the plural condition, both on objective understanding and satisfaction scores, as compared to having a single counterfactual example. Beside the statistical analysis, we perform a thematic analysis of the participants' responses to the open-response questions, that also shows encouraging results for the comparative analysis features on the objective understanding.";"direct";"Investigating the Intelligibility of Plural Counterfactual Examples for Non-Expert Users: an Explanation User Interface Proposition and User Study";"Understanding";"Objective and Subjective";"Low";FALSE;FALSE;NA;NA;TRUE;FALSE;FALSE;FALSE;TRUE;"2021 and after";"112";"students (NA),researchers (NA),administrative staff (NA)";"FS,SS"
"10.3390/electronics12122594";2023;"Electronics";"This study aimed to observe the impact of eight explainable AI (XAI) explanation techniques on user trust and satisfaction in the context of XAI-enhanced learning analytics while comparing two groups of STEM college students based on their Bologna study level, using various established feature relevance techniques, certainty, and comparison explanations. Overall, the students reported the highest trust in local feature explanation in the form of a bar graph. Additionally, master’s students presented with global feature explanations also reported high trust in this form of explanation. The highest measured explanation satisfaction was observed with the local feature explanation technique in the group of bachelor’s and master’s students, with master’s students additionally expressing high satisfaction with the global feature importance explanation. A detailed overview shows that the two observed groups of students displayed consensus in favored explanation techniques when evaluating trust and explanation satisfaction. Certainty explanation techniques were perceived with lower trust and satisfaction than were local feature relevance explanation techniques. The correlation between itemized results was documented and measured with the Trust in Automation questionnaire and Explanation Satisfaction Scale questionnaire. Master’s-level students self-reported an overall higher understanding of the explanations and higher overall satisfaction with explanations and perceived the explanations as less harmful.";"indirect";"Assessing Perceived Trust and Satisfaction with Multiple Explanation Techniques in XAI-Enhanced Learning Analytics";NA;NA;NA;NA;NA;NA;NA;NA;NA;NA;NA;NA;NA;"51";"students (NA)";"SS,SC"
"10.1145/3334480.3383047";2020;"CHI EA '20: Extended Abstracts of the 2020 CHI Conference on Human Factors in Computing Systems";"This paper summarizes findings from a qualitative research effort aimed at understanding how various stakeholders characterize the problem of Explainable Artificial Intelligence (Explainable AI or XAI). During a nine-month period, the author conducted 40 interviews and 2 focus groups. An analysis of data gathered led to two significant initial findings: (1) current discourse on Explainable AI is hindered by a lack of consistent terminology; and (2) there are multiple distinct use cases for Explainable AI, including: debugging models, understanding bias, and building trust. These uses cases assume different user personas, will likely require different explanation strategies, and are not evenly addressed by current XAI tools. This stakeholder research supports a broad characterization of the problem of Explainable AI and can provide important context to inform the design of future capabilities.";"indirect";"What Do People Really Want When They Say They Want \"Explainable AI?\" We Asked 60 Stakeholders.";NA;NA;NA;NA;NA;NA;NA;NA;NA;NA;NA;NA;NA;"64";"other (stakeholders)";"SS"
"10.1145/3377325.3377498";2020;"IUI '20: Proceedings of the 25th International Conference on Intelligent User Interfaces";"Explainable artificially intelligent (XAI) systems form part of sociotechnical systems, e.g., human+AI teams tasked with making decisions. Yet, current XAI systems are rarely evaluated by measuring the performance of human+AI teams on actual decision-making tasks. We conducted two online experiments and one in-person think-aloud study to evaluate two currently common techniques for evaluating XAI systems: (1) using proxy, artificial tasks such as how well humans predict the AI's decision from the given explanations, and (2) using subjective measures of trust and preference as predictors of actual performance. The results of our experiments demonstrate that evaluations with proxy tasks did not predict the results of the evaluations with the actual decision-making tasks. Further, the subjective measures on evaluations with actual decision-making tasks did not predict the objective performance on those same tasks. Our results suggest that by employing misleading evaluation methods, our field may be inadvertently slowing its progress toward developing human+AI teams that can reliably perform better than humans or AIs alone.";"direct";"Proxy tasks and subjective measures can be misleading in evaluating explainable AI systems";NA;NA;NA;NA;NA;NA;NA;NA;NA;NA;NA;NA;NA;"200";"crowdsourcing (AMT)";"FS,SC"
"10.1145/3449287";2021;"Proceedings of the ACM on Human-Computer Interaction";"People supported by AI-powered decision support tools frequently overrely on the AI: they accept an AI's suggestion even when that suggestion is wrong. Adding explanations to the AI decisions does not appear to reduce the overreliance and some studies suggest that it might even increase it. Informed by the dual-process theory of cognition, we posit that people rarely engage analytically with each individual AI recommendation and explanation, and instead develop general heuristics about whether and when to follow the AI suggestions. Building on prior research on medical decision-making, we designed three cognitive forcing interventions to compel people to engage more thoughtfully with the AI-generated explanations. We conducted an experiment (N=199), in which we compared our three cognitive forcing designs to two simple explainable AI approaches and to a no-AI baseline. The results demonstrate that cognitive forcing significantly reduced overreliance compared to the simple explainable AI approaches. However, there was a trade-off: people assigned the least favorable subjective ratings to the designs that reduced the overreliance the most. To audit our work for intervention-generated inequalities, we investigated whether our interventions benefited equally people with different levels of Need for Cognition (i.e., motivation to engage in effortful mental activities). Our results show that, on average, cognitive forcing interventions benefited participants higher in Need for Cognition more. Our research suggests that human cognitive motivation moderates the effectiveness of explainable AI solutions.";"direct";"To Trust or to Think";NA;NA;NA;NA;NA;NA;NA;NA;NA;NA;NA;NA;NA;"260";"crowdsourcing (AMT)";"SC,SS"
"10.1109/ACCESS.2023.3270385";2023;"IEEE Access";"Graph Neural Networks (GNNs) have become increasingly ubiquitous in numerous applications and systems, necessitating explanations of their predictions, especially when making critical decisions. However, explaining GNNs is challenging due to the complexity of graph data and model execution. Post-hoc explanation approaches have gained popularity due to their versatility, despite their additional computational costs. Although intrinsically interpretable models can provide instant explanations, they are usually model-specific and can only explain particular GNNs. To address these challenges, we propose a novel, general, and fast GNN explanation framework named SCALE. SCALE trains multiple specialty learners to explain GNNs, as creating a single powerful explainer for examining the attributions of interactions in input graphs is complicated. In training, a black-box GNN model guides learners based on an online knowledge distillation paradigm. During the explanation phase, explanations of predictions are generated by multiple explainers corresponding to trained learners. Edge masking and random walk with restart procedures are used to provide structural explanations for graph-level and node-level predictions, respectively. A feature attribution module provides overall summaries and instance-level feature contributions. We compare SCALE with state-of-the-art baselines through quantitative and qualitative experiments to demonstrate its explanation correctness and execution performance. Furthermore, we conduct a user study and a series of ablation studies to understand the strengths and weaknesses of the proposed framework.";"direct";"Generating Real-Time Explanations for GNNs via Multiple Specialty Learners and Online Knowledge Distillation";"Desiderata";"Objective and Subjective";"Low";TRUE;FALSE;NA;NA;FALSE;FALSE;NA;NA;TRUE;"2021 and after";"41";"AI experts (NA)";"FS"
"10.1145/2166966.2166996";2012;"Proceedings of the 2012 ACM international conference on Intelligent User Interfaces";"Intelligent interactive systems (IIS) have great potential to improve users' experience with technology by tailoring their behaviour and appearance to users' individual needs; however, these systems, with their complex algorithms and dynamic behaviour, can also suffer from a lack of comprehensibility and transparency. We present the results of two studies examining the comprehensibility of, and desire for explanations with deployed, low-cost IIS. The first study, a set of interviews with 21 participants, reveals that i) comprehensibility is not always dependent on explanations, and ii) the perceived cost of viewing explanations tends to outweigh the anticipated benefits. Our second study, a two-week diary study with 14 participants, confirms these findings in the context of daily use, with participants indicating a desire for an explanation in only 7% of diary entries. We discuss the implications of our findings for the design of explanation facilities.";"indirect";"Are explanations always important?";NA;NA;NA;NA;NA;NA;NA;NA;NA;NA;NA;NA;NA;"21";"students (NA),researchers (NA),administrative staff (NA)";"SS"
"10.1109/ICHI.2015.26";2015;"ICHI '15: Proceedings of the 2015 International Conference on Healthcare Informatics";"Clinical decision support systems (CDSS) are increasingly used by healthcare professionals for evidence-based diagnosis and treatment support.However, research has suggested that users often over-rely on system suggestions -even if the suggestions are wrong.Providing explanations could potentially mitigate misplaced trust in the system and overreliance.In this paper, we explore how explanations are related to user trust and reliance, as well as what information users would find helpful to better understand the reliability of a system's decision-making.We investigated these questions through an exploratory user study in which healthcare professionals were observed using a CDSS prototype to diagnose hypothetic cases using fictional patients suffering from a balancerelated disorder.Our results show that the amount of system confidence had only a slight effect on trust and reliance.More importantly, giving a fuller explanation of the facts used in making a diagnosis had a positive effect on trust but also led to over-reliance issues, whereas less detailed explanations made participants question the system's reliability and led to selfreliance problems.To help them in their assessment of the reliability of the system's decisions, study participants wanted better explanations to help them interpret the system's confidence, to verify that the disorder fit the suggestion, to better understand the reasoning chain of the decision model, and to make differential diagnoses.Our work is a first step toward improved CDSS design that better supports clinicians in making correct diagnoses.";"indirect";"The Role of Explanations on Trust and Reliance in Clinical Decision Support Systems";NA;NA;NA;NA;NA;NA;NA;NA;NA;NA;NA;NA;NA;"7";"domain experts (medical)";"FS,SS"
"10.1016/j.artmed.2022.102438";2022;"Artificial Intelligence in Medicine";"In the medical domain, the uptake of an AI tool crucially depends on whether clinicians are confident that they understand the tool. Bayesian networks are popular AI models in the medical domain, yet, explaining predictions from Bayesian networks to physicians and patients is non-trivial. Various explanation methods for Bayesian network inference have appeared in literature, focusing on different aspects of the underlying reasoning. While there has been a lot of technical research, there is little known about the actual user experience of such methods. In this paper, we present results of a study in which four different explanation approaches were evaluated through a survey by questioning a group of human participants on their perceived understanding in order to gain insights about their user experience.";"direct";"Investigating the understandability of XAI methods for enhanced user experience: When Bayesian network users became detectives";NA;NA;NA;NA;NA;NA;NA;NA;NA;NA;NA;NA;NA;"20";"not stated (NA)";"SC"
"10.1007/s10458-023-09634-5";2024;"Autonomous Agents and Multi-Agent Systems";"Abstract The awareness about healthy lifestyles is increasing, opening to personalized intelligent health coaching applications. A demand for more than mere suggestions and mechanistic interactions has driven attention to nutrition virtual coaching systems (NVC) as a bridge between human–machine interaction and recommender, informative, persuasive, and argumentation systems. NVC can rely on data-driven opaque mechanisms. Therefore, it is crucial to enable NVC to explain their doing (i.e., engaging the user in discussions (via arguments) about dietary solutions/alternatives). By doing so, transparency, user acceptance, and engagement are expected to be boosted. This study focuses on NVC agents generating personalized food recommendations based on user-specific factors such as allergies, eating habits, lifestyles, and ingredient preferences. In particular, we propose a user-agent negotiation process entailing run-time feedback mechanisms to react to both recommendations and related explanations. Lastly, the study presents the findings obtained by the experiments conducted with multi-background participants to evaluate the acceptability and effectiveness of the proposed system. The results indicate that most participants value the opportunity to provide feedback and receive explanations for recommendations. Additionally, the users are fond of receiving information tailored to their needs. Furthermore, our interactive recommendation system performed better than the corresponding traditional recommendation system in terms of effectiveness regarding the number of agreements and rounds.";"direct";"Towards interactive explanation-based nutrition virtual coaching systems";NA;NA;NA;NA;NA;NA;NA;NA;NA;NA;NA;NA;NA;"54";"not stated (NA)";"SS"
"10.1016/j.artmed.2023.102506";2023;"Artificial Intelligence in Medicine";"In this paper, we study human–AI collaboration protocols, a design-oriented construct aimed at establishing and evaluating how humans and AI can collaborate in cognitive tasks. We applied this construct in two user studies involving 12 specialist radiologists (the knee MRI study) and 44 ECG readers of varying expertise (the ECG study), who evaluated 240 and 20 cases, respectively, in different collaboration configurations. We confirm the utility of AI support but find that XAI can be associated with a “white-box paradox”, producing a null or detrimental effect. We also find that the order of presentation matters: AI-first protocols are associated with higher diagnostic accuracy than human-first protocols, and with higher accuracy than both humans and AI alone. Our findings identify the best conditions for AI to augment human diagnostic skills, rather than trigger dysfunctional responses and cognitive biases that can undermine decision effectiveness.";"direct";"Rams, hounds and white boxes: Investigating human–AI collaboration protocols in medical diagnosis";NA;NA;NA;NA;NA;NA;NA;NA;NA;NA;NA;NA;NA;"12,44";"domain experts (medical)";"FS,SC"
"10.3390/make5010017";2023;"Machine Learning and Knowledge Extraction";"The emergence of black-box, subsymbolic, and statistical AI systems has motivated a rapid increase in the interest regarding explainable AI (XAI), which encompasses both inherently explainable techniques, as well as approaches to make black-box AI systems explainable to human decision makers. Rather than always making black boxes transparent, these approaches are at risk of painting the black boxes white, thus failing to provide a level of transparency that would increase the system’s usability and comprehensibility, or even at risk of generating new errors (i.e., white-box paradox). To address these usability-related issues, in this work we focus on the cognitive dimension of users’ perception of explanations and XAI systems. We investigated these perceptions in light of their relationship with users’ characteristics (e.g., expertise) through a questionnaire-based user study involved 44 cardiology residents and specialists in an AI-supported ECG reading task. Our results point to the relevance and correlation of the dimensions of trust, perceived quality of explanations, and tendency to defer the decision process to automation (i.e., technology dominance). This contribution calls for the evaluation of AI-based support systems from a human–AI interaction-oriented perspective, laying the ground for further investigation of XAI and its effects on decision making and user experience.";"direct";"Painting the Black Box White: Experimental Findings from Applying XAI to an ECG Reading Setting";NA;NA;NA;NA;NA;NA;NA;NA;NA;NA;NA;NA;NA;"44";"domain experts (medical)";"FS,SS"
"10.1007/978-3-031-40837-3_10";2023;"Machine Learning and Knowledge Extraction. CD-MAKE 2023. Lecture Notes in Computer Science";"Augmented Intelligence (AuI) refers to the use of artificial intelligence (AI) to amplify certain cognitive tasks performed by human decision-makers. However, there are concerns that AI's increasing capability and alignment with human values may undermine user agency, autonomy, and responsible decision-making. To address these concerns, we conducted a user study in the field of orthopedic radiology diagnosis, introducing a reflective XAI (explainable AI) support that aimed to stimulate human reflection, and we evaluated its impact of in terms of decision performance, decision confidence and perceived utility. Specifically, the reflective XAI support system prompted users to reflect on the dependability of AI-generated advice by presenting evidence both in favor of and against its recommendation. This evidence was presented via two cases that closely resembled a given base case, along with pixel attribution maps. These cases were associated with the same AI advice for the base case, but one case was accurate while the other was erroneous with respect to the ground truth. While the introduction of this support system did not significantly enhance diagnostic accuracy, it was highly valued by more experienced users. Based on the findings of this study, we advocate for further research to validate the potential of reflective XAI in fostering more informed and responsible decision-making, ultimately preserving human agency.";"direct";"Let Me Think! Investigating the Effect of Explanations Feeding Doubts About the AI Advice";"Understanding";"Objective and Subjective";"Med";FALSE;FALSE;NA;NA;TRUE;FALSE;FALSE;FALSE;TRUE;"2021 and after";"16";"domain experts (medical)";"FS"
"10.1007/s00146-022-01536-6";2022;"AI & Society";"Providing meaningful and actionable explanations for end-users is a situated problem requiring the intersection of multiple disciplines to address social, operational, and technical challenges. However, the explainable artificial intelligence community has not commonly adopted or created tangible design tools that allow interdisciplinary work to develop reliable AI-powered solutions. This paper proposes a formative architecture that defines the explanation space from a user-inspired perspective. The architecture comprises five intertwined components to outline explanation requirements for a task: (1) the end-users’ mental models, (2) the end-users’ cognitive process, (3) the user interface, (4) the Human-Explainer Agent, and (5) the agent process. We first define each component of the architecture. Then, we present the Abstracted Explanation Space, a modeling tool that aggregates the architecture’s components to support designers in systematically aligning explanations with end-users’ work practices, needs, and goals. It guides the specifications of what needs to be explained (content: end-users’ mental model), why this explanation is necessary (context: end-users’ cognitive process), to delimit how to explain it (format: Human-Explainer Agent and user interface), and when the explanations should be given. We then exemplify the tool’s use in an ongoing case study in the aircraft maintenance domain. Finally, we discuss possible contributions of the tool, known limitations or areas for improvement, and future work to be done.";"direct";"An explanation space to align user studies with the technical development of Explainable AI";NA;NA;NA;NA;NA;NA;NA;NA;NA;NA;NA;NA;NA;"NA";"domain experts (Aerospace industrial inspectors)";"SS"
"10.1145/3290605.3300234";2019;"CHI '19: Proceedings of the 2019 CHI Conference on Human Factors in Computing Systems";"Machine learning (ML) is increasingly being used in image retrieval systems for medical decision making. One application of ML is to retrieve visually similar medical images from past patients (e.g. tissue from biopsies) to reference when making a medical decision with a new patient. However, no algorithm can perfectly capture an expert's ideal notion of similarity for every case: an image that is algorithmically determined to be similar may not be medically relevant to a doctor's specific diagnostic needs. In this paper, we identified the needs of pathologists when searching for similar images retrieved using a deep learning algorithm, and developed tools that empower users to cope with the search algorithm on-the-fly, communicating what types of similarity are most important at different moments in time. In two evaluations with pathologists, we found that these tools increased the diagnostic utility of images found and increased user trust in the algorithm. The tools were preferred over a traditional interface, without a loss in diagnostic accuracy. We also observed that users adopted new strategies when using refinement tools, re-purposing them to test and understand the underlying algorithm and to disambiguate ML errors from their own errors. Taken together, these findings inform future human-ML collaborative systems for expert decision-making.";"indirect";"Human-Centered Tools for Coping with Imperfect Algorithms During Medical Decision-Making";NA;NA;NA;NA;NA;NA;NA;NA;NA;NA;NA;NA;NA;"12";"domain experts (medical)";"FS,SS"
"10.1145/3301275.3302289";2019;"IUI '19: Proceedings of the 24th International Conference on Intelligent User Interfaces";"The black-box nature of machine learning algorithms can make their predictions difficult to understand and explain to end-users. In this paper, we propose and evaluate two kinds of example-based explanations in the visual domain, normative explanations and comparative explanations (Figure 1), which automatically surface examples from the training set of a deep neural net sketch-recognition algorithm. To investigate their effects, we deployed these explanations to 1150 users on QuickDraw, an online platform where users draw images and see whether a recognizer has correctly guessed the intended drawing. When the algorithm failed to recognize the drawing, those who received normative explanations felt they had a better understanding of the system, and perceived the system to have higher capability. However, comparative explanations did not always improve perceptions of the algorithm, possibly because they sometimes exposed limitations of the algorithm and may have led to surprise. These findings suggest that examples can serve as a vehicle for explaining algorithmic behavior, but point to relative advantages and disadvantages of using different kinds of examples, depending on the goal.";"indirect";"The effects of example-based explanations in a machine learning interface";NA;NA;NA;NA;NA;NA;NA;NA;NA;NA;NA;NA;NA;"1150";"domain experts (QuickDraw platform users)";"SS,SC"
"10.1609/icwsm.v14i1.7282";2020;"Proceedings of the International AAAI Conference on Web and Social Media";"We present an experimental assessment of the impact of feature attribution-style explanations on human performance in predicting the consensus toxicity of social media posts with advice from an unreliable machine learning model. By doing so we add to a small but growing body of literature inspecting the utility of interpretable machine learning in terms of human outcomes. We also evaluate interpretable machine learning for the first time in the important domain of online toxicity, where fully-automated methods have faced criticism as being inadequate as a measure of toxic behavior.We find that, contrary to expectations, explanations have no significant impact on accuracy or agreement with model predictions, through they do change the distribution of subject error somewhat while reducing the cognitive burden of the task for subjects. Our results contribute to the recognition of an intriguing expectation gap in the field of interpretable machine learning between the general excitement the field has engendered and the ambiguous results of recent experimental work, including this study.";"direct";"Feature-Based Explanations Don't Help People Detect Misclassifications of Online Toxicity";NA;NA;NA;NA;NA;NA;NA;NA;NA;NA;NA;NA;NA;"588";"crowdsourcing (AMT)";"FS"
"10.1145/3588320";2023;"ACM Transactions on Interactive Intelligent Systems";"Existing eXplainable Artificial Intelligence (XAI) techniques support people in interpreting AI advice. However, although previous work evaluates the users’ understanding of explanations, factors influencing the decision support are largely overlooked in the literature. This article addresses this gap by studying the impact of user uncertainty , AI correctness , and the interaction between AI uncertainty and explanation logic-styles for classification tasks. We conducted two separate studies: one requesting participants to recognize handwritten digits and one to classify the sentiment of reviews. To assess the decision making, we analyzed the task performance, agreement with the AI suggestion, and the user’s reliance on the XAI interface elements. Participants make their decision relying on three pieces of information in the XAI interface (image or text instance, AI prediction, and explanation). Participants were shown one explanation style (between-participants design) according to three styles of logical reasoning (inductive, deductive, and abductive). This allowed us to study how different levels of AI uncertainty influence the effectiveness of different explanation styles. The results show that user uncertainty and AI correctness on predictions significantly affected users’ classification decisions considering the analyzed metrics. In both domains (images and text), users relied mainly on the instance to decide. Users were usually overconfident about their choices, and this evidence was more pronounced for text. Furthermore, the inductive style explanations led to overreliance on the AI advice in both domains—it was the most persuasive, even when the AI was incorrect. The abductive and deductive styles have complex effects depending on the domain and the AI uncertainty levels.";"direct";"Effects of AI and Logic-Style Explanations on Users’ Decisions Under Different Levels of Uncertainty";NA;NA;NA;NA;NA;NA;NA;NA;NA;NA;NA;NA;NA;"900";"crowdsourcing (Prolific)";"FS,SS,SC"
"10.1145/3581641.3584080";2023;"IUI '23: Proceedings of the 28th International Conference on Intelligent User Interfaces";"A common criteria for Explainable AI (XAI) is to support users in establishing appropriate trust in the AI – rejecting advice when it is incorrect, and accepting advice when it is correct. Previous findings suggest that explanations can cause an over-reliance on AI (overly accepting advice). Explanations that evoke appropriate trust are even more challenging for decision-making tasks that are difficult for humans and AI. For this reason, we study decision-making by non-experts in the high-uncertainty domain of stock trading. We compare the effectiveness of three different explanation styles (influenced by inductive, abductive, and deductive reasoning) and the role of AI confidence in terms of a) the users' reliance on the XAI interface elements (charts with indicators, AI prediction, explanation), b) the correctness of the decision (task performance), and c) the agreement with the AI's prediction. In contrast to previous work, we look at interactions between different aspects of decision-making, including AI correctness, and the combined effects of AI confidence and explanations styles. Our results show that specific explanation styles (abductive and deductive) improve the user's task performance in the case of high AI confidence compared to inductive explanations. In other words, these styles of explanations were able to invoke correct decisions (for both positive and negative decisions) when the system was certain. In such a condition, the agreement between the user's decision and the AI prediction confirms this finding, highlighting a significant agreement increase when the AI is correct. This suggests that both explanation styles are suitable for evoking appropriate trust in a confident AI.";"direct";"Supporting High-Uncertainty Decisions through AI and Logic-Style Explanations";NA;NA;NA;NA;NA;NA;NA;NA;NA;NA;NA;NA;NA;"184";"crowdsourcing (Prolific)";"FS,SS"
"10.1109/TVCG.2018.2864477";2019;"IEEE Transactions on Visualization and Computer Graphics";"Data clustering is a common unsupervised learning method frequently used in exploratory data analysis. However, identifying relevant structures in unlabeled, high-dimensional data is nontrivial, requiring iterative experimentation with clustering parameters as well as data features and instances. The number of possible clusterings for a typical dataset is vast, and navigating in this vast space is also challenging. The absence of ground-truth labels makes it impossible to define an optimal solution, thus requiring user judgment to establish what can be considered a satisfiable clustering result. Data scientists need adequate interactive tools to effectively explore and navigate the large clustering space so as to improve the effectiveness of exploratory clustering analysis. We introduce <italic xmlns:mml=http://www.w3.org/1998/Math/MathML xmlns:xlink=http://www.w3.org/1999/xlink>Clustrophile 2</i> , a new interactive tool for guided clustering analysis. <italic xmlns:mml=http://www.w3.org/1998/Math/MathML xmlns:xlink=http://www.w3.org/1999/xlink>Clustrophile 2</i> guides users in clustering-based exploratory analysis, adapts user feedback to improve user guidance, facilitates the interpretation of clusters, and helps quickly reason about differences between clusterings. To this end, <italic xmlns:mml=http://www.w3.org/1998/Math/MathML xmlns:xlink=http://www.w3.org/1999/xlink>Clustrophile 2</i> contributes a novel feature, the Clustering Tour, to help users choose clustering parameters and assess the quality of different clustering results in relation to current analysis goals and user expectations. We evaluate <italic xmlns:mml=http://www.w3.org/1998/Math/MathML xmlns:xlink=http://www.w3.org/1999/xlink>Clustrophile 2</i> through a user study with 12 data scientists, who used our tool to explore and interpret sub-cohorts in a dataset of Parkinson's disease patients. Results suggest that Clustrophile 2 improves the speed and effectiveness of exploratory clustering analysis for both experts and non-experts.";"indirect";"Clustrophile 2: Guided Visual Clustering Analysis";NA;NA;NA;NA;NA;NA;NA;NA;NA;NA;NA;NA;NA;"12";"domain experts (data scientists)";"SS"
"10.18653/v1/D18-1128";2018;"Proceedings of the 2018 Conference on Empirical Methods in Natural Language Processing";"A rich line of research attempts to make deep neural networks more transparent by generating human-interpretable 'explanations' of their decision process, especially for interactive tasks like Visual Question Answering (VQA). In this work, we analyze if existing explanations indeed make a VQA model — its responses as well as failures — more predictable to a human. Surprisingly, we find that they do not. On the other hand, we find that human-in-the-loop approaches that treat the model as a black-box do.";"indirect";"Do explanations make VQA models more predictable to a human?";NA;NA;NA;NA;NA;NA;NA;NA;NA;NA;NA;NA;NA;"280";"crowdsourcing (AMT)";"FS"
"10.1145/3301275.3302312";2019;"IUI '19: Proceedings of the 24th International Conference on Intelligent User Interfaces";"Job mediation services can assist job seekers in finding suitable employment through a personalised approach. Consultation or mediation sessions, supported by personal profile data of the job seeker, help job mediators understand personal situation and requests. Prediction and recommendation systems can directly provide job seekers with possible job vacancies. However, incorrect or unrealistic suggestions, and bad interpretations can result in bad decisions or demotivation of the job seeker. This paper explores how an interactive dashboard visualising prediction and recommendation output can help support the dialogue between job mediator and job seeker, by increasing the explainability and providing mediators with control over the information that is shown to job seekers.";"indirect";"Supporting job mediator and job seeker through an actionable dashboard";NA;NA;NA;NA;NA;NA;NA;NA;NA;NA;NA;NA;NA;"22";"domain experts (job mediators and seekers)";"SS,SC"
"10.1109/TVCG.2020.2986996";2020;"IEEE Transactions on Visualization and Computer Graphics";"t-Distributed Stochastic Neighbor Embedding (t-SNE) for the visualization of multidimensional data has proven to be a popular approach, with successful applications in a wide range of domains. Despite their usefulness, t-SNE projections can be hard to interpret or even misleading, which hurts the trustworthiness of the results. Understanding the details of t-SNE itself and the reasons behind specific patterns in its output may be a daunting task, especially for non-experts in dimensionality reduction. In this work, we present t-viSNE, an interactive tool for the visual exploration of t-SNE projections that enables analysts to inspect different aspects of their accuracy and meaning, such as the effects of hyper-parameters, distance and neighborhood preservation, densities and costs of specific neighborhoods, and the correlations between dimensions and visual patterns. We propose a coherent, accessible, and well-integrated collection of different views for the visualization of t-SNE projections. The applicability and usability of t-viSNE are demonstrated through hypothetical usage scenarios with real data sets. Finally, we present the results of a user study where the tool's effectiveness was evaluated. By bringing to light information that would normally be lost after running t-SNE, we hope to support analysts in using t-SNE and making its results better understandable.";"indirect";"t-viSNE: Interactive Assessment and Interpretation of t-SNE Projections";NA;NA;NA;NA;NA;NA;NA;NA;NA;NA;NA;NA;NA;"28";"domain experts (data analysis)";"SS"
"10.1145/3025171.3025173";2017;"IUI '17: Proceedings of the 22nd International Conference on Intelligent User Interfaces";"The explanation interface has been recognized important in recommender systems as it can help users evaluate recommendations in a more informed way for deciding which ones are relevant to their interests. In different decision environments, the specific aim of explanation can be different. In high-investment product domains (e.g., digital cameras, laptops) for which users usually attempt to avoid financial risk, how to support users to construct stable preferences and make better decisions is particularly crucial. In this paper, we propose a novel explanation interface that emphasizes explaining the tradeoff properties within a set of recommendations in terms of both their static specifications and feature sentiments extracted from product reviews. The objective is to assist users in more effectively exploring and understanding product space, and being able to better formulate their preferences for products by learning from other customers' experiences. Through two user studies (in form of both before-after and within-subjects experiments), we empirically identify the practical role of feature sentiments in combination with static specifications in producing tradeoff-oriented explanations. Specifically, we find that our explanation interface can be more effective to increase users' product knowledge, preference certainty, perceived information usefulness, recommendation transparency and quality, and purchase intention.";"indirect";"Explaining Recommendations Based on Feature Sentiments in Product Reviews";NA;NA;NA;NA;NA;NA;NA;NA;NA;NA;NA;NA;NA;"118";"students (NA),researchers (NA),administrative staff (NA),other (forums),crowdsourcing (AMT)";"SS,SC"
NA;2024;"NIPS '22: Proceedings of the 36th International Conference on Neural Information Processing Systems";"A growing body of research runs human subject evaluations to study whether providing users with explanations of machine learning models can help them with practical real-world use cases. However, running user studies is challenging and costly, and consequently each study typically only evaluates a limited number of different settings, eg, studies often only evaluate a few arbitrarily selected model explanation methods. To address these challenges and aid user study design, we introduce Simulated Evaluations (SimEvals). SimEvals involve training algorithmic agents that take as input the information content (such as model explanations) that would be presented to the user, to predict answers to the use case of interest. The algorithmic agent's test set accuracy provides a measure of the predictiveness of the information content for the downstream use case. We run a comprehensive evaluation on three real-world use cases (forward simulation, model debugging, and counterfactual reasoning) to demonstrate that SimEvals can effectively identify which explanation methods will help humans for each use case. These results provide evidence that\simevals {} can be used to efficiently screen an important set of user study design decisions, eg, selecting which explanations should be presented to the user, before running a potentially costly user study.";"indirect";"Use-Case-Grounded Simulations for Explanation Evaluation";"Understanding";"Objective";"No";FALSE;FALSE;FALSE;FALSE;FALSE;FALSE;NA;FALSE;FALSE;"top 4";"80";"crowdsourcing (AMT)";"FS,SAR"
NA;2024;"The Twelfth International Conference on Learning Representations (ICLR)";"Large language models (LLMs) are trained to imitate humans to explain human decisions. However, do LLMs explain themselves? Can they help humans build mental models of how LLMs process different inputs? To answer these questions, we propose to evaluate counterfactual simulatability of natural language explanations: whether an explanation can enable humans to precisely infer the model’s outputs on diverse counterfactuals of the explained input. For example, if a model answers ”yes” to the input question ”Can eagles fly?” with the explanation ”all birds can fly”, then humans would infer from the explanation that it would also answer ”yes” to the counterfactual input ”Can penguins fly?”. If the explanation is precise, then the model’s answer should match humans’ expectations. We implemented two metrics based on counterfactual simulatability: precision and generality. We generated diverse counterfactuals automatically using LLMs. We then used these metrics to evaluate state-of-the-art LLMs (e.g., GPT-4) on two tasks: multi-hop factual reasoning and reward modeling. We found that LLM’s explanations have low precision and that precision does not correlate with plausibility. Therefore, naively optimizing human approvals (e.g., RLHF) may be insufficient.";"top 4";"Do Models Explain Themselves? Counterfactual Simulatability of Natural Language Explanations";"Understanding";"Objective";"No";TRUE;FALSE;FALSE;FALSE;FALSE;FALSE;NA;FALSE;TRUE;"top 4";"NA";"crowdsourcing (AMT)";"SC"
"10.1145/3290605.3300789";2019;"CHI '19: Proceedings of the 2019 CHI Conference on Human Factors in Computing Systems";"Increasingly, algorithms are used to make important decisions across society. However, these algorithms are usually poorly understood, which can reduce transparency and evoke negative emotions. In this research, we seek to learn design principles for explanation interfaces that communicate how decision-making algorithms work, in order to help organizations explain their decisions to stakeholders, or to support users' right to explanation. We conducted an online experiment where 199 participants used different explanation interfaces to understand an algorithm for making university admissions decisions. We measured users' objective and self-reported understanding of the algorithm. Our results show that both interactive explanations and white-box explanations (i.e. that show the inner workings of an algorithm) can improve users' comprehension. Although the interactive approach is more effective at improving comprehension, it comes with a trade-off of taking more time. Surprisingly, we also find that users' trust in algorithmic decisions is not affected by the explanation interface or their level of comprehension of the algorithm.";"indirect";"Explaining Decision-Making Algorithms through UI";NA;NA;NA;NA;NA;NA;NA;NA;NA;NA;NA;NA;NA;"202";"crowdsourcing (AMT)";"FS,SS"
"10.1109/TVCG.2020.3030342";2021;"IEEE Transactions on Visualization and Computer Graphics";"With machine learning models being increasingly applied to various decision-making scenarios, people have spent growing efforts to make machine learning models more transparent and explainable. Among various explanation techniques, counterfactual explanations have the advantages of being human-friendly and actionable-a counterfactual explanation tells the user how to gain the desired prediction with minimal changes to the input. Besides, counterfactual explanations can also serve as efficient probes to the models' decisions. In this work, we exploit the potential of counterfactual explanations to understand and explore the behavior of machine learning models. We design DECE, an interactive visualization system that helps understand and explore a model's decisions on individual instances and data subsets, supporting users ranging from decision-subjects to model developers. DECE supports exploratory analysis of model decisions by combining the strengths of counterfactual explanations at instance- and subgroup-levels. We also introduce a set of interactions that enable users to customize the generation of counterfactual explanations to find more actionable ones that can suit their needs. Through three use cases and an expert interview, we demonstrate the effectiveness of DECE in supporting decision exploration tasks and instance explanations.";"indirect";"DECE: Decision Explorer with Counterfactual Explanations for Machine Learning Models";NA;NA;NA;NA;NA;NA;NA;NA;NA;NA;NA;NA;NA;"3";"students (NA)";"SS"
"10.1109/TVCG.2021.3114836";2022;"IEEE Transactions on Visualization and Computer Graphics";"Machine learning (ML) is increasingly applied to Electronic Health Records (EHRs) to solve clinical prediction tasks. Although many ML models perform promisingly, issues with model transparency and interpretability limit their adoption in clinical practice. Directly using existing explainable ML techniques in clinical settings can be challenging. Through literature surveys and collaborations with six clinicians with an average of 17 years of clinical experience, we identified three key challenges, including clinicians' unfamiliarity with ML features, lack of contextual information, and the need for cohort-level evidence. Following an iterative design process, we further designed and developed VBridge, a visual analytics tool that seamlessly incorporates ML explanations into clinicians' decision-making workflow. The system includes a novel hierarchical display of contribution-based feature explanations and enriched interactions that connect the dots between ML features, explanations, and data. We demonstrated the effectiveness of VBridge through two case studies and expert interviews with four clinicians, showing that visually associating model explanations with patients' situational records can help clinicians better interpret and use model predictions when making clinician decisions. We further derived a list of design implications for developing future explainable ML tools to support clinical decision-making.";"indirect";"VBridge: Connecting the Dots Between Features and Data to Explain Healthcare Models";NA;NA;NA;NA;NA;NA;NA;NA;NA;NA;NA;NA;NA;"2";"domain experts (medical)";"SS"
"10.1145/3172944.3173001";2018;"IUI '18: Proceedings of the 23rd International Conference on Intelligent User Interfaces";"One of the important aspects in graphic design is choosing the font of the caption that matches aesthetically the associated image. To obtain a good match, users would exhaustively examine a long font list requiring them a substantial effort. This paper presents FontMatcher, which supports users to design digital graphic works harmoniously pairing fonts with an image. The system provides three features, recommendation, explaination and feedback. If a warm feeling image is given as input, the system recommends warm feeling fonts, and then explains what is the distinguishing features of the recommendation, e.g. a cursive shape. Users can also provide feedback to find fonts which correspond to their intention. Our evaluation results show that the recommended fonts scored better than selected fonts by novices and provides competing results with the ones chosen by experienced graphic designers. The system also provides explanations that help increasing the reliability of the recommended results.";"indirect";"FontMatcher";NA;NA;NA;NA;NA;NA;NA;NA;NA;NA;NA;NA;NA;"6,300";"domain experts (designers),domain experts (novices),crowdsourcing (Yahoo)";"FS"
"10.1145/3393672.3398491";2020;"EICS '20 Companion: Companion Proceedings of the 12th ACM SIGCHI Symposium on Engineering Interactive Computing Systems";"Decision support systems (DSS) help users to make more informed and more effective decisions. In recent years, many intelligent DSS (IDSS) in business contexts involve machine learning (ML) methods, which make them inherently hard to explain and comprehend logically. Incomprehensible predictions, however, might violate the users' expectations. While explanations can help with this, prior research also shows that providing explanations in all situations may negatively impact trust and adherence, especially for users experienced in the decision task at hand. We used a human-centered design approach with domain experts to design a DSS for funds management in the construction industry and identified a strong need for control, personal involvement, and adequate data. To create an adequate level of trust and reliance, we contrasted the system's predictions with the values derived from an analytic hierarchical process (AHP), which makes the relative importance of our users' decision-making criteria explicit. We developed a prototype and evaluated its acceptance with 7 construction industry experts. By identifying situations in which the ML prediction and the domain expert potentially disagree, the DSS can identify a persuasion gap and use explanations more selectively. Our evaluation showed promising results and we plan to generalize our approach to a wider range of explainable artificial intelligence (XAI) problems, e.g., to provide explanations with arguments tailored to the user.";"indirect";"Mind the (persuasion) gap";NA;NA;NA;NA;NA;NA;NA;NA;NA;NA;NA;NA;NA;"7";"domain experts (project managers and controllers)";"SS"
"10.1145/3397481.3450644";2021;"IUI '21: Proceedings of the 26th International Conference on Intelligent User Interfaces";"Unintended consequences of deployed AI systems fueled the call for more interpretability in AI systems. Often explainable AI (XAI) systems provide users with simplifying local explanations for individual predictions but leave it up to them to construct a global understanding of the model behavior. In this work, we examine if non-technical users of XAI fall for an illusion of explanatory depth when interpreting additive local explanations. We applied a mixed methods approach consisting of a moderated study with 40 participants and an unmoderated study with 107 crowd workers using a spreadsheet-like explanation interface based on the SHAP framework. We observed what non-technical users do to form their mental models of global AI model behavior from local explanations and how their perception of understanding decreases when it is examined.";"direct";"I Think I Get Your Point, AI! The Illusion of Explanatory Depth in Explainable AI";NA;NA;NA;NA;NA;NA;NA;NA;NA;NA;NA;NA;NA;"40,107";"students (NA),researchers (NA),administrative staff (NA),crowdsourcing (Prolific)";"SS"
"10.1007/978-3-030-85616-8_37";2021;"Human-Computer Interaction -- INTERACT 2021";"The interdisciplinary field of explainable artificial intelligence (XAI) aims to foster human understanding of black-box machine learning models through explanation-generating methods. In practice, Shapley explanations are widely used. However, they are often presented as visualizations and thus leave their interpretation to the user. As such, even ML experts have difficulties interpreting them appropriately. On the other hand, combining visual cues with textual rationales has been shown to facilitate understanding and communicative effectiveness. Further, the social sciences suggest that explanations are a social and iterative process between the explainer and the explainee. Thus, interactivity should be a guiding principle in the design of explanation facilities. Therefore, we (i) briefly review prior research on interactivity and naturalness in XAI, (ii) designed and implemented the interactive explanation interface SHAPRap that provides local and global Shapley explanations in an accessible format, and (iii) evaluated our prototype in a formative user study with 16 participants in a loan application scenario. We believe that interactive explanation facilities that provide multiple levels of explanations offer a promising approach for empowering humans to better understand a model’s behavior and its limitations on a local as well as global level. With our work, we inform designers of XAI systems about human-centric ways to tailor explanation interfaces to end users.";"direct";"Making SHAP Rap: Bridging Local and Global Insights Through Interaction and Narratives";NA;NA;NA;NA;NA;NA;NA;NA;NA;NA;NA;NA;NA;"16";"crowdsourcing (Prolific)";"FS,SS"
NA;2022;"NIPS'22: Proceedings of the 36th International Conference on Neural Information Processing Systems";"A multitude of explainability methods has been described to try to help users better understand how modern AI systems make decisions. However, most performance metrics developed to evaluate these methods have remained largely theoretical--without much consideration for the human end-user. In particular, it is not yet clear (1) how useful current explainability methods are in real-world scenarios; and (2) whether current performance metrics accurately reflect the usefulness of explanation methods for the end user. To fill this gap, we conducted psychophysics experiments at scale () to evaluate the usefulness of representative attribution methods in three real-world scenarios. Our results demonstrate that the degree to which individual attribution methods help human participants better understand an AI system varies widely across these scenarios. This suggests the need to move beyond quantitative improvements of current attribution methods, towards the development of complementary approaches that provide qualitatively different sources of information to human end-users.";"indirect";"What i cannot predict, i do not understand: A human-centered evaluation framework for explainability methods";"Understanding";"Objective";"No";TRUE;TRUE;TRUE;TRUE;FALSE;FALSE;FALSE;FALSE;TRUE;"top 4";"1150";"crowdsourcing (AMT)";"FS"
"10.1109/PacificVis48177.2020.7090";2020;"2020 IEEE Pacific Visualization Symposium (PacificVis)";"Machine learning models often exhibit complex behavior that is difficult to understand. Recent research in explainable AI has produced promising techniques to explain the inner workings of such models using feature contribution vectors. These vectors are helpful in a wide variety of applications. However, there are many parameters involved in this process and determining which settings are best is difficult due to the subjective nature of evaluating interpretability. To this end, we introduce EXPLAINEXPLORE: an interactive explanation system to explore explanations that fit the subjective preference of data scientists. We leverage the domain knowledge of the data scientist to find optimal parameter settings and instance perturbations, and enable the discussion of the model and its explanation with domain experts. We present a use case on a real-world dataset to demonstrate the effectiveness of our approach for the exploration and tuning of machine learning explanations.";"direct";"ExplainExplore: Visual Exploration of Machine Learning Explanations";NA;NA;NA;NA;NA;NA;NA;NA;NA;NA;NA;NA;NA;"2";"domain experts (data scientists)";"FS,SS"
"10.1007/s12650-021-00776-w";2021;"Journal of Visualization";"Abstract The field of explainable artificial intelligence aims to help experts understand complex machine learning models. One key approach is to show the impact of a feature on the model prediction. This helps experts to verify and validate the predictions the model provides. However, many challenges remain open. For example, due to the subjective nature of interpretability, a strict definition of concepts such as the contribution of a feature remains elusive. Different techniques have varying underlying assumptions, which can cause inconsistent and conflicting views. In this work, we introduce local and global contribution-value plots as a novel approach to visualize feature impact on predictions and the relationship with feature value. We discuss design decisions and show an exemplary visual analytics implementation that provides new insights into the model. We conducted a user study and found the visualizations aid model interpretation by increasing correctness and confidence and reducing the time taken to obtain an insight. Graphic Abstract";"direct";"Comparative evaluation of contribution-value plots for machine learning understanding";NA;NA;NA;NA;NA;NA;NA;NA;NA;NA;NA;NA;NA;"66";"AI experts (NA)";"SS,SC"
"10.1016/j.artint.2023.103861";2023;"Artificial Intelligence";"In this paper we report on a significant research project undertaken to design, implement and evaluate explainable decision-support tools for deciding legal cases. We provide a model of a legal domain, Article 6 of the European Convention on Human Rights, constructed using a methodology from the field of computational models of argument. We describe how the formal model has been developed, extended and transformed into practical tools, which were then used in evaluation exercises to determine the effectiveness and usability of the tools. The underpinning AI techniques used yield a level of explanation that is firmly grounded in legal reasoning and is also digestible by the target end users, as demonstrated through our evaluation activities. The results of our experimental evaluation show that on the first pass, our tool achieved an accuracy rate of 97% in matching the actual decisions of the cases and the user studies conducted gave highly encouraging results with respect to usability. As such, our project demonstrates how trustworthy AI tools can be built for a real world legal domain where critical needs of the end users are accounted for.";"direct";"Explainable AI tools for legal reasoning about cases: A study on the European Court of Human Rights";NA;NA;NA;NA;NA;NA;NA;NA;NA;NA;NA;NA;NA;"14";"domain experts (law)";"FS,SS"
"10.1145/3411764.3445351";2021;"CHI '21: Proceedings of the 2021 CHI Conference on Human Factors in Computing Systems";"Autonomous vehicles could improve mobility, safety, and inclusion in traffic. While this technology seems within reach, its successful introduction depends on the intended user’s acceptance. A substantial factor for this acceptance is trust in the autonomous vehicle’s capabilities. Visualizing internal information processed by an autonomous vehicle could calibrate this trust by enabling the perception of the vehicle’s detection capabilities (and its failures) while only inducing a low cognitive load. Additionally, the simultaneously raised situation awareness could benefit potential take-overs. We report the results of two comparative online studies on visualizing semantic segmentation information for the human user of autonomous vehicles. Effects on trust, cognitive load, and situation awareness were measured using a simulation (N=32) and state-of-the-art panoptic segmentation on a pre-recorded real-world video (N=41). Results show that the visualization using Augmented Reality increases situation awareness while remaining low cognitive load.";"indirect";"Effects of Semantic Segmentation Visualization on Trust, Situation Awareness, and Cognitive Load in Highly Automated Vehicles";NA;NA;NA;NA;NA;NA;NA;NA;NA;NA;NA;NA;NA;"41";"other (mail),other (online)";"SS"
"10.1016/j.artint.2021.103503";2021;"Artificial Intelligence";"Our research is a step toward ascertaining the need for personalization in XAI, and we do so in the context of investigating the value of explanations of AI-driven hints and feedback in Intelligent Tutoring Systems (ITS). We added an explanation functionality to the Adaptive CSP (ACSP) applet, an interactive simulation that helps students learn an algorithm for constraint satisfaction problems by providing AI-driven hints adapted to their predicted level of learning. We present the design of the explanation functionality and the results of a controlled study to evaluate its impact on students' learning and perception of the ACPS hints. The study includes an analysis of how these outcomes are modulated by several user characteristics such as personality traits and cognitive abilities, to asses if explanations should be personalized to these characteristics. Our results indicate that providing explanations increase students' trust in the ACPS hints, perceived usefulness of the hints, and intention to use them again. In addition, we show that students' access of the ACSP explanation and learning gains are modulated by three user characteristics, Need for Cognition, Contentiousness and Reading Proficiency, providing insights on how to personalize the ACSP explanations to these traits, as well as initial evidence on the potential value of personalized Explainable AI (XAI) for ITS.";"indirect";"Toward personalized XAI: A case study in intelligent tutoring systems";NA;NA;NA;NA;NA;NA;NA;NA;NA;NA;NA;NA;NA;"72";"students (NA),researchers (NA),administrative staff (NA)";"SS"
"10.1016/j.artint.2021.103471";2021;"Artificial Intelligence";"The interest in explainable artificial intelligence has grown strongly in recent years because of the need to convey safety and trust in the ‘how’ and ‘why’ of automated decision-making to users. While a plethora of approaches has been developed, only a few focus on how to use domain knowledge and how this influences the understanding of explanations by users. In this paper, we show that by using ontologies we can improve the human understandability of global post-hoc explanations, presented in the form of decision trees. In particular, we introduce Trepan Reloaded, which builds on Trepan, an algorithm that extracts surrogate decision trees from black-box models. Trepan Reloaded includes ontologies, that model domain knowledge, in the process of extracting explanations to improve their understandability. We tested the understandability of the extracted explanations by humans in a user study with four different tasks. We evaluate the results in terms of response times and correctness, subjective ease of understanding and confidence, and similarity of free text responses. The results show that decision trees generated with Trepan Reloaded, taking into account domain knowledge, are significantly more understandable throughout than those generated by standard Trepan. The enhanced understandability of post-hoc explanations is achieved with little compromise on the accuracy with which the surrogate decision trees replicate the behaviour of the original neural network models.";"direct";"Using ontologies to enhance human understandability of global post-hoc explanations of black-box models";NA;NA;NA;NA;NA;NA;NA;NA;NA;NA;NA;NA;NA;"63";"students (NA),other (personal contacts)";"FS,SS"
"10.1109/ICCP53602.2021.9733525";2021;"IEEE 17th International Conference on Intelligent Computer Communication and Processing (ICCP)";"There is an increasing demand for explainable models in various applications. We interleave here explanations generated both from black-box models and white-box models. To achieve this we employ (i) a local model-agnostic technique (LIME), (ii) a theoretic game approach (SHAP), (iii) an example-based explanation technique (ExMatchina), and (iv) a model-specific method (KTrain). The running scenario is to identify persons from images and to explain the algorithmic decision. First, we extract features from images in order to train a white-box model and deploy explanation methods that work with tabular data. Second, we take advantage of transfer learning and fine-tuning to train black-box models and deploy image-based explanations methods. We aim to increase the interpretability of the system by providing explanations. We use the results to determine whether or not decisions are valid or if explanations are viable. Although many explanations techniques have been developed, there are no appropriate performance metrics to evaluate them. We propose two metrics to evaluate explanations quality. Based on these metrics, we demonstrate that LIME is unstable as it generates different explanations for same instance at multiple runs. Advantages and disadvantages of explanations techniques are also discussed and a user-grounded evaluation is performed. The evaluation study reveals that several explanation techniques were pre-ferred by participants, followed by features listing, example-based explanations and pixels-based explanations.";"indirect";"Explainable Artificial Intelligence for Person Identification";NA;NA;NA;NA;NA;NA;NA;NA;NA;NA;NA;NA;NA;"100";"not stated (NA)";"SS"
"10.1109/IROS47612.2022.9981334";2022;"IEEE/RSJ International Conference on Intelligent Robots and Systems (IROS)";"Explainable artificial intelligence is a research field that tries to provide more transparency for autonomous intelligent systems. Explainability has been used, particularly in reinforcement learning and robotic scenarios, to better understand the robot decision-making process. Previous work, however, has been widely focused on providing technical explanations that can be better understood by AI practitioners than non-expert end-users. In this work, we make use of human-like explanations built from the probability of success to complete the goal that an autonomous robot shows after performing an action. These explanations are intended to be understood by people who have no or very little experience with artificial intelligence methods. This paper presents a user trial to study whether these explanations that focus on the probability an action has of succeeding in its goal constitute a suitable explanation for non-expert end-users. The results obtained show that non-expert participants rate robot explanations that focus on the probability of success higher and with less variance than technical explanations generated from Q-values, and also favor counterfactual explanations over standalone explanations.";"indirect";"Evaluating Human-like Explanations for Robot Actions in Reinforcement Learning Scenarios";NA;NA;NA;NA;NA;NA;NA;NA;NA;NA;NA;NA;NA;"228";"crowdsourcing (AMT)";"SS,SC"
"10.1007/3-540-45006-8_12";2003;"Case-Based Reasoning Research and Development (ICCBR 2003) Lecture Notes in Computer Science";"One of the perceived benefits of Case-Based Reasoning (CBR) is the potential to use retrieved cases to explain predictions. Surprisingly, this aspect of CBR has not been much researched. There has been some early work on knowledge-intensive approaches to CBR where the cases contain explanation patterns (e.g. SWALE). However, a more knowledge-light approach where the case similarity is the basis for explanation has received little attention. To explore this, we have developed a CBR system for predicting blood-alcohol level. We compare explanations of predictions produced by this system with alternative rule-based explanations. The case-based explanations fare very well in this evaluation and score significantly better than the rule-based alternative.";"indirect";"An Evaluation of the Usefulness of Case-Based Explanation";NA;NA;NA;NA;NA;NA;NA;NA;NA;NA;NA;NA;NA;"37";"domain experts (decision support systems users)";"SS,SC"
"10.1145/3534678.3539205";2022;"Proceedings of the 28th ACM SIGKDD Conference on Knowledge Discovery and Data Mining";"Automated fact checking systems have been proposed that quickly provide veracity prediction at scale to mitigate the negative influence of fake news on people and on public opinion. However, most studies focus on veracity classifiers of those systems, which merely predict the truthfulness of news articles. We posit that effective fact checking also relies on people's understanding of the predictions. In this paper, we propose elucidating fact checking predictions using counterfactual explanations to help people understand why a specific piece of news was identified as fake. In this work, generating counterfactual explanations for fake news involves three steps: asking good questions, finding contradictions, and reasoning appropriately. We frame this research question as contradicted entailment reasoning through question answering (QA). We first ask questions towards the false claim and retrieve potential answers from the relevant evidence documents. Then, we identify the most contradictory answer to the false claim by use of an entailment classifier. Finally, a counterfactual explanation is created using a matched QA pair with three different counterfactual explanation forms. Experiments are conducted on the FEVER dataset for both system and human evaluations. Results suggest that the proposed approach generates the most helpful explanations compared to state-of-the-art methods.";"direct";"Ask to Know More";NA;NA;NA;NA;NA;NA;NA;NA;NA;NA;NA;NA;NA;"625";"crowdsourcing (AMT)";"SC,SS"
"10.1145/3514094.3534144";2022;"AIES '22: Proceedings of the 2022 AAAI/ACM Conference on AI, Ethics, and Society";"We compared two sorts of explanations for decisions made by an AI system: counterfactual explanations about how an outcome could have been different in the past, and prefactual explanations about how it could be different in the future. We examined the effects of these alternative explanation strategies on the accuracy of users' judgments about the AI app's predictions about an outcome (inferred from information about the causes), compared to the accuracy of their judgments about the app's diagnoses of a cause (inferred from information about the outcome). The tasks were based on a simulated SmartAgriculture decision support system for grass growth outcomes on dairy farms in Experiment 1, and for an analogous alien planet domain in Experiment 2. The two experiments, with 243 participants, also tested users' confidence in their decisions, and their satisfaction with the explanations. Users made more accurate diagnoses of the presence of causes based on information about their outcome, compared to predictions of an outcome given information about the presence of causes. Their predictions and diagnoses were helped equally by counterfactual explanations and prefactual ones.";"direct";"Counterfactual Explanations for Prediction and Diagnosis in XAI";NA;NA;NA;NA;NA;NA;NA;NA;NA;NA;NA;NA;NA;"50";"crowdsourcing (Prolific)";"FS,SS"
"10.18653/v1/D16-1092";2016;"Proceedings of the 2016 Conference on Empirical Methods in Natural Language Processing";"We conduct large-scale studies on 'human attention' in Visual Question Answering (VQA) to understand where humans choose to look to answer questions about images.We design and test multiple game-inspired novel attention-annotation interfaces that require the subject to sharpen regions of a blurred image to answer a question.Thus, we introduce the VQA-HAT (Human ATtention) dataset.We evaluate attention maps generated by state-of-the-art VQA models against human attention both qualitatively (via visualizations) and quantitatively (via rank-order correlation).Overall, our experiments show that current VQA attention models do not seem to be looking at the same regions as humans.";"indirect";"Human Attention in Visual Question Answering: Do Humans and Deep Networks look at the same regions?";NA;NA;NA;NA;NA;NA;NA;NA;NA;NA;NA;NA;NA;"800";"crowdsourcing (AMT)";"FS,SC"
"10.1145/3377325.3377512";2020;"IUI '20: Proceedings of the 25th International Conference on Intelligent User Interfaces";"Machine learning (ML) systems across many application areas are increasingly demonstrating performance that is beyond that of humans. In response to the proliferation of such models, the field of Explainable AI (XAI) has sought to develop techniques that enhance the transparency and interpretability of machine learning methods. In this work, we consider a question not previously explored within the XAI and ML communities: Given a computational system whose performance exceeds that of its human user, can explainable AI capabilities be leveraged to improve the performance of the human? We study this question in the context of the game of Chess, for which computational game engines that surpass the performance of the average player are widely available. We introduce the Rationale-Generating Algorithm, an automated technique for generating rationales for utility-based computational methods, which we evaluate with a multi-day user study against two baselines. The results show that our approach produces rationales that lead to statistically significant improvement in human task performance, demonstrating that rationales automatically generated from an AI's internal task model can be used not only to explain what the system is doing, but also to instruct the user and ultimately improve their task performance.";"direct";"Leveraging rationales to improve human task performance";NA;NA;NA;NA;NA;NA;NA;NA;NA;NA;NA;NA;NA;"68";"crowdsourcing (AMT)";"TA"
"10.1145/3434073.3444657";2021;"HRI '21: Proceedings of the 2021 ACM/IEEE International Conference on Human-Robot Interaction";"With the growing capabilities of intelligent systems, the integration of robots in our everyday life is increasing. However, when interacting in such complex human environments, the occasional failure of robotic systems is inevitable. The field of explainable AI has sought to make complex-decision making systems more interpretable but most existing techniques target domain experts. On the contrary, in many failure cases, robots will require recovery assistance from non-expert users. In this work, we introduce a new type of explanation, εerr, that explains the cause of an unexpected failure during an agent's plan execution to non-experts. In order for error explanations to be meaningful, we investigate what types of information within a set of hand-scripted explanations are most helpful to non-experts for failure and solution identification. Additionally, we investigate how such explanations can be autonomously generated, extending an existing encoder-decoder model, and generalized across environments. We investigate such questions in the context of a robot performing a pick-and-place manipulation task in the home environment. Our results show that explanations capturing the context of a failure and history of past actions, are the most effective for failure and solution identification among non-experts. Furthermore, through a second user evaluation, we verify that our model-generated explanations can generalize to an unseen office environment, and are just as effective as the hand-scripted explanations.";"direct";"Explainable AI for Robot Failures";NA;NA;NA;NA;NA;NA;NA;NA;NA;NA;NA;NA;NA;"80";"crowdsourcing (AMT)";"FS,SC"
"10.1145/3561533";2023;"ACM Transactions on Interactive Intelligent Systems";"Smart home environments are designed to provide services that help improve the quality of life for the occupant via a variety of sensors and actuators installed throughout the space. Many automated actions taken by a smart home are governed by the output of an underlying activity recognition system. However, activity recognition systems may not be perfectly accurate, and therefore inconsistencies in smart home operations can lead users reliant on smart home predictions to wonder “Why did the smart home do that?” In this work, we build on insights from Explainable Artificial Intelligence (XAI) techniques and introduce an explainable activity recognition framework in which we leverage leading XAI methods (Local Interpretable Model-agnostic Explanations, SHapley Additive exPlanations (SHAP), Anchors) to generate natural language explanations that explain what about an activity led to the given classification. We evaluate our framework in the context of a commonly targeted smart home scenario: autonomous remote caregiver monitoring for individuals who are living alone or need assistance. Within the context of remote caregiver monitoring, we perform a two-step evaluation: (a) utilize Machine Learning experts to assess the sensibility of explanations and (b) recruit non-experts in two user remote caregiver monitoring scenarios, synchronous and asynchronous, to assess the effectiveness of explanations generated via our framework. Our results show that the XAI approach, SHAP, has a 92% success rate in generating sensible explanations. Moreover, in 83% of sampled scenarios users preferred natural language explanations over a simple activity label, underscoring the need for explainable activity recognition systems. Finally, we show that explanations generated by some XAI methods can lead users to lose confidence in the accuracy of the underlying activity recognition model, while others lead users to gain confidence. Taking all studied factors into consideration, we make a recommendation regarding which existing XAI method leads to the best performance in the domain of smart home automation and discuss a range of topics for future work to further improve explainable activity recognition.";"indirect";"Explainable Activity Recognition for Smart Home Systems";NA;NA;NA;NA;NA;NA;NA;NA;NA;NA;NA;NA;NA;"15,96";"students (NA),researchers (NA),administrative staff (NA),crowdsourcing (AMT)";"SS,SC"
"10.1109/CSCWD49262.2021.9437820";2021;"IEEE 24th International Conference on Computer Supported Cooperative Work in Design (CSCWD)";"Artificial intelligence (AI) has become part of our daily lives and is commonly used in a wide range of industries. However, most of users have little visibility and knowledge about how AI systems reach a particular decision and their outcomes in the various fields where AI and machine learning are being applied. Many of the algorithms' results cannot be understood and explained in terms of how and why a specific decision was taken. With the advance of artificial intelligence researches, several techniques and approaches have emerged over the last few years, but only a few studies have been produced with regards to the end-user perspective and comprehension of the algorithms outcomes. This paper aims to evaluate the comprehensibility of the explanations from the perspective of the different types of users, aiming to generate confidence and understanding of the results produced by the AI.";"indirect";"Research on Explainable Artificial Intelligence Techniques: An User Perspective";NA;NA;NA;NA;NA;NA;NA;NA;NA;NA;NA;NA;NA;"49,46";"domain experts (medical),domain experts (soccer),AI experts (NA),other (laymen)";"SS,SC"
"10.1145/3461702.3462565";2021;"AIES '21: Proceedings of the 2021 AAAI/ACM Conference on AI, Ethics, and Society";"We study whether receiving advice from either a human or algorithmic advisor, accompanied by five types of Local and Global explanation labelings, has an effect on the readiness to adopt, willingness to pay, and trust in a financial AI consultant. We compare the differences over time and in various key situations using a unique experimental framework where participants play a web-based game with real monetary consequences. We observed that accuracy-based explanations of the model in initial phases leads to higher adoption rates. When the performance of the model is immaculate, there is less importance associated with the kind of explanation for adoption. Using more elaborate feature-based or accuracy-based explanations helps substantially in reducing the adoption drop upon model failure. Furthermore, using an autopilot increases adoption significantly. Participants assigned to the AI-labeled advice with explanations were willing to pay more for the advice than the AI-labeled advice with No-explanation alternative. These results add to the literature on the importance of XAI for algorithmic adoption and trust.";"direct";"Explainable AI and Adoption of Financial Algorithmic Advisors";"Desiderata";"Subjective";"Low";TRUE;FALSE;TRUE;TRUE;TRUE;FALSE;TRUE;TRUE;FALSE;"2021 and after";"514";"crowdsourcing (AMT)";"SC"
"10.1007/978-3-031-21707-4_20";2022;"HCI International 2022 -- Late Breaking Papers: Interacting with eXtended Reality and Artificial Intelligence";"Research in the area of explainable AI (XAI) has made some progress. Research papers [9, 17] report that explainability cannot be built into technology without understanding the needs, goals, and tasks of the target user group. Little research has been done to provide evidence that explanations should be user role specific. The research results reported in this paper intents to provide data points that explanations need to be user role specific. The research addresses two research questions: RQ 1 Is a one-explanation fits all approach acceptable. To better understand explainability, the paper assumes three explanation qualities: trustworthiness (contributing to acceptability), understandability (contributing to effectiveness), and actionability (contributing to efficiency). The paper hypothesis that trustworthiness is a pre-requisite for understandability which is a pre-requisite for actionability. A user-centered design approach is performed to elicit explanation needs to validate them with representatives of the target user group of energy engineers, professionals that maintain buildings and their building services (providing a comfortable environment for occupants while optimizing cost and other goals). The research found that even for one user group (energy engineers), different explanations are needed for different user steps. The hypothesis of one-explanation fits-all had to be rejected. Based on the results, the hypothetical relationship between trustworthiness, understandability, and actionability had to be rejected. A new hypothetical relationship is formulated: understandability (contribution to effectiveness) and actionability (contributing to efficiency) are pre-requisites for trustworthiness (contributing to acceptability).";"direct";"How to Explain It to Energy Engineers?";NA;NA;NA;NA;NA;NA;NA;NA;NA;NA;NA;NA;NA;"11";"domain experts (energy engineers)";"SS"
"10.1007/978-3-031-35891-3_14";2023;"Artificial Intelligence in HCI: 4th International Conference (AI-HCI) Held as Part of the 25th HCI International Conference (HCII)";"In the context of explainable AI (XAI), little research has been done to show how user role specific explanations look like. This research aims to find out the explanation needs for a user role called “model manager”, a user monitoring multiple AI-based systems for quality assurance in manufacturing. The question this research attempts to answer is what are the explainability needs of the model manager. By using a design analysis technique (task questions), a concept (UI mockup) was created in a controlled way. Additionally, a causal chain model was created and used as an assumed representation of the mental model for explanations. Furthermore, several options of confidence levels were explored. In a qualitative user study (cognitive walkthrough) with ten participants, it was investigated which explanations are needed to support understandability, trustworthiness, and actionability. The research concludes four findings: F1) A mental model for explanations is an effective way to identify uncertainty addressing explanation content that addresses target user group specific needs. F2) “AI domain” and “application domain” explanations are identified as new explanation categories. F3) “show your work” and “singular” explanations are identified as new explanation categories. F4) “actionability” is identified as a new explanation quality.";"direct";"How to Explain It to a Model Manager?";NA;NA;NA;NA;NA;NA;NA;NA;NA;NA;NA;NA;NA;"10";"domain experts (Siemens employees)";"SS"
"10.1016/j.artint.2023.103995";2023;"Artificial Intelligence";"Counterfactual explanations have emerged as a popular solution for the eXplainable AI (XAI) problem of elucidating the predictions of black-box deep-learning systems because people easily understand them, they apply across different problem domains and seem to be legally compliant. Although over 100 counterfactual methods exist in the XAI literature, each claiming to generate plausible explanations akin to those preferred by people, few of these methods have actually been tested on users (∼7%). Even fewer studies adopt a user-centered perspective; for instance, asking people for their counterfactual explanations to determine their perspective on a good explanation. This gap in the literature is addressed here using a novel methodology that (i) gathers human-generated counterfactual explanations for misclassified images, in two user studies and, then, (ii) compares these human-generated explanations to computationally-generated explanations for the same misclassifications. Results indicate that humans do not minimally edit images when generating counterfactual explanations. Instead, they make larger, meaningful edits that better approximate prototypes in the counterfactual class. An analysis based on explanation goals is proposed to account for this divergence between human and machine explanations. The implications of these proposals for future work are discussed.";"direct";"Counterfactual explanations for misclassified images: How human and machine explanations differ";"Understanding";"Subjective";"Low";FALSE;FALSE;NA;NA;TRUE;FALSE;NA;FALSE;TRUE;"2021 and after";"42";"students (NA)";"FS,SC"
NA;2023;"The Eleventh International Conference on Learning Representations (ICLR)";"Explanation is a key component for the adoption of reinforcement learning (RL) in many real-world decision-making problems. In the literature,  the explanation is often provided by saliency attribution to the features of the RL agent's state. In this work, we propose a complementary approach to these explanations, particularly for offline RL, where we attribute the policy decisions of a trained RL agent to the trajectories encountered by it during training. To do so, we encode trajectories in offline training data individually as well as collectively (encoding a set of trajectories). We then attribute policy decisions to a set of trajectories in this encoded space by estimating the sensitivity of the decision with respect to that set.  Further, we demonstrate the effectiveness of the proposed approach in terms of quality of attributions as well as practical scalability in diverse environments that involve both discrete and continuous state and action spaces such as grid-worlds, video games (Atari) and continuous control (MuJoCo). We also conduct a human study on a simple navigation task to observe how their understanding of the task compares with data attributed for a trained RL policy.";"top 4";"Explaining RL Decisions with Trajectories";"Understanding";"Subjective";"No";FALSE;FALSE;NA;NA;FALSE;FALSE;NA;FALSE;FALSE;"top 4";"10";"not stated (NA)";"FS"
"10.1109/ICHMS53169.2021.9582653";2021;"2021 IEEE 2nd International Conference on Human-Machine Systems (ICHMS)";"Explainability in AI (XAI) is being investigated in various AI driven systems like search engines to promote trust and fairness in AI. In the context of search systems one major XAI goal is to explain the notion of similarity in text to a non-expert user like an avid reader searching for books in a digital library. What is the similarity between book A and B with respect to narrative time? How do the readers’ emotions change? This is often an important criteria for searching books. In this work we extend a recent explainable AI driven book search engine [1] with local explanations that visually support users to comprehend the similarity model. Each book is represented as a feature vector in an interpretable feature space with aspects such as sentence complexity, writing style. In the absence of ground truth similarities and explanations, the system is evaluated on the aspects of reliability of search results and explanations in user studies. Different baselines are created to compare with our back-end ranking model, keeping the user interface same for all. Experimental results on lab based user study with eye tracking mechanism indicate that the explanations help towards making the search system reliable for non expert users.";"direct";"Evaluating Reliability in Explainable Search";"Desiderata";"Objective and Subjective";"Med";TRUE;FALSE;NA;NA;TRUE;FALSE;FALSE;FALSE;FALSE;"2021 and after";"23";"students (NA),researchers (NA),administrative staff (NA)";"SS"
"10.1145/3461778.3462131";2021;"DIS '21: Proceedings of the 2021 ACM Designing Interactive Systems Conference";"The interpretability or explainability of AI systems (XAI) has been a topic gaining renewed attention in recent years across AI and HCI communities. Recent work has drawn attention to the emergent explainability requirements of in situ, applied projects, yet further exploratory work is needed to more fully understand this space. This paper investigates applied AI projects and reports on a qualitative interview study of individuals working on AI projects at a large technology and consulting company. Presenting an empirical understanding of the range of stakeholders in industrial AI projects, this paper also draws out the emergent explainability practices that arise as these projects unfold, highlighting the range of explanation audiences (who), as well as how their explainability needs evolve across the AI project lifecycle (when). We discuss the importance of adopting a sociotechnical lens in designing AI systems, noting how the “AI lifecycle” can serve as a design metaphor to further the XAI design field.";"direct";"Who needs to know what, when?: Broadening the Explainable AI (XAI) Design Space by Looking at Explanations Across the AI Lifecycle";NA;NA;NA;NA;NA;NA;NA;NA;NA;NA;NA;NA;NA;"30";"other (international technology and consulting corporation employees)";"SS"
NA;2019;"arXiv";"Recently, a method was proposed to generate contrastive explanations for differentiable models such as deep neural networks, where one has complete access to the model. In this work, we propose a method, Model Agnostic Contrastive Explanations Method (MACEM), to generate contrastive explanations for any classification model where one is able to only query the class probabilities for a desired input. This allows us to generate contrastive explanations for not only neural networks, but models such as random forests, boosted trees and even arbitrary ensembles that are still amongst the state-of-the-art when learning on structured data. Moreover, to obtain meaningful explanations we propose a principled approach to handle real and categorical features leading to novel formulations for computing pertinent positives and negatives that form the essence of a contrastive explanation. A detailed treatment of the different data types of this nature was not performed in the previous work, which assumed all features to be positive real valued with zero being indicative of the least interesting value. We part with this strong implicit assumption and generalize these methods so as to be applicable across a much wider range of problem settings. We quantitatively and qualitatively validate our approach over 5 public datasets covering diverse domains.";"indirect";"Model Agnostic Contrastive Explanations for Structured Data";NA;NA;NA;NA;NA;NA;NA;NA;NA;NA;NA;NA;NA;"2";"domain experts (finance),domain experts (neuroscience)";"FS,SS,SC"
NA;2019;"ACMIUI-WS '19: Joint Proceedings of the ACM IUI 2019 Workshops co-located with the 24th ACM Conference on Intelligent User Interfaces (ACM IUI 2019)";"With the growing interest towards the application of Machine Learning techniques to many application domains, the need for transparent and interpretable ML is getting stronger. Visualizations methods can help model developers understand and refine ML models by making the logic of a given model visible and interactive. In this paper we describe a visual analytics tool we developed to support developers and domain experts (with little to no expertise in ML) in understanding the logic of a ML model without having access to the internal structure of the model (i.e., a model-agnostic method). The method is based on the creation of a “surrogate” decision tree which simulates the behavior of the black-box model of interest and presents readable rules to the end-users. We evaluate the effectiveness of the method with a preliminary user study and analysis of the level of fidelity the surrogate decision tree can reach with respect to the original model.";"indirect";"Surrogate decision tree visualization interpreting and visualizing black-box classification models with surrogate decision tree";NA;NA;NA;NA;NA;NA;NA;NA;NA;NA;NA;NA;NA;"5";"students (NA)";"SS"
"10.1016/j.inffus.2021.11.017";2022;"Information Fusion";"When it comes to complex machine learning models, commonly referred to as black boxes, understanding the underlying decision making process is crucial for domains such as healthcare and financial services, as well as when they are used in connection with safety critical systems such as autonomous vehicles. As a result, interest in explainable artificial intelligence (xAI) tools and techniques has increased in recent years. However, the user experience (UX) effectiveness of existing xAI frameworks, especially concerning algorithms that work with data as opposed to images, is still an open research question. In order to address this gap, we examine the UX effectiveness of the Local Interpretable Model-Agnostic Explanations (LIME) xAI framework, one of the most popular model agnostic frameworks found in the literature, with a specific focus on its performance in terms of making tabular models more interpretable. In particular, we apply several state of the art machine learning algorithms on a tabular dataset, and demonstrate how LIME can be used to supplement conventional performance assessment methods. Based on this experience, we evaluate the understandability of the output produced by LIME both via a usability study, involving participants who are not familiar with LIME, and its overall usability via a custom made assessment framework, called Model Usability Evaluation (MUsE), which is derived from the International Organisation for Standardisation 9241-11:2018 standard.";"direct";"A novel model usability evaluation framework (MUsE) for explainable artificial intelligence";NA;NA;NA;NA;NA;NA;NA;NA;NA;NA;NA;NA;NA;"12";"students (NA),researchers (NA)";"SS"
NA;2024;"ICML '24: Proceedings of the 41st International Conference on Machine Learning (PMLR)";"Counterfactual explanations (CEs) based on concepts are explanations that consider alternative scenarios to understand which high-level semantic features contributed to particular model predictions. In this work, we propose CEs based on the semantic graphs accompanying input data to achieve more descriptive, accurate, and human-aligned explanations. Building upon state-of-the-art (SoTA) conceptual attempts, we adopt a model-agnostic edit-based approach and introduce leveraging GNNs for efficient Graph Edit Distance (GED) computation. With a focus on the visual domain, we represent images as scene graphs and obtain their GNN embeddings to bypass solving the NP-hard graph similarity problem for all input pairs, an integral part of the CE computation process. We apply our method to benchmark and real-world datasets with varying difficulty and availability of semantic annotations. Testing on diverse classifiers, we find that our CEs outperform previous SoTA explanation models based on semantics, including both white and black-box as well as conceptual and pixel-level approaches. Their superiority is proven quantitatively and qualitatively, as validated by human subjects, highlighting the significance of leveraging semantic edges in the presence of intricate relationships. Our model-agnostic graph-based approach is widely applicable and easily extensible, producing actionable explanations across different contexts.";"top 4";"Structure Your Data: Towards Semantic Graph Counterfactuals";"Understanding";"Objective and Subjective";"No";FALSE;FALSE;NA;NA;FALSE;FALSE;FALSE;FALSE;FALSE;"top 4";"33";"students (NA)";"SS,SC"
"10.1145/3301275.3302310";2019;"IUI '19: Proceedings of the 24th International Conference on Intelligent User Interfaces";"Ensuring fairness of machine learning systems is a human-in-the-loop process. It relies on developers, users, and the general public to identify fairness problems and make improvements. To facilitate the process we need effective, unbiased, and user-friendly explanations that people can confidently rely on. Towards that end, we conducted an empirical study with four types of programmatically generated explanations to understand how they impact people's fairness judgments of ML systems. With an experiment involving more than 160 Mechanical Turk workers, we show that: 1) Certain explanations are considered inherently less fair, while others can enhance people's confidence in the fairness of the algorithm; 2) Different fairness problems--such as model-wide fairness issues versus case-specific fairness discrepancies--may be more effectively exposed through different styles of explanation; 3) Individual differences, including prior positions and judgment criteria of algorithmic fairness, impact how people react to different styles of explanation. We conclude with a discussion on providing personalized and adaptive explanations to support fairness judgments of ML systems.";"indirect";"Explaining models";NA;NA;NA;NA;NA;NA;NA;NA;NA;NA;NA;NA;NA;"160";"crowdsourcing (AMT)";"FS,SS"
"10.1145/3453173";2021;"ACM Transactions on Interactive Intelligent Systems (TiiS)";"Explainable AI is growing in importance as AI pervades modern society, but few have studied how explainable AI can directly support people trying to assess an AI agent. Without a rigorous process, people may approach assessment in ad hoc ways—leading to the possibility of wide variations in assessment of the same agent due only to variations in their processes. AAR, or After-Action Review, is a method some military organizations use to assess human agents, and it has been validated in many domains. Drawing upon this strategy, we derived an After-Action Review for AI (AAR/AI), to organize ways people assess reinforcement learning agents in a sequential decision-making environment. We then investigated what AAR/AI brought to human assessors in two qualitative studies. The first investigated AAR/AI to gather formative information, and the second built upon the results, and also varied the type of explanation (model-free vs. model-based) used in the AAR/AI process. Among the results were the following: (1) participants reporting that AAR/AI helped to organize their thoughts and think logically about the agent, (2) AAR/AI encouraged participants to reason about the agent from a wide range of perspectives , and (3) participants were able to leverage AAR/AI with the model-based explanations to falsify the agent’s predictions.";"direct";"After-Action Review for AI (AAR/AI)";"Understanding";"Subjective";"Low";FALSE;FALSE;NA;NA;TRUE;FALSE;TRUE;FALSE;TRUE;"2021 and after";"22";"students (NA),researchers (NA),administrative staff (NA)";"SS,SAR"
"10.1145/3490099.3511115";2022;"IUI '22: 27th International Conference on Intelligent User Interfaces";"Faced with several AI-powered sequential decision-making systems, how might someone choose on which to rely? For example, imagine car buyer Blair shopping for a self-driving car, or developer Dillon trying to choose an appropriate ML model to use in their application. Their first choice might be infeasible (i.e., too expensive in money or execution time), so they may need to select their second or third choice. To address this question, this paper presents: 1) Explanation Resolution, a quantifiable direct measurement concept; 2) a new XAI empirical task to measure explanations: the Ranking Task; and 3) a new strategy for inducing controllable agent variations—Mutant Agent Generation. In support of those main contributions, it also presents 4) novel explanations for sequential decision-making agents; 5) an adaptation to the AAR/AI assessment process; and 6) a qualitative study around these devices with 10 participants to investigate how they performed the Ranking Task on our mutant agents, using our explanations, and structured by AAR/AI. From an XAI researcher perspective, just as mutation testing can be applied to any code, mutant agent generation can be applied to essentially any neural network for which one wants to evaluate an assessment process or explanation type. As to an XAI user's perspective, the participants ranked the agents well overall, but showed the importance of high explanation resolution for close differences between agents. The participants also revealed the importance of supporting a wide diversity of explanation diets and agent test selection strategies.";"direct";"How Do People Rank Multiple Mutant Agents?";NA;NA;NA;NA;NA;NA;NA;NA;NA;NA;NA;NA;NA;"10";"other (flyers)";"SS,FS"
"10.1145/3301275.3302274";2019;"IUI '19: Proceedings of the 24th International Conference on Intelligent User Interfaces";"There are very few works about explaining content-based recommendations of images in the artistic domain. Current works do not provide a perspective of the many variables involved in the user perception of several aspects of the system such as domain knowledge, relevance, explainability, and trust. In this paper, we aim to fill this gap by studying three interfaces, with different levels of explainability, for artistic image recommendation. Our experiments with N=121 users confirm that explanations of recommendations in the image domain are useful and increase user satisfaction, perception of explainability and relevance. Furthermore, our results show that the observed effects are also dependent on the underlying recommendation algorithm used. We tested two algorithms: Deep Neural Networks (DNN), which has high accuracy, and Attractiveness Visual Features (AVF) with high transparency but lower accuracy. Our results indicate that algorithms should not be studied in isolation, but rather in conjunction with interfaces, since both play a significant role in the perception of explainability and trust for image recommendation. Finally, using the framework by Knijnenburg et al., we provide a comprehensive model which synthesizes the effects between different variables involved in the user experience with explainable visual recommender systems of artistic images.";"indirect";"The effect of explanations and algorithmic accuracy on visual recommender systems of artistic images";NA;NA;NA;NA;NA;NA;NA;NA;NA;NA;NA;NA;NA;"200";"crowdsourcing (AMT)";"SS,SC"
"10.1145/3369396";2020;"ACM Transactions on Interactive Intelligent Systems (TiiS)";"Explaining suggestions made by recommendation systems is key to make users trust and accept these systems. This is specially critical in areas such as art image recommendation. Traditionally, artworks are sold in galleries where people can see them physically, and artists have the chance to persuade the people into buying them. On the other side, online art stores only offer the user the action of navigating through the catalog, but nobody plays the persuading role of the artist. Moreover, few works in recommendation systems provide a perspective of the many variables involved in the user perception of several aspects of the system such as domain knowledge, relevance, explainability, and trust. In this article, we aim to fill this gap by studying several aspects of the user experience with a recommender system of artistic images, from algorithmic and HCI perspectives. We conducted two user studies in Amazon Mechanical Turk to evaluate different levels of explainability, combined with different algorithms. While in study 1 we focus only on a desktop interface, in study 2 we attempt to understand the effect of explanations in mobile devices. In general, our experiments confirm that explanations of recommendations in the image domain are useful and increase user satisfaction, perception of explainability and relevance. In the first study, our results show that the observed effects are dependent on the underlying recommendation algorithm used. In the second study, our results show that these effects are also dependent of the device used in the study but with a smaller effect. Finally, using the framework by Knijnenburg et al., we provide a comprehensive model, for each study, which synthesizes the effects between different variables involved in the user experience with explainable visual recommender systems of artistic images.";"direct";"Algorithmic and HCI Aspects for Explaining Recommendations of Artistic Images";"Understanding and Desiderata";"Subjective";"Med";TRUE;NA;TRUE;TRUE;TRUE;FALSE;TRUE;FALSE;FALSE;"up to 2020";"202";"crowdsourcing (AMT)";"SS"
"10.1145/3341105.3373910";2020;"SAC '20: Proceedings of the 35th Annual ACM Symposium on Applied Computing";"Explainable AI aims at building intelligent systems that are able to provide a clear, and human understandable, justification of their decisions. This holds for both rule-based and data-driven methods. In management of chronic diseases, the users of such systems are patients that follow strict dietary rules to manage such diseases. After receiving the input of the intake food, the system performs reasoning to understand whether the users follow an unhealthy behaviour. Successively, the system has to communicate the results in a clear and effective way, that is, the output message has to persuade users to follow the right dietary rules. In this paper, we address the main challenges to build such systems: i) the natural language generation of messages that explain the reasoner inconsistency; ii) the effectiveness of such messages at persuading the users. Results prove that the persuasive explanations are able to reduce the unhealthy users' behaviours.";"indirect";"Explaining reasoning algorithms with persuasiveness";NA;NA;NA;NA;NA;NA;NA;NA;NA;NA;NA;NA;NA;"3,120";"domain experts (dietitians),domain experts (well-being coaches),domain experts (FBK's workers)";"FS,SC,TA"
"10.1145/3377325.3377520";2020;"IUI '20: Proceedings of the 25th International Conference on Intelligent User Interfaces";"Recommender Systems have seen substantial progress in terms of algorithmic sophistication recently. Yet, the systems mostly act as black boxes and are limited in their capacity to explain why an item is recommended. In many cases recommendations methods are employed in scenarios where users not only rate items, but also convey their opinion on various relevant aspects, for instance by the means of textual reviews. Such user-generated content can serve as a useful source for deriving explanatory information to increase system intelligibility and, thereby, the user's understanding.";"direct";"Explaining recommendations by means of aspect-based transparent memories";NA;NA;NA;NA;NA;NA;NA;NA;NA;NA;NA;NA;NA;"148";"crowdsourcing (AMT)";"SS,SC"
"10.1007/978-3-540-28631-8_13";2004;" Advances in Case-Based Reasoning (ECCBR) Lecture Notes in Computer Science";"This paper is based on the observation that the nearest neighbour in a case-based prediction system may not be the best case to explain a prediction. This observation is based on the notion of a decision surface (i.e. class boundary) and the idea that cases located between the target case and the decision surface are more convincing as support for explanation. This motivates the idea of explanation utility, a metric that may be different to the similarity metric used for nearest neighbour retrieval. In this paper we present an explanation utility framework and present detailed examples of how it is used in two medical decision-support tasks. These examples show how this notion of explanation utility sometimes select cases other than the nearest neighbour for use in explanation and how these cases are more convincing as explanations.";"indirect";"Explanation Oriented Retrieval";NA;NA;NA;NA;NA;NA;NA;NA;NA;NA;NA;NA;NA;"NA";"not stated (NA)";"SC"
"10.1111/j.1467-8640.2006.00288.x";2006;"Computational Intelligence";"The research presented here explores the hypothesis that the deployment and acceptance of decision support systems in medicine will be enhanced if the basis for the recommendation produced by the system is apparent. We describe a decision support system for advising on patients suffering from bronchiolitis. This system supports its recommendations with precedent cases selected to support the recommendation along with justification text that highlights aspects of these cases relevant to the query case. It also presents an estimate of its confidence in the recommendation. The main contribution of this paper is an evaluation of this system in a clinical context. The evaluation shows that this type of explanation does enhance the usefulness of the system for practitioners.";"indirect";"AN EVALUATION OF THE USEFULNESS OF EXPLANATION IN A CASE‐BASED REASONING SYSTEM FOR DECISION SUPPORT IN BRONCHIOLITIS TREATMENT";"Desiderata";"Subjective";"Med";FALSE;FALSE;NA;NA;FALSE;FALSE;FALSE;FALSE;FALSE;"up to 2020";"106";"domain experts (medical)";"SS"
"10.3390/app122010323";2022;"Applied Sciences";"Explainable artificial intelligence (XAI) has shown benefits in clinical decision support systems (CDSSs); however, it is still unclear to CDSS developers how to select an XAI method to optimize the advice-taking of healthcare practitioners. We performed a user study on healthcare practitioners based on a machine learning-based CDSS for the prediction of gestational diabetes mellitus to explore and compare two XAI methods: explanation by feature contribution and explanation by example. Participants were asked to make estimates for both correctly and incorrectly predicted cases to determine if there were any over-reliance or self-reliance issues. We examined the weight of advice and healthcare practitioners’ preferences. Our results based on statistical tests showed no significant difference between the two XAI methods regarding the advice-taking. The CDSS explained by either method had a substantial impact on the decision-making of healthcare practitioners; however, both methods may lead to over-reliance issues. We identified the inclination towards CDSS use as a key factor in the advice-taking from an explainable CDSS among obstetricians. Additionally, we found that different types of healthcare practitioners had differing preferences for explanations; therefore, we suggest that CDSS developers should select XAI methods according to their target users.";"direct";"The Role of XAI in Advice-Taking from a Clinical Decision Support System: A Comparative User Study of Feature Contribution-Based and Example-Based Explanations";"Desiderata";"Objective and Subjective";"Med";FALSE;FALSE;NA;NA;TRUE;FALSE;NA;FALSE;FALSE;"2021 and after";"26";"domain experts (medical)";"FS,SC"
NA;2022;"NIPS '22: Proceedings of the 36th International Conference on Neural Information Processing Systems";"Generalized Additive Models (GAMs) have quickly become the leading choice for interpretable machine learning. However, unlike uninterpretable methods such as DNNs, they lack expressive power and easy scalability, and are hence not a feasible alternative for real-world tasks. We present a new class of GAMs that use tensor rank decompositions of polynomials to learn powerful, inherently-interpretable models. Our approach, titled Scalable Polynomial Additive Models (SPAM) is effortlessly scalable and models all higher-order feature interactions without a combinatorial parameter explosion. SPAM outperforms all current interpretable approaches, and matches DNN/XGBoost performance on a series of real-world benchmarks with up to hundreds of thousands of features. We demonstrate by human subject evaluations that SPAMs are demonstrably more interpretable in practice, and are hence an effortless replacement for DNNs for creating interpretable and high-performance systems suitable for large-scale machine learning.";"top 4";"Scalable interpretability via polynomials";"Understanding";"Objective";"No";FALSE;FALSE;FALSE;TRUE;FALSE;FALSE;NA;FALSE;FALSE;"top 4";"150,150";"crowdsourcing (AMT)";"FS,SC"
"10.1518/0018720024494856";2002;"Human Factors The Journal of the Human Factors and Ergonomics Society";"Although increases in the use of automation have occurred across society, research has found that human operators often underutilize (disuse) and overly rely on (misuse) automated aids (R. Parasuraman & V. Riley, 1997). Nearly 275 Cameron University students participated in 1 of 3 experiments performed to examine the effects of perceived utility (M. T. Dzindolet, H. P. Beck, L. G. Pierce, & L. A. Dawe, 2001) on automation use in a visual detection task and to compare reliance on automated aids with reliance on humans. Results revealed a bias for human operators to rely on themselves. Although self-report data indicate a bias toward automated aids over human aids, performance data revealed that participants were more likely to disuse automated aids than to disuse human aids. This discrepancy was accounted for by assuming human operators have a perfect automation schema. Actual or potential applications of this research include the design of future automateddecision aids and training procedures for operators relying on such aids.";"indirect";"The Perceived Utility of Human and Automated Aids in a Visual Detection Task";NA;NA;NA;NA;NA;NA;NA;NA;NA;NA;NA;NA;NA;"134";"students (NA)";"FS,SS,SC"
"10.1016/S1071-5819(03)00038-7";2003;"International Journal of Human-Computer Studies";"A recent and dramatic increase in the use of automation has not yielded comparable improvements in performance. Researchers have found human operators often underutilize (disuse) and overly rely on (misuse) automated aids (Parasuraman and Riley, 1997). Three studies were performed with Cameron University students to explore the relationship among automation reliability, trust, and reliance. With the assistance of an automated decision aid, participants viewed slides of Fort Sill terrain and indicated the presence or absence of a camouflaged soldier. Results from the three studies indicate that trust is an important factor in understanding automation reliance decisions. Participants initially considered the automated decision aid trustworthy and reliable. After observing the automated aid make errors, participants distrusted even reliable aids, unless an explanation was provided regarding why the aid might err. Knowing why the aid might err increased trust in the decision aid and increased automation reliance, even when the trust was unwarranted. Our studies suggest a need for future research focused on understanding automation use, examining individual differences in automation reliance, and developing valid and reliable self-report measures of trust in automation.";"indirect";"The role of trust in automation reliance";NA;NA;NA;NA;NA;NA;NA;NA;NA;NA;NA;NA;NA;"180";"students (NA)";"SS,SC"
"10.1080/10447318.2022.2126812";2022;"International Journal of Human-Computer Interaction";"Providing explanations of an artificial intelligence (AI) system has been suggested as a means to increase users' acceptance during the decision-making process. However, little research has been done to examine the psychological mechanism of how these explanations cause a positive or negative reaction in the user. To address this gap, we investigate the effect on user acceptance if decisions and the associated provided explanations contradict between an AI system and the user. An interdisciplinary research model was derived and validated by an experiment with 78 participants. Findings suggest that in decision situations with cognitive misfit users experience negative mood significantly more often and have a negative evaluation of the AI system's support. Therefore, the following article provides further guidance regarding new interdisciplinary approaches for dealing with human-AI interaction during the decision-making process and sheds some light on how explainable AI can increase users' acceptance of such systems.";"direct";"Explainable AI: The Effect of Contradictory Decisions and Explanations on Users’ Acceptance of AI Systems";NA;NA;NA;NA;NA;NA;NA;NA;NA;NA;NA;NA;NA;"78";"other (social media)";"SS,SC"
"10.1145/1943403.1943424";2011;"IUI '11: Proceedings of the 16th international conference on Intelligent user interfaces";"Research on intelligent systems has emphasized the benefits of providing explanations along with recommendations. But can explanations lead users to make incorrect decisions? We explored this question in a controlled experimental study with 18 professional network security analysts doing an incident classification task using a prototype cybersecurity system. The system provided three recommendations on each trial. The recommendations were displayed with explanations (called justifications) or without. On half the trials, one of the recommendations was correct; in the other half none of the recommendations was correct. Users were more accurate with correct recommendations. Although there was no benefit overall of explanation, we found that a segment of the analysts were more accurate with explanations when a correct choice was available but were less accurate with explanations in the absence of a correct choice. We discuss implications of these results for the design of intelligent systems.";"indirect";"Taking advice from intelligent systems";NA;NA;NA;NA;NA;NA;NA;NA;NA;NA;NA;NA;NA;"19";"domain experts (cybersecurity)";"SS,SC,FS"
"10.1145/3301275.3302316";2019;"IUI '19: Proceedings of the 24th International Conference on Intelligent User Interfaces";"Automated rationale generation is an approach for real-time explanation generation whereby a computational model learns to translate an autonomous agent's internal state and action data representations into natural language. Training on human explanation data can enable agents to learn to generate human-like explanations for their behavior. In this paper, using the context of an agent that plays Frogger, we describe (a) how to collect a corpus of explanations, (b) how to train a neural rationale generator to produce different styles of rationales, and (c) how people perceive these rationales. We conducted two user studies. The first study establishes the plausibility of each type of generated rationale and situates their user perceptions along the dimensions of confidence, humanlike-ness, adequate justification, and understandability. The second study further explores user preferences between the generated rationales with regard to confidence in the autonomous agent, communicating failure and unexpected behavior. Overall, we find alignment between the intended differences in features of the generated rationales and the perceived differences by users. Moreover, context permitting, participants preferred detailed rationales to form a stable mental model of the agent's behavior.";"direct";"Automated rationale generation";NA;NA;NA;NA;NA;NA;NA;NA;NA;NA;NA;NA;NA;"128";"crowdsourcing (AMT)";"SS,SC"
"10.1007/978-3-030-60117-1_33";2020;"HCI International Late Breaking Papers: Multimodality and Intelligence (HCII) Lecture Notes in Computer Science";"Explanations—a form of post-hoc interpretability—play an instrumental role in making systems accessible as AI continues to proliferate complex and sensitive sociotechnical systems. In this paper, we introduce Human-centered Explainable AI (HCXAI) as an approach that puts the human at the center of technology design. It develops a holistic understanding of “who” the human is by considering the interplay of values, interpersonal dynamics, and the socially situated nature of AI systems. In particular, we advocate for a reflective sociotechnical approach. We illustrate HCXAI through a case study of an explanation system for non-technical end-users that shows how technical advancements and the understanding of human factors co-evolve. Building on the case study, we lay out open research questions pertaining to further refining our understanding of “who” the human is and extending beyond 1-to-1 human-computer interactions. Finally, we propose that a reflective HCXAI paradigm—mediated through the perspective of Critical Technical Practice and supplemented with strategies from HCI, such as value-sensitive design and participatory design—not only helps us understand our intellectual blind spots, but it can also open up new design and research spaces.";"indirect";"Human-Centered Explainable AI: Towards a Reflective Sociotechnical Approach";NA;NA;NA;NA;NA;NA;NA;NA;NA;NA;NA;NA;NA;"60";"crowdsourcing (AMT)";"SS,SC"
"10.1145/3613904.3642474";2024;"CHI '24: Proceedings of the CHI Conference on Human Factors in Computing Systems";"Explainability of AI systems is critical for users to take informed actions. Understanding who opens the black-box of AI is just as important as opening it. We conduct a mixed-methods study of how two different groups—people with and without AI background—perceive different types of AI explanations. Quantitatively, we share user perceptions along five dimensions. Qualitatively, we describe how AI background can influence interpretations, elucidating the differences through lenses of appropriation and cognitive heuristics. We find that (1) both groups showed unwarranted faith in numbers for different reasons and (2) each group found value in different explanations beyond their intended design. Carrying critical implications for the field of XAI, our findings showcase how AI generated explanations can have negative consequences despite best intentions and how that could lead to harmful manipulation of trust. We propose design interventions to mitigate them.";"direct";"The Who in XAI: How AI Background Shapes Perceptions of AI Explanations";"Understanding";"Subjective";"Low";FALSE;FALSE;FALSE;FALSE;TRUE;FALSE;FALSE;TRUE;FALSE;"2021 and after";"53,96";"crowdsourcing (AMT),students (NA)";"SC"
"10.1145/3579467";2023;"Proceedings of the ACM on Human-Computer Interaction";"Explainable AI (XAI) systems are sociotechnical in nature; thus, they are subject to the sociotechnical gap--divide between the technical affordances and the social needs. However, charting this gap is challenging. In the context of XAI, we argue that charting the gap improves our problem understanding, which can reflexively provide actionable insights to improve explainability. Utilizing two case studies in distinct domains, we empirically derive a framework that facilitates systematic charting of the sociotechnical gap by connecting AI guidelines in the context of XAI and elucidating how to use them to address the gap. We apply the framework to a third case in a new domain, showcasing its affordances. Finally, we discuss conceptual implications of the framework, share practical considerations in its operationalization, and offer guidance on transferring it to new contexts. By making conceptual and practical contributions to understanding the sociotechnical gap in XAI, the framework expands the XAI design space.";"direct";"Charting the Sociotechnical Gap in Explainable AI: A Framework to Address the Gap in XAI";NA;NA;NA;NA;NA;NA;NA;NA;NA;NA;NA;NA;NA;"13,28";"domain experts (medical),AI experts (NA),other (VPs),other (UX workers),other (Product Managers)";"SS"
"10.1145/3411764.3445188";2021;"CHI '21: Proceedings of the 2021 CHI Conference on Human Factors in Computing Systems";"As AI-powered systems increasingly mediate consequential decision-making, their explainability is critical for end-users to take informed and accountable actions. Explanations in human-human interactions are socially-situated. AI systems are often socio-organizationally embedded. However, Explainable AI (XAI) approaches have been predominantly algorithm-centered. We take a developmental step towards socially-situated XAI by introducing and exploring Social Transparency (ST), a sociotechnically informed perspective that incorporates the socio-organizational context into explaining AI-mediated decision-making. To explore ST conceptually, we conducted interviews with 29 AI users and practitioners grounded in a speculative design scenario. We suggested constitutive design elements of ST and developed a conceptual framework to unpack ST's effect and implications at the technical, decision-making, and organizational level. The framework showcases how ST can potentially calibrate trust in AI, improve decision-making, facilitate organizational collective actions, and cultivate holistic explainability. Our work contributes to the discourse of Human-Centered XAI by expanding the design space of XAI.";"direct";"Expanding Explainability: Towards Social Transparency in AI systems";NA;NA;NA;NA;NA;NA;NA;NA;NA;NA;NA;NA;NA;"29";"AI experts (NA)";"SS"
"10.1145/3290607.3312787";2019;"CHI EA '19: Extended Abstracts of the 2019 CHI Conference on Human Factors in Computing Systems";"Work in social psychology on interpersonal interaction has demonstrated that people are more likely to comply to a request if they are presented with a justification - even if this justification conveys no information. In the light of the many calls for explaining reasoning of interactive intelligent systems to users, we investigate whether this effect holds true for human-computer interaction. Using a prototype of a nutrition recommender, we conducted a lab study (N=30) between three groups (no explanation, placebic explanation, and real explanation). Our results indicate that placebic explanations for algorithmic decision-making may indeed invoke perceived levels of trust similar to real explanations. We discuss how placebic explanations could be considered in future work.";"indirect";"The Impact of Placebic Explanations on Trust in Intelligent Systems";NA;NA;NA;NA;NA;NA;NA;NA;NA;NA;NA;NA;NA;"30";"other (IT professionals)";"SS,SC"
"10.1007/978-3-030-01081-2_6";2018;"Lecture notes in computer science";"This paper addresses the issues of explainability of case-based support systems, particularly structural CBR systems dominated by knowledge-rich comprehensive cases and domain models. We show how explanation patterns and contextually enriched explanations of retrieval results can provide human-understandable insights on the system behavior, justify the shown results, and recommend the best cases to be considered for further use. We applied and implemented our approach as an agent-based system module within a case-based assistance framework for support of the early conceptual phases in architectural design, taking a single floor plan as a case with a high number of attributes. For the retrieval phase, a semantic search pattern structure, Semantic Fingerprint, was applied, whereas the explanation generation phase is controlled by a number of explanation patterns adapted from already existing explanation goals. Rulesets, case bases, and natural language generation are used for construction and automatic revision of explanation expressions. A contextualization feature categorizes the results into different context classes and includes this information into the explanation. A user study we conducted after the implementation of the explanation algorithm resulted in good acceptance by the representatives of the architectural domain, a quantitative experiment revealed a high rate of valid generated explanations and a reasonable distribution of patterns and contexts.";"indirect";"Explainable Distributed Case-Based Support Systems: Patterns for Enhancement and Validation of Design Recommendations";NA;NA;NA;NA;NA;NA;NA;NA;NA;NA;NA;NA;NA;"5";"not stated (NA)";"SS"
"10.1515/cdbme-2022-1031";2022;"Current Directions in Biomedical Engineering";"Abstract Artificial Intelligence (AI) methods, which are often based on Machine Learning (ML) algorithms, are also applied in the healthcare domain to provide predictions to physicians and patients based on electronic health records (EHRs), such as history of laboratory values, applied procedures and diagnoses. The question about these predictions “Why Should I Trust You?” encapsulates the issue with ML black boxes. Therefore, explaining the reasons for these ML predictions to physicians and patients is crucial to allow them to decide whether the prediction is applicable or not. In this paper, we explained and evaluated two prediction explanation methods for healthcare professionals (physicians and nurses). We compared two model-agnostic explanation methods based on global feature importance and local feature importance. We evaluated the user trust and reliance (UTR) for the explanation results of each method in a user study based on real patients’ electronic health records (EHR) and the feedback of healthcare professionals. Based on the user study, we observed that both methods have strengths and weaknesses according to the patients’ data, especially based on the data size of the patient. When the amount of data is small, global feature importance is enough to use. However, when the patient’s data size is big, using a local feature importance method makes more sense. As future work, we will develop a hybrid explanation method (by combining these methods automatically with a smart setting) to obtain higher and more stable performance results in terms of user trust and reliance.";"direct";"Explaining Machine Learning Predictions of Decision Support Systems in Healthcare";NA;NA;NA;NA;NA;NA;NA;NA;NA;NA;NA;NA;NA;"4";"domain experts (medical)";"SS,SC"
"10.1109/BigData55660.2022.10020248";2022;"2022 IEEE International Conference on Big Data (Big Data)";"Many studies of the adoption of machine learning (ML) in Security Operation Centres (SOCs) have pointed to a lack of transparency and explanation – and thus trust – as a barrier to ML adoption, and have suggested eXplainable Artificial Intelligence (XAI) as a possible solution. However, there is a lack of studies addressing to which degree XAI indeed helps SOC analysts. Focusing on two XAI-techniques, SHAP and LIME, we have interviewed several SOC analysts to understand how XAI can be used and adapted to explain ML-generated alerts. The results show that XAI can provide valuable insights for the analyst by highlighting features and information deemed important for a given alert. As far as we are aware, we are the first to conduct such a user study of XAI usage in a SOC and this short paper provides our initial findings.";"direct";"Towards XAI in the SOC – a user centric study of explainable alerts with SHAP and LIME";NA;NA;NA;NA;NA;NA;NA;NA;NA;NA;NA;NA;NA;"10";"domain experts (Security Operations Center employees)";"SC"
"10.1109/IJCNN.2017.7966320";2017;"International Joint Conference on Neural Networks (IJCNN)";"This paper reviews and discusses research advances on explainable machine learning in computer vision.We focus on a particular area of the Looking at People (LAP) thematic domain: first impressions and personality analysis.Our aim is to make the computational intelligence and computer vision communities aware of the importance of developing explanatory mechanisms for computer-assisted decision making applications, such as automating recruitment.Judgments based on personality traits are being made routinely by human resource departments to evaluate the candidates' capacity of social insertion and their potential of career growth.However, inferring personality traits and, in general, the process by which we humans form a first impression of people, is highly subjective and may be biased.Previous studies have demonstrated that learning machines can learn to mimic human decisions.In this paper, we go one step further and formulate the problem of explaining the decisions of the models as a means of identifying what visual aspects are important, understanding how they relate to decisions suggested, and possibly gaining insight into undesirable negative biases.We design a new challenge on explainability of learning machines for first impressions analysis.We describe the setting, scenario, evaluation metrics and preliminary outcomes of the competition.To the best of our knowledge this is the first effort in terms of challenges for explainability in computer vision.In addition our challenge design comprises several other quantitative and qualitative elements of novelty, including a coopetition setting, which combines competition and collaboration.";"indirect";"Design of an explainable machine learning challenge for video interviews";NA;NA;NA;NA;NA;NA;NA;NA;NA;NA;NA;NA;NA;"53";"not stated (NA)";"SC"
"10.1145/3526113.3545638";2022;"UIST '22: Proceedings of the 35th Annual ACM Symposium on User Interface Software and Technology";"Generative Adversarial Network (GAN) is widely adopted in numerous application areas, such as data preprocessing, image editing, and creativity support. However, GAN's 'black box' nature prevents non-expert users from controlling what data a model generates, spawning a plethora of prior work that focused on algorithm-driven approaches to extract editing directions to control GAN. Complementarily, we propose a GANzilla: a user-driven tool that empowers a user with the classic scatter/gather technique to iteratively discover directions to meet their editing goals. In a study with 12 participants, GANzilla users were able to discover directions that (i) edited images to match provided examples (closed-ended tasks) and that (ii) met a high-level goal, e.g., making the face happier, while showing diversity across individuals (open-ended tasks).";"direct";"GANzilla: User-Driven Direction Discovery in Generative Adversarial Networks";"Understanding and Desiderata";"Subjective";"High";FALSE;FALSE;NA;NA;TRUE;FALSE;NA;FALSE;TRUE;"2021 and after";"12";"students (NA),researchers (NA),administrative staff (NA)";"SS"
"10.1145/3544548.3581226";2023;"CHI '23: Proceedings of the 2023 CHI Conference on Human Factors in Computing Systems";"Generative adversarial networks (GANs) have many application areas including image editing, domain translation, missing data imputation, and support for creative work. However, GANs are considered 'black boxes'. Specifically, the end-users have little control over how to improve editing directions through disentanglement. Prior work focused on new GAN architectures to disentangle editing directions. Alternatively, we propose GANravel—a user-driven direction disentanglement tool that complements the existing GAN architectures and allows users to improve editing directions iteratively. In two user studies with 16 participants each, GANravel users were able to disentangle directions and outperformed the state-of-the-art direction discovery baselines in disentanglement performance. In the second user study, GANravel was used in a creative task of creating dog memes and was able to create high-quality edited images and GIFs.";"direct";"GANravel: User-Driven Direction Disentanglement in Generative Adversarial Networks";NA;NA;NA;NA;NA;NA;NA;NA;NA;NA;NA;NA;NA;"16";"students (NA),researchers (NA),administrative staff (NA)";"PH"
"10.23919/MIPRO52101.2021.9596837";2021;"44th International Convention on Information, Communication and Electronic Technology (MIPRO)";"While the market of smart technologies is steadily increasing, there is much research to be done regarding the interaction between human users and Artificial Intelligence (AI) technologies. Specifically, the field of Explainable Artificial Intelligence (XAI) focuses on making AI explainable to users. To provide a user-centered approach to this growing field, this paper describes a study to investigate possible processes and methods. For this purpose, 20 participants were asked to use an AI system that provided them with the results of a personalized COVID-19 risk calculation. The study results indicate that while participants generally seemed to think that the presented results of the system were accurate, only a few said that they would change their behavior after receiving the results, and many asked for additional information to better understand the results. This paper discusses the findings along with possible approaches to increase behavior change in users of smart systems.";"direct";"How to Facilitate Explainability of AI for Increased User Trust: Results of a Study with a COVID-19 Risk Calculator";NA;NA;NA;NA;NA;NA;NA;NA;NA;NA;NA;NA;NA;"20";"not stated (NA)";"SS"
"10.1016/j.compbiomed.2024.108042";2024;"Computers in Biology and Medicine";"This paper proposes a user study aimed at evaluating the impact of Class Activation Maps (CAMs) as an eXplainable AI (XAI) method in a radiological diagnostic task, the detection of thoracolumbar (TL) fractures from vertebral X-rays. In particular, we focus on two oft-neglected features of CAMs, that is granularity and coloring, in terms of what features, lower-level vs higher-level, should the maps highlight and adopting which coloring scheme, to bring better impact to the decision-making process, both in terms of diagnostic accuracy (that is effectiveness) and of user-centered dimensions, such as perceived confidence and utility (that is satisfaction), depending on case complexity, AI accuracy, and user expertise. Our findings show that lower-level features CAMs, which highlight more focused anatomical landmarks, are associated with higher diagnostic accuracy than higher-level features CAMs, particularly among experienced physicians. Moreover, despite the intuitive appeal of semantic CAMs, traditionally colored CAMs consistently yielded higher diagnostic accuracy across all groups. Our results challenge some prevalent assumptions in the XAI field and emphasize the importance of adopting an evidence-based and human-centered approach to design and evaluate AI- and XAI-assisted diagnostic tools. To this aim, the paper also proposes a hierarchy of evidence framework to help designers and practitioners choose the XAI solutions that optimize performance and satisfaction on the basis of the strongest evidence available or to focus on the gaps in the literature that need to be filled to move from opinionated and eminence-based research to one more based on empirical evidence and end-user work and preferences.";"direct";"Evidence-based XAI: An empirical approach to design more effective and explainable decision support systems";NA;NA;NA;NA;NA;NA;NA;NA;NA;NA;NA;NA;NA;"16";"domain experts (medical)";"FS,SS,SC"
"10.1145/3512943";2022;"Proceedings of the ACM on Human-Computer Interaction";"Analyzing usability test videos is arduous. Although recent research showed the promise of AI in assisting with such tasks, it remains largely unknown how AI should be designed to facilitate effective collaboration between user experience (UX) evaluators and AI. Inspired by the concepts of agency and work context in human and AI collaboration literature, we studied two corresponding design factors for AI-assisted UX evaluation: explanations and synchronization. Explanations allow AI to further inform humans how it identifies UX problems from a usability test session; synchronization refers to the two ways humans and AI collaborate: synchronously and asynchronously. We iteratively designed a tool-AI Assistant-with four versions of UIs corresponding to the two levels of explanations (with/without) and synchronization (sync/async). By adopting a hybrid wizard-of-oz approach to simulating an AI with reasonable performance, we conducted a mixed-method study with 24 UX evaluators identifying UX problems from usability test videos using AI Assistant. Our quantitative and qualitative results show that AI with explanations, regardless of being presented synchronously or asynchronously, provided better support for UX evaluators' analysis and was perceived more positively; when without explanations, synchronous AI better improved UX evaluators' performance and engagement compared to the asynchronous AI. Lastly, we present the design implications for AI-assisted UX evaluation and facilitating more effective human-AI collaboration.";"indirect";"Human-AI Collaboration for UX Evaluation: Effects of Explanation and Synchronization";NA;NA;NA;NA;NA;NA;NA;NA;NA;NA;NA;NA;NA;"24";"domain experts (UX)";"SS,SC"
NA;2023;"NIPS '23: Proceedings of the 37th International Conference on Neural Information Processing Systems";"Feature visualization has gained substantial popularity, particularly after the influential work by Olah et al. in 2017, which established it as a crucial tool for explainability. However, its widespread adoption has been limited due to a reliance on tricks to generate interpretable images, and corresponding challenges in scaling it to deeper neural networks. Here, we describe MACO, a simple approach to address these shortcomings. The main idea is to generate images by optimizing the phase spectrum while keeping the magnitude constant to ensure that generated explanations lie in the space of natural images. Our approach yields significantly better results - both qualitatively and quantitatively - and unlocks efficient and interpretable feature visualizations for large state-of-the-art neural networks. We also show that our approach exhibits an attribution mechanism allowing us to augment feature visualizations with spatial importance. We validate our method on a novel benchmark for comparing feature visualization methods, and release its visualizations for all classes of the ImageNet dataset on Lens. https://serre-lab.github.io/Lens Overall, our approach unlocks, for the first time, feature visualizations for large, state-of-the-art deep neural networks without resorting to any parametric prior image model.";"top 4";"Unlocking feature visualization for deeper networks with magnitude constrained optimization";"Understanding";"Subjective";"No";TRUE;FALSE;FALSE;FALSE;FALSE;FALSE;NA;FALSE;TRUE;"top 4";"174";"crowdsourcing (Prolific)";"FS,SC"
"10.1145/3301275.3302265";2019;"IUI '19: Proceedings of the 24th International Conference on Intelligent User Interfaces";"Machine learning is an important tool for decision making, but its ethical and responsible application requires rigorous vetting of its interpretability and utility: an understudied problem, particularly for natural language processing models. We propose an evaluation of interpretation on a real task with real human users, where the effectiveness of interpretation is measured by how much it improves human performance. We design a grounded, realistic human-computer cooperative setting using a question answering task, Quizbowl. We recruit both trivia experts and novices to play this game with computer as their teammate, who communicates its prediction via three different interpretations. We also provide design guidance for natural language processing human-in-the-loop settings.";"indirect";"What can AI do for me?";NA;NA;NA;NA;NA;NA;NA;NA;NA;NA;NA;NA;NA;"80";"domain experts (Quizbowl enthusiasts)";"SS,SC"
NA;2020;"Proceedings of the First International Workshop on Explainable and Interpretable Machine Learning (XI-ML 2020) co-located with the 43rd German Conference on Artificial Intelligence (KI 2020)";"The use of conversational agents (CA) based on artificial intelligence (AI) is increasing in the field of recruiting. Recruiting is considered a particular sensitive domain, especially if CAs also make (pre)selection decisions. The black box character of AI decisions may hinder the acceptance and use of CAs as they are not considered to be fair, accountable and transparent (FAT). Explainable AI (XAI) has the goal to make AI decisions more transparent and thus to increase its FAT. But little is known about the perception of XAI by potential job candidates and their intention to use CAs. To investigate this research gap, we conducted a vignette-style questionnaire survey filled out by 490 persons from a quota-representative population sample for Germany and Austria. Scenarios are varied by (a) the type of XAI approach and (b) by whether the explanations refer to measurable qualification or soft skills. The results indicate that XAI increases the intention to use CA in recruiting, compared to CA relying on black box AI.";"direct";"Explainability and the intention to use AI-based conversational agents. An empirical investigation for the case of recruiting*";NA;NA;NA;NA;NA;NA;NA;NA;NA;NA;NA;NA;NA;"490";"not stated (NA)";"SC"
"10.1145/3411170.3411225";2020;"GoodTechs '20: Proceedings of the 6th EAI International Conference on Smart Objects and Technologies for Social Good";"This paper presents an application that classifies forest's aesthetics using interactive machine learning on mobile devices. Transfer learning is used to be able to build upon deep ANNs (MobileNet) using the limited resources available on smart-phones. We trained and evaluated a model using our application based on a data-set that is plausible to be created by a single user. In order to increase the comprehensibility of our model we explore the potential of incorporating explainable Artificial Intelligence (XAI) into our mobile application. To this end we use deep Taylor decomposition to generate saliency maps that highlight areas of the input that were relevant for the decision of the ANN and conducted a user study to evaluate the usefulness of this approach for end-users.";"direct";"Interactive Machine Learning and Explainability in Mobile Classification of Forest-Aesthetics";NA;NA;NA;NA;NA;NA;NA;NA;NA;NA;NA;NA;NA;"31";"not stated (NA)";"FS"
"10.1007/978-3-031-37731-0_15";2023;"Pattern Recognition, Computer Vision, and Image Processing. ICPR 2022 International Workshops and Challenges. ICPR 2022. Lecture Notes in Computer Science";"Very few eXplainable AI (XAI) studies consider how users' understanding of explanations might change depending on whether they know more/less about the to-be-explained domain (i.e., whether they differ in their expertise). Yet, expertise is a critical facet of most high-stakes, human decision-making (e.g., understanding how a trainee doctor differs from an experienced consultant). Accordingly, this paper reports a novel, user study (N = 96) on how people's expertise in a domain affects their understanding of post-hoc explanations-by-example for a deep-learning, black-box classifier. The results show that people's understanding of explanations for correct and incorrect classifications changes dramatically, on several dimensions (e.g., response times, perceptions of correctness and helpfulness), when the image-based domain considered is familiar (i.e., MNIST) as opposed to unfamiliar (i.e., Kannada-MNIST). The wider implications of these new findings for XAI strategies are discussed.";"direct";"Explaining Classifications to Non-experts: An XAI User Study of Post-Hoc Explanations for a Classifier When People Lack Expertise";NA;NA;NA;NA;NA;NA;NA;NA;NA;NA;NA;NA;NA;"96";"crowdsourcing (Prolific)";"FS,SC"
NA;2020;"International Conference on Information Systems";"The emerging research field of Explainable Artificial Intelligence (XAI) addresses the problem that users do not trust or blindly follow AI systems that act as black boxes. XAI research to date is often criticized for not putting the user at the center of attention. Against this background, we design a process to systematically guide the instantiation, calibration, and quality control of XAI systems such that they foster human agency and enable appropriate trust in AI systems. The process can be applied independent of the XAI method, application domain, and target user group. It incorporates the principles of user-centric design, insights into explanations from the social sciences, and established XAI evaluation scenarios. Following the Design Science methodology, we demonstrate the practical applicability of our artifact and evaluate its efficacy in a realistic setting. Our work contributes to the design of user-centric XAI systems and the quest for human agency in AI.";"indirect";"Fostering Human Agency: A Process for the Design of User-Centric XAI Systems";NA;NA;NA;NA;NA;NA;NA;NA;NA;NA;NA;NA;NA;"38";"students (NA)";"SS"
NA;2020;"European Conference on Information Systems";"Explainable Artificial Intelligence (XAI) is an aspiring research field addressing the problem that users of AI do not trust AI systems that act as black boxes. However, XAI research to date is often criticized for not putting the user in the center of attention. We develop a generic and transferable human-based study to evaluate explanations generated by XAI methods from the users’ perspective. The design of the study is informed by insights from social sciences into how humans construct explanations. We conduct the study with 164 participants evaluating contrastive explanations generated by representative XAI methods. Our findings reveal characteristics of explanations users appreciate in the context of XAI. We find concreteness, coherence, and relevance to be decisive. These findings provide guidance for the design and development of XAI methods.";"indirect";"Evaluating Explainable Artifical Intelligence – What Users Really Appreciate";NA;NA;NA;NA;NA;NA;NA;NA;NA;NA;NA;NA;NA;"164";"crowdsourcing (Clickworker)";"FS,SS"
"10.24251/HICSS.2021.155";2021;"HICSS '21: Proceedings of the Annual Hawaii International Conference on System Sciences";"The opacity of Artificial Intelligence (AI) systems is a major impediment to their deployment. Explainable AI (XAI) methods that automatically generate counterfactual explanations for AI decisions can increase users' trust in AI systems. Coherence is an essential property of explanations but is not yet addressed sufficiently by existing XAI methods. We design a novel optimization-based approach to generate coherent counterfactual explanations, which is applicable to numerical, categorical, and mixed data. We demonstrate the approach in a realistic setting and assess its efficacy in a human-grounded evaluation. Results suggest that our approach produces explanations that are perceived as coherent as well as suitable to explain the factual situation.";"indirect";"Capturing Users’ Reality: A Novel Approach to Generate Coherent Counterfactual Explanations";NA;NA;NA;NA;NA;NA;NA;NA;NA;NA;NA;NA;NA;"46";"students (NA)";"SS,SC"
"10.1080/12460125.2022.2119707";2022;"Journal of Decision System";"Many Artificial Intelligence (AI) systems are black boxes, which hinders their deployment. Explainable AI (XAI) approaches which automatically generate counterfactual explanations aim to assist users in scrutinising AI decisions. One property of explanations crucial for their acceptance by users is their coherence. Users perceive counterfactual explanations as coherent if they present a realistic/typical counterfactual scenario that is suitable to explain the factual situation. We design an optimisation-based approach to generate coherent counterfactual explanations applicable to structured data. We demonstrate its applicability and rigorously evaluate its efficacy through functionally grounded and human-grounded evaluation. Results suggest that our approach indeed produces counterfactual explanations that are perceived as coherent by users. More specifically, they are perceived as more realistic, typical, and feasible than state-of-the-art explanations.";"direct";"User-centric explainable AI: design and evaluation of an approach to generate coherent counterfactual explanations for structured data";NA;NA;NA;NA;NA;NA;NA;NA;NA;NA;NA;NA;NA;"200";"crowdsourcing (Clickworker)";"SS,SC"
"10.1145/3334480.3382831";2020;"CHI EA '20: Extended Abstracts of the 2020 CHI Conference on Human Factors in Computing Systems";"Explainable Artificial Intelligence (XAI) is an emerging topic in Machine Learning (ML) that aims to give humans visibility into how AI systems make decisions. XAI is increasingly important in bringing transparency to fields such as medicine and criminal justice where AI informs high consequence decisions. While many XAI techniques have been proposed, few have been evaluated beyond anecdotal evidence. Our research offers a novel approach to assess how humans interpret AI explanations; we explore this by integrating XAI with Games with a Purpose (GWAP). XAI requires human evaluation at scale, and GWAP can be used for XAI tasks which are presented through rounds of play. This paper outlines the benefits of GWAP for XAI, and demonstrates application through our creation of a multi-player GWAP that focuses on explaining deep learning models trained for image recognition. Through our game, we seek to understand how humans select and interpret explanations used in image recognition systems, and bring empirical evidence on the validity of GWAP designs for XAI.";"direct";"Getting Playful with Explainable AI: Games with a Purpose to Improve Human Understanding of AI";NA;NA;NA;NA;NA;NA;NA;NA;NA;NA;NA;NA;NA;"NA";"not stated (NA)";"SS"
"10.1007/s10994-019-05856-5";2019;"Machine Learning";"It is conventional wisdom in machine learning and data mining that logical models such as rule sets are more interpretable than other models, and that among such rule-based models, simpler models are more interpretable than more complex ones. In this position paper, we question this latter assumption by focusing on one particular aspect of interpretability, namely the plausibility of models. Roughly speaking, we equate the plausibility of a model with the likeliness that a user accepts it as an explanation for a prediction. In particular, we argue that, all other things being equal, longer explanations may be more convincing than shorter ones, and that the predominant bias for shorter models, which is typically necessary for learning powerful discriminative models, may not be suitable when it comes to user acceptance of the learned models. To that end, we first recapitulate evidence for and against this postulate, and then report the results of an evaluation in a crowd-sourcing study based on about 3.000 judgments. The results do not reveal a strong preference for simple rules, whereas we can observe a weak preference for longer rules in some domains. We then relate these results to well-known cognitive biases such as the conjunction fallacy, the representative heuristic, or the recogition heuristic, and investigate their relation to rule length and plausibility.";"indirect";"On cognitive preferences and the plausibility of rule-based models";NA;NA;NA;NA;NA;NA;NA;NA;NA;NA;NA;NA;NA;"390";"crowdsourcing (CrowdFlower)";"SC"
"10.1145/3490099.3511138";2022;"IUI '22: Proceedings of the 27th International Conference on Intelligent User Interfaces";"When people receive advice while making difficult decisions, they often make better decisions in the moment and also increase their knowledge in the process. However, such incidental learning can only occur when people cognitively engage with the information they receive and process this information thoughtfully. How do people process the information and advice they receive from AI, and do they engage with it deeply enough to enable learning? To answer these questions, we conducted three experiments in which individuals were asked to make nutritional decisions and received simulated AI recommendations and explanations. In the first experiment, we found that when people were presented with both a recommendation and an explanation before making their choice, they made better decisions than they did when they received no such help, but they did not learn. In the second experiment, participants first made their own choice, and only then saw a recommendation and an explanation from AI; this condition also resulted in improved decisions, but no learning. However, in our third experiment, participants were presented with just an AI explanation but no recommendation and had to arrive at their own decision. This condition led to both more accurate decisions and learning gains. We hypothesize that learning gains in this condition were due to deeper engagement with explanations needed to arrive at the decisions. This work provides some of the most direct evidence to date that it may not be sufficient to include explanations together with AI-generated recommendation to ensure that people engage carefully with the AI-provided information. This work also presents one technique that enables incidental learning and, by implication, can help people process AI recommendations and explanations more carefully.";"direct";"Do People Engage Cognitively with AI? Impact of AI Assistance on Incidental Learning";NA;NA;NA;NA;NA;NA;NA;NA;NA;NA;NA;NA;NA;"268";"crowdsourcing (LabInTheWild),crowdsourcing (AMT)";"FS,SC"
"10.1016/j.engappai.2023.105904";2023;"Engineering Applications of Artificial Intelligence";"Predictive Process Analytics is becoming an essential aid for organizations, providing online operational support of their processes. However, process stakeholders need to be provided with an explanation of the reasons why a given process execution is predicted to behave in a certain way. Otherwise, they will be unlikely to trust the predictive monitoring technology and, hence, adopt it. This paper proposes a predictive analytics framework that is also equipped with explanation capabilities based on the game theory of Shapley Values. The framework has been implemented in the IBM Process Mining suite and commercialized for business users. The framework has been tested on real-life event data to assess the quality of the predictions and the corresponding evaluations. In particular, a user evaluation has been performed in order to understand if the explanations provided by the system were intelligible to process stakeholders.";"direct";"An explainable decision support system for predictive process analytics";NA;NA;NA;NA;NA;NA;NA;NA;NA;NA;NA;NA;NA;"20";"students (NA),other (IT professionals)";"FS,SC,SS"
"10.1109/RO-MAN47096.2020.9223595";2020;"29th IEEE International Conference on Robot and Human Interactive Communication (RO-MAN)";"Human collaborators can effectively communicate with their partners to finish a common task by inferring each other's mental states (e.g., goals, beliefs, and desires). Such mind-aware communication minimizes the discrepancy among collaborators' mental states, and is crucial to the success in human ad-hoc teaming. We believe that robots collaborating with human users should demonstrate similar pedagogic behavior. Thus, in this paper, we propose a novel explainable AI (XAI) framework for achieving human-like communication in human-robot collaborations, where the robot builds a hierarchical mind model of the human user and generates explanations of its own mind as a form of communications based on its online Bayesian inference of the user's mental state. To evaluate our framework, we conduct a user study on a real-time human-robot cooking task. Experimental results show that the generated explanations of our approach significantly improves the collaboration performance and user perception of the robot. Code and video demos are available on our project website: https://xfgao.github.io/xCookingWeb/.";"direct";"Joint Mind Modeling for Explanation Generation in Complex Human-Robot Collaborative Tasks";NA;NA;NA;NA;NA;NA;NA;NA;NA;NA;NA;NA;NA;"29";"students (NA),researchers (NA),administrative staff (NA)";"SC"
"10.18653/v1/W18-6511";2018;"Proceedings of the 11th International Conference on Natural Language Generation";"As unmanned vehicles become more autonomous, it is important to maintain a high level of transparency regarding their behaviour and how they operate. This is particularly important in remote locations where they cannot be directly observed. Here, we describe a method for generating explanations in natural language of autonomous system behaviour and reasoning. Our method involves deriving an interpretable model of autonomy through having an expert ‘speak aloud’ and providing various levels of detail based on this model. Through an online evaluation study with operators, we show it is best to generate explanations with multiple possible reasons but tersely worded. This work has implications for designing interfaces for autonomy as well as for explainable AI and operator training.";"direct";"Explainable Autonomy: A Study of Explanation Styles for Building Clear Mental Models";NA;NA;NA;NA;NA;NA;NA;NA;NA;NA;NA;NA;NA;"21";"domain experts (AUV experts)";"SS"
"10.1111/cgf.13667";2019;"Computer Graphics Forum";"Abstract The usage of deep learning models for tagging input data has increased over the past years because of their accuracy and high‐performance. A successful application is to score sleep stages. In this scenario, models are trained to predict the sleep stages of individuals. Although their predictive accuracy is high, there are still mis classifications that prevent doctors from properly diagnosing sleep‐related disorders. This paper presents a system that allows users to explore the output of deep learning models in a real‐life scenario to spot and analyze faulty predictions. These can be corrected by users to generate a sequence of sleep stages to be examined by doctors. Our approach addresses a real‐life scenario with absence of ground truth. It differs from others in that our goal is not to improve the model itself, but to correct the predictions it provides. We demonstrate that our approach is effective in identifying faulty predictions and helping users to fix them in the proposed use case.";"indirect";"V‐Awake: A Visual Analytics Approach for Correcting Sleep Predictions from Deep Learning Models";NA;NA;NA;NA;NA;NA;NA;NA;NA;NA;NA;NA;NA;"6";"AI experts (NA),domain experts (medical)";"SS,FS"
"10.1038/s41598-023-28633-w";2023;"Scientific Reports";"Artificial intelligence (AI)-generated clinical advice is becoming more prevalent in healthcare. However, the impact of AI-generated advice on physicians' decision-making is underexplored. In this study, physicians received X-rays with correct diagnostic advice and were asked to make a diagnosis, rate the advice's quality, and judge their own confidence. We manipulated whether the advice came with or without a visual annotation on the X-rays, and whether it was labeled as coming from an AI or a human radiologist. Overall, receiving annotated advice from an AI resulted in the highest diagnostic accuracy. Physicians rated the quality of AI advice higher than human advice. We did not find a strong effect of either manipulation on participants' confidence. The magnitude of the effects varied between task experts and non-task experts, with the latter benefiting considerably from correct explainable AI advice. These findings raise important considerations for the deployment of diagnostic advice in healthcare.";"direct";"Non-task expert physicians benefit from correct explainable AI advice when reviewing X-rays";NA;NA;NA;NA;NA;NA;NA;NA;NA;NA;NA;NA;NA;"223";"domain experts (medical)";"FS,SS"
"10.1016/j.ijhcs.2013.12.007";2014;"International Journal of Human-Computer Studies";"Recommender systems help users locate possible items of interest more quickly by filtering and ranking them in a personalized way. Some of these systems provide the end user not only with such a personalized item list but also with an explanation which describes why a specific item is recommended and why the system supposes that the user will like it. Besides helping the user understand the output and rationale of the system, the provision of such explanations can also improve the general acceptance, perceived quality, or effectiveness of the system. In recent years, the question of how to automatically generate and present system-side explanations has attracted increased interest in research. Today some basic explanation facilities are already incorporated in e-commerce Web sites such as Amazon.com. In this work, we continue this line of recent research and address the question of how explanations can be communicated to the user in a more effective way. In particular, we present the results of a user study in which users of a recommender system were provided with different types of explanation. We experimented with 10 different explanation types and measured their effects in different dimensions. The explanation types used in the study include both known visualizations from the literature as well as two novel interfaces based on tag clouds. Our study reveals that the content-based tag cloud explanations are particularly helpful to increase the user-perceived level of transparency and to increase user satisfaction even though they demand higher cognitive effort from the user. Based on these insights and observations, we derive a set of possible guidelines for designing or selecting suitable explanations for recommender systems.";"indirect";"How should I explain? A comparison of different explanation types for recommender systems";NA;NA;NA;NA;NA;NA;NA;NA;NA;NA;NA;NA;NA;"105";"not stated (NA)";"SC"
"10.1145/3313831.3376316";2020;"CHI '20: Proceedings of the 2020 CHI Conference on Human Factors in Computing Systems";"As more and more forms of AI become prevalent, it becomes increasingly important to understand how people develop mental models of these systems. In this work we study people's mental models of AI in a cooperative word guessing game. We run think-aloud studies in which people play the game with an AI agent; through thematic analysis we identify features of the mental models developed by participants. In a large-scale study we have participants play the game with the AI agent online and use a post-game survey to probe their mental model. We find that those who win more often have better estimates of the AI agent's abilities. We present three components for modeling AI systems, propose that understanding the underlying technology is insufficient for developing appropriate conceptual models (analysis of behavior is also necessary), and suggest future work for studying the revision of mental models over time.";"indirect";"Mental Models of AI Agents in a Cooperative Game Setting";NA;NA;NA;NA;NA;NA;NA;NA;NA;NA;NA;NA;NA;"11,113";"other (IBM company employees),crowdsourcing (AMT)";"SS,SC"
NA;2018;"ACMIUI-WS '18: Joint Proceedings of the ACM IUI 2018 Workshops co-located with the 23rd ACM Conference on Intelligent User Interfaces (ACM IUI 2018)";"Most explanation schemes are reactive and informational: explanations are provided in response to specific user queries and focus on making the system’s reasoning more transparent. In mixed autonomy settings that involve teams of humans and autonomous agents, proactive explanation that anticipates and preempts potential surprises can be particularly valuable. By providing timely, succinct, and context sensitive explanations, autonomous agents can avoid perceived faulty behavior and the consequent erosion of trust, enabling more fluid collaboration. We present an explanation framework based on the notion of explanation drivers—i.e., the intent or purpose behind agent explanations. We focus on explanations meant to reconcile expectation violations and enumerate a set of triggers for proactive explanation. Most work on explainable AI focuses on intelligibility; investigating explanation in mixed autonomy settings helps illuminate other important explainability issues such as purpose, timing, and impact.";"indirect";"Explanation to avert surprise";NA;NA;NA;NA;NA;NA;NA;NA;NA;NA;NA;NA;NA;"4";"not stated (NA)";"SS,SC"
"10.1145/3432934";2021;"Proceedings of the ACM on Human-Computer Interaction";"The wide adoption of Machine Learning (ML) technologies has created a growing demand for people who can train ML models. Some advocated the term machine teacher'' to refer to the role of people who inject domain knowledge into ML models. This teaching'' perspective emphasizes supporting the productivity and mental wellbeing of machine teachers through efficient learning algorithms and thoughtful design of human-AI interfaces. One promising learning paradigm is Active Learning (AL), by which the model intelligently selects instances to query a machine teacher for labels, so that the labeling workload could be largely reduced. However, in current AL settings, the human-AI interface remains minimal and opaque. A dearth of empirical studies further hinders us from developing teacher-friendly interfaces for AL algorithms. In this work, we begin considering AI explanations as a core element of the human-AI interface for teaching machines. When a human student learns, it is a common pattern to present one's own reasoning and solicit feedback from the teacher. When a ML model learns and still makes mistakes, the teacher ought to be able to understand the reasoning underlying its mistakes. When the model matures, the teacher should be able to recognize its progress in order to trust and feel confident about their teaching outcome. Toward this vision, we propose a novel paradigm of explainable active learning (XAL), by introducing techniques from the surging field of explainable AI (XAI) into an AL setting. We conducted an empirical study comparing the model learning outcomes, feedback content and experience with XAL, to that of traditional AL and coactive learning (providing the model's prediction without explanation). Our study shows benefits of AI explanation as interfaces for machine teaching--supporting trust calibration and enabling rich forms of teaching feedback, and potential drawbacks--anchoring effect with the model judgment and additional cognitive workload. Our study also reveals important individual factors that mediate a machine teacher's reception to AI explanations, including task knowledge, AI experience and Need for Cognition. By reflecting on the results, we suggest future directions and design implications for XAL, and more broadly, machine teaching through AI explanations.";"indirect";"Explainable Active Learning (XAL)";NA;NA;NA;NA;NA;NA;NA;NA;NA;NA;NA;NA;NA;"37";"crowdsourcing (AMT)";"FS"
"10.1145/3336191.3371824";2020;"WSDM '20: Proceedings of the 13th International Conference on Web Search and Data Mining";"Interpretable explanations for recommender systems and other machine learning models are crucial to gain user trust. Prior works that have focused on paths connecting users and items in a heterogeneous network have several limitations, such as discovering relationships rather than true explanations, or disregarding other users' privacy. In this work, we take a fresh perspective, and present PRINCE: a provider-side mechanism to produce tangible explanations for end-users, where an explanation is defined to be a set of minimal actions performed by the user that, if removed, changes the recommendation to a different item. Given a recommendation, PRINCE uses a polynomial-time optimal algorithm for finding this minimal set of a user's actions from an exponential search space, based on random walks over dynamic graphs. Experiments on two real-world datasets show that PRINCE provides more compact explanations than intuitive baselines, and insights from a crowdsourced user-study demonstrate the viability of such action-based explanations. We thus posit that PRINCE produces scrutable, actionable, and concise explanations, owing to its use of counterfactual evidence, a user's own actions, and minimal sets, respectively.";"indirect";"PRINCE";NA;NA;NA;NA;NA;NA;NA;NA;NA;NA;NA;NA;NA;"500";"crowdsourcing (AMT)";"SC"
"10.1145/3442381.3449848";2021;"WWW '21: Proceedings of the Web Conference 2021";"System-provided explanations for recommendations are an important component towards transparent and trustworthy AI. In state-of-the-art research, this is a one-way signal, though, to improve user acceptance. In this paper, we turn the role of explanations around and investigate how they can contribute to enhancing the quality of the generated recommendations themselves. We devise a human-in-the-loop framework, called ELIXIR, where user feedback on explanations is leveraged for pairwise learning of user preferences. ELIXIR leverages feedback on pairs of recommendations and explanations to learn user-specific latent preference vectors, overcoming sparseness by label propagation with item-similarity-based neighborhoods. Our framework is instantiated using generalized graph recommendation via Random Walk with Restart. Insightful experiments with a real user study show significant improvements in movie and book recommendations over item-level feedback.";"indirect";"ELIXIR: Learning from User Feedback on Explanations to Improve Recommender Models";NA;NA;NA;NA;NA;NA;NA;NA;NA;NA;NA;NA;NA;"25";"students (NA)";"SS"
NA;2023;"Proceedings of the 13th Italian Information Retrieval Workshop";"In recent years, knowledge extraction approaches have been adopted to distill the medical knowledge included in clinical reports. In this regard, the Semantic Knowledge Extractor Tool (SKET) has been introduced for extracting knowledge from pathology reports, leveraging a hybrid approach that combines unsupervised rule-based techniques with pre-trained Machine Learning (ML) models. Since ML models are usually based on probabilistic/statistical approaches, their predictions cannot be easily understood, especially for what concerns their underlying decision mechanism. To explain the SKET’s decisionmaking process, we propose SKET eXplained (SKET X), a web-based system providing visual explanations in terms of the models, rules, and parameters involved for each prediction. SKET X is designed for pathologists and experts to ease the comprehension of SKET predictions, increase awareness, and improve the effectiveness of the overall knowledge extraction process according to the pathologists’ feedback. To assess the learnability and usability of SKET X, we conducted a user study designed to collect useful suggestions from pathologists and domain experts to further improve the system.";"direct";"SKET X: A Visual Analytics Tool for Explaining Knowledge Extraction Results⋆";NA;NA;NA;NA;NA;NA;NA;NA;NA;NA;NA;NA;NA;"9";"not stated (NA)";"SS"
NA;2020;"arXiv";"While research on explaining predictions of open-domain QA systems (ODQA) to users is gaining momentum, most works have failed to evaluate the extent to which explanations improve user trust. While few works evaluate explanations using user studies, they employ settings that may deviate from the end-user's usage in-the-wild: ODQA is most ubiquitous in voice-assistants, yet current research only evaluates explanations using a visual display, and may erroneously extrapolate conclusions about the most performant explanations to other modalities. To alleviate these issues, we conduct user studies that measure whether explanations help users correctly decide when to accept or reject an ODQA system's answer. Unlike prior work, we control for explanation modality, e.g., whether they are communicated to users through a spoken or visual interface, and contrast effectiveness across modalities. Our results show that explanations derived from retrieved evidence passages can outperform strong baselines (calibrated confidence) across modalities but the best explanation strategy in fact changes with the modality. We show common failure cases of current explanations, emphasize end-to-end evaluation of explanations, and caution against evaluating them in proxy modalities that are different from deployment.";"indirect";"Human Evaluation of Spoken vs. Visual Explanations for Open-Domain QA";NA;NA;NA;NA;NA;NA;NA;NA;NA;NA;NA;NA;NA;"525";"crowdsourcing (AMT)";"FS,SS,SC"
"10.1109/TVCG.2018.2865029";2019;"IEEE Transactions on Visualization and Computer Graphics";"Despite the best efforts of cyber security analysts, networked computing assets are routinely compromised, resulting in the loss of intellectual property, the disclosure of state secrets, and major financial damages. Anomaly detection methods are beneficial for detecting new types of attacks and abnormal network activity, but such algorithms can be difficult to understand and trust. Network operators and cyber analysts need fast and scalable tools to help identify suspicious behavior that bypasses automated security systems, but operators do not want another automated tool with algorithms they do not trust. Experts need tools to augment their own domain expertise and to provide a contextual understanding of suspicious behavior to help them make decisions. In this paper we present Situ, a visual analytics system for discovering suspicious behavior in streaming network data. Situ provides a scalable solution that combines anomaly detection with information visualization. The system's visualizations enable operators to identify and investigate the most anomalous events and IP addresses, and the tool provides context to help operators understand why they are anomalous. Finally, operators need tools that can be integrated into their workflow and with their existing tools. This paper describes the Situ platform and its deployment in an operational network setting. We discuss how operators are currently using the tool in a large organization's security operations center and present the results of expert reviews with professionals.";"indirect";"Situ: Identifying and Explaining Suspicious Behavior in Networks";NA;NA;NA;NA;NA;NA;NA;NA;NA;NA;NA;NA;NA;"5";"domain experts (analysts from large organization)";"SS"
"10.1145/3462757.3466145";2021;"ICAIL '21: Proceedings of the Eighteenth International Conference on Artificial Intelligence and Law";"Explainable artificial intelligence (XAI) is a research direction that was already put under scrutiny, in particular in the AI&Law community. Whilst there were notable developments in the area of (general, not necessarily legal) XAI, user experience studies regarding such methods, as well as more general studies pertaining to the concept of explainability among the users are still lagging behind. This paper firstly, assesses the performance of different explainability methods (Grad-CAM, LIME, SHAP), in explaining the predictions for a legal text classification problem; those explanations were then judged by legal professionals according to their accuracy. Secondly, the same respondents were asked to give their opinion on the desired qualities of (explainable) artificial intelligence (AI) legal decision system and to present their general understanding of the term XAI. This part was treated as a pilot study for a more pronounced one regarding the lawyer's position on AI, and XAI in particular.";"direct";"Explainable artificial intelligence, lawyer's perspective";NA;NA;NA;NA;NA;NA;NA;NA;NA;NA;NA;NA;NA;"21";"domain experts (legal)";"SC,SS"
"10.1109/TVCG.2020.3030350";2021;"IEEE Transactions on Visualization and Computer Graphics";"Traffic light detection is crucial for environment perception and decision-making in autonomous driving. State-of-the-art detectors are built upon deep Convolutional Neural Networks (CNNs) and have exhibited promising performance. However, one looming concern with CNN based detectors is how to thoroughly evaluate the performance of accuracy and robustness before they can be deployed to autonomous vehicles. In this work, we propose a visual analytics system, VATLD, equipped with a disentangled representation learning and semantic adversarial learning, to assess, understand, and improve the accuracy and robustness of traffic light detectors in autonomous driving applications. The disentangled representation learning extracts data semantics to augment human cognition with human-friendly visual summarization, and the semantic adversarial learning efficiently exposes interpretable robustness risks and enables minimal human interaction for actionable insights. We also demonstrate the effectiveness of various performance improvement strategies derived from actionable insights with our visual analytics system, VATLD, and illustrate some practical implications for safety-critical applications in autonomous driving.";"indirect";"<i>VATLD</i>: A <i>V</i>isual <i>A</i>nalytics System to Assess, Understand and Improve <i>T</i>raffic <i>L</i>ight <i>D</i>etection";NA;NA;NA;NA;NA;NA;NA;NA;NA;NA;NA;NA;NA;"4";"domain experts (autonomous driving)";"SS"
"10.1145/3543174.3546846";2022;"AutomotiveUI '22: Proceedings of the 14th International Conference on Automotive User Interfaces and Interactive Vehicular Applications";"Advances in artificial intelligence (AI) are leading to an increased use of algorithm-generated user-adaptivity in everyday products. Explainable AI aims to make algorithmic decision-making more transparent to humans. As future vehicles become more intelligent and user-adaptive, explainability will play an important role ensuring that drivers understand the AI system's functionalities and outputs. However, when integrating explainability into in-vehicle features there is a lack of knowledge about user needs and requirements and how to address them. We conducted a study with 59 participants focusing on how end-users evaluate explainability in the context of user-adaptive comfort and infotainment features. Results show that explanations foster perceived understandability and transparency of the system, but that the need for explanation may vary between features. Additionally, we found that insufficiently designed explanations can decrease acceptance of the system. Our findings underline the requirement for a user-centered approach in explainable AI and indicate approaches for future research.";"direct";"Human Centered Explainability for Intelligent Vehicles – A User Study";NA;NA;NA;NA;NA;NA;NA;NA;NA;NA;NA;NA;NA;"61";"not stated (NA)";"SS,SC"
"10.1145/3287560.3287563";2019;"FAT* '19: Proceedings of the Conference on Fairness, Accountability, and Transparency";"Despite vigorous debates about the technical characteristics of risk assessments being deployed in the U.S. criminal justice system, remarkably little research has studied how these tools affect actual decision-making processes. After all, risk assessments do not make definitive decisions---they inform judges, who are the final arbiters. It is therefore essential that considerations of risk assessments be informed by rigorous studies of how judges actually interpret and use them. This paper takes a first step toward such research on human interactions with risk assessments through a controlled experimental study on Amazon Mechanical Turk. We found several behaviors that call into question the supposed efficacy and fairness of risk assessments: our study participants 1) underperformed the risk assessment even when presented with its predictions, 2) could not effectively evaluate the accuracy of their own or the risk assessment's predictions, and 3) exhibited behaviors fraught with disparate interactions, whereby the use of risk assessments led to higher risk predictions about black defendants and lower risk predictions about white defendants. These results suggest the need for a new algorithm-in-the-loop framework that places machine learning decision-making aids into the sociotechnical context of improving human decisions rather than the technical context of generating the best prediction in the abstract. If risk assessments are to be used at all, they must be grounded in rigorous evaluations of their real-world impacts instead of in their theoretical potential.";"indirect";"Disparate Interactions";NA;NA;NA;NA;NA;NA;NA;NA;NA;NA;NA;NA;NA;"601";"crowdsourcing (AMT)";"FS,SS"
"10.1145/3359152";2019;"Proceedings of the ACM on Human-Computer Interaction";"The rise of machine learning has fundamentally altered decision making: rather than being made solely by people, many important decisions are now made through an algorithm-in-the-loop'' process where machine learning models inform people. Yet insufficient research has considered how the interactions between people and models actually influence human decisions. Society lacks both clear normative principles regarding how people should collaborate with algorithms as well as robust empirical evidence about how people do collaborate with algorithms. Given research suggesting that people struggle to interpret machine learning models and to incorporate them into their decisions---sometimes leading these models to produce unexpected outcomes---it is essential to consider how different ways of presenting models and structuring human-algorithm interactions affect the quality and type of decisions made. This paper contributes to such research in two ways. First, we posited three principles as essential to ethical and responsible algorithm-in-the-loop decision making. Second, through a controlled experimental study on Amazon Mechanical Turk, we evaluated whether people satisfy these principles when making predictions with the aid of a risk assessment. We studied human predictions in two contexts (pretrial release and financial lending) and under several conditions for risk assessment presentation and structure. Although these conditions did influence participant behaviors and in some cases improved performance, only one desideratum was consistently satisfied. Under all conditions, our study participants 1) were unable to effectively evaluate the accuracy of their own or the risk assessment's predictions, 2) did not calibrate their reliance on the risk assessment based on the risk assessment's performance, and 3) exhibited bias in their interactions with the risk assessment. These results highlight the urgent need to expand our analyses of algorithmic decision making aids beyond evaluating the models themselves to investigating the full sociotechnical contexts in which people and algorithms interact.";"indirect";"The Principles and Limits of Algorithm-in-the-Loop Decision Making";NA;NA;NA;NA;NA;NA;NA;NA;NA;NA;NA;NA;NA;"1156";"crowdsourcing (AMT)";"FS,SS"
"10.1145/3178876.3186138";2018;"WWW '18: Proceedings of the 2018 World Wide Web Conference";"As algorithms are increasingly used to make important decisions that affect human lives, ranging from social benefit assignment to predicting risk of criminal recidivism, concerns have been raised about the fairness of algorithmic decision making. Most prior works on algorithmic fairness normatively prescribe how fair decisions ought to be made. In contrast, here, we descriptively survey users for how they perceive and reason about fairness in algorithmic decision making. A key contribution of this work is the framework we propose to understand why people perceive certain features as fair or unfair to be used in algorithms. Our framework identifies eight properties of features, such as relevance, volitionality and reliability, as latent considerations that inform people»s moral judgments about the fairness of feature use in decision-making algorithms. We validate our framework through a series of scenario-based surveys with 576 people. We find that, based on a person»s assessment of the eight latent properties of a feature in our exemplar scenario, we can accurately (> 85%) predict if the person will judge the use of the feature as fair. Our findings have important implications. At a high-level, we show that people»s unfairness concerns are multi-dimensional and argue that future studies need to address unfairness concerns beyond discrimination. At a low-level, we find considerable disagreements in people»s fairness judgments. We identify root causes of the disagreements, and note possible pathways to resolve them.";"indirect";"Human Perceptions of Fairness in Algorithmic Decision Making";NA;NA;NA;NA;NA;NA;NA;NA;NA;NA;NA;NA;NA;"576";"crowdsourcing (AMT),other (survey recruitment firm Survey Sampling International)";"SS"
"10.1145/3359280";2019;"Proceedings of the ACM on Human-Computer Interaction";"Much of political debate focuses on the concern that machines might take over. Yet in many domains it is much more plausible that the ultimate choice and responsibility remain with a human decision-maker, but that she is provided with machine advice. A quintessential illustration is the decision of a judge to bail or jail a defendant. In multiple jurisdictions in the US, judges have access to a machine prediction about a defendant's recidivism risk. In our study, we explore how receiving machine advice influences people's bail decisions. We run a vignette experiment with laypersons whom we test on a subsample of cases from the database of this prediction tool. In study 1, we ask them to predict whether defendants will recidivate before tried, and manipulate whether they have access to machine advice. We find that receiving machine advice has a small effect, which is biased in the direction of predicting no recidivism. In the field, human decision makers sometimes have a chance, after the fact, to learn whether the machine has given good advice. In study 2, after each trial we inform participants of ground truth. This does not make it more likely that they follow the advice, despite the fact that the machine is (on average) slightly more accurate than real judges. This also holds if initially the advice is mostly correct, or if it initially is mostly to predict (no) recidivism. Real judges know that their decisions affect defendants' lives. They may also be concerned about reelection or promotion. Hence a lot is at stake. In study 3 we emulate high stakes by giving participants a financial incentive. An incentive to find the ground truth, or to avoid false positive or false negatives, does not make participants more sensitive to machine advice. But an incentive to follow the advice is effective.";"indirect";"Human Decision Making with Machine Assistance";NA;NA;NA;NA;NA;NA;NA;NA;NA;NA;NA;NA;NA;"103";"crowdsourcing (Prolific)";"FS"
"10.1109/INDIN51400.2023.10217864";2023;"IEEE 21st International Conference on Industrial Informatics (INDIN)";"Explainable AI (XAI) provides approaches and techniques for building trust in AI models. This paper presents and explores XAI approaches focusing on user interface concepts in predictive maintenance. The underlying AI model is based on an open dataset for wind turbines. An enhanced multi-class self-conceived labeling strategy improves the model and, thus, supports the XAI approaches. Previous research in user-centered XAI shows that users do not exploit the possibilities of XAI methods and instead rely on their intuition. To counter this tendency, we present user interfaces incorporating gamification elements to enhance understanding of AI outputs. We highlight our approach via two examples, demonstrating a local and a global XAI technique respectively. A preliminary user study was conducted to assess the value added by these gamification aspects. While the findings were inconclusive, they provided an initial insight into the potential of these design elements to foster user engagement in the realm of XAI.";"direct";"Motivational Exploration of Explanations in Industrial Analytics<sup>*</sup>";NA;NA;NA;NA;NA;NA;NA;NA;NA;NA;NA;NA;NA;"3";"students (NA)";"SS"
"10.1145/3442381.3450092";2021;"WWW '21: Proceedings of the Web Conference 2021";"A variety of systems have been proposed to assist users in detecting machine learning (ML) fairness issues. These systems approach bias reduction from a number of perspectives, including recommender systems, exploratory tools, and dashboards. In this paper, we seek to inform the design of these systems by examining how individuals make sense of fairness issues as they use different de-biasing affordances. In particular, we consider the tension between de-biasing recommendations which are quick but may lack nuance and what-if style exploration which is time consuming but may lead to deeper understanding and transferable insights. Using logs, think-aloud data, and semi-structured interviews we find that exploratory systems promote a rich pattern of hypothesis generation and testing, while recommendations deliver quick answers which satisfy participants at the cost of reduced information exposure. We highlight design requirements and trade-offs in the design of ML fairness systems to promote accurate and explainable assessments.";"indirect";"Understanding User Sensemaking in Machine Learning Fairness Assessment Systems";NA;NA;NA;NA;NA;NA;NA;NA;NA;NA;NA;NA;NA;"13";"students (NA)";"SS,SC"
"10.1109/ICCVW54120.2021.00423";2021;"IEEE/CVF International Conference on Computer Vision Workshops (ICCVW)";"As machine learning approaches are increasingly used to augment human decision-making, eXplainable Artificial Intelligence (XAI) research has explored methods for communicating system behavior to humans. However, these approaches often fail to account for the affective responses of humans as they interact with explanations. Facial affect analysis, which examines human facial expressions of emotions, is one promising lens for understanding how users engage with explanations. Therefore, in this work, we aim to (1) identify which facial affect features are pronounced when people interact with XAI interfaces, and (2) develop a multitask feature embedding for linking facial affect signals with participants’ use of explanations. Our analyses and results show that the occurrence and values of facial AU1 and AU4, and Arousal are heightened when participants fail to use explanations effectively. This suggests that facial affect analysis should be incorporated into XAI to personalize explanations to individuals’ interaction styles and to adapt explanations based on the difficulty of the task performed.";"direct";"Toward Affective XAI: Facial Affect Analysis for Understanding Explainable Human-AI Interactions";NA;NA;NA;NA;NA;NA;NA;NA;NA;NA;NA;NA;NA;"31";"not stated (NA)";"SS"
"10.1145/3290605.3300803";2019;"CHI '19: Proceedings of the 2019 CHI Conference on Human Factors in Computing Systems";"Data analysts apply machine learning and statistical methods to timestamped event sequences to tackle various problems but face unique challenges when interpreting the results. Especially in event sequence prediction, it is difficult to convey uncertainty and possible alternative paths or outcomes. In this work, informed by interviews with five machine learning practitioners, we iteratively designed a novel visualization for exploring event sequence predictions of multiple records where users are able to review the most probable predictions and possible alternatives alongside uncertainty information. Through a controlled study with 18 participants, we found that users are more confident in making decisions when alternative predictions are displayed and they consider the alternatives more when deciding between two options with similar top predictions.";"indirect";"Visualizing Uncertainty and Alternatives in Event Sequence Predictions";NA;NA;NA;NA;NA;NA;NA;NA;NA;NA;NA;NA;NA;"18,5";"AI experts (NA)";"SS,SC"
"10.1145/3490099.3511111";2022;"IUI '22: Proceedings of the 27th International Conference on Intelligent User Interfaces";"Machine learning technologies are increasingly being applied in many different domains in the real world. As autonomous machines and black-box algorithms begin making decisions previously entrusted to humans, great academic and public interest has been spurred to provide explanations that allow users to understand the decision-making process of the machine learning model. Besides explanations, Interactive Machine Learning (IML) seeks to leverage user feedback to iterate on an ML solution to correct errors and align decisions with those of the users. Despite the rise in explainable AI (XAI) and Interactive Machine Learning (IML) research, the links between interactivity, explanations, and trust have not been comprehensively studied in the machine learning literature. Thus, in this study, we develop and evaluate an explanation-driven interactive machine learning (XIML) system with the Tic-Tac-Toe game as a use case to understand how a XIML mechanism improves users' satisfaction with the machine learning system. We explore different modalities to support user feedback through visual or rules-based corrections. Our online user study (n = 199) supports the hypothesis that allowing interactivity within this XIML system causes participants to be more satisfied with the system, while visual explanations play a less prominent (and somewhat unexpected) role. Finally, we leverage a user-centric evaluation framework to create a comprehensive structural model to clarify how subjective system aspects, which represent participants' perceptions of the implemented interaction and visualization mechanisms, mediate the influence of these mechanisms on the system's user experience.";"direct";"Building Trust in Interactive Machine Learning via User Contributed Interpretable Rules";NA;NA;NA;NA;NA;NA;NA;NA;NA;NA;NA;NA;NA;"237";"crowdsourcing (AMT)";"SS"
"10.1109/ICHMS53169.2021.9582666";2021;"IEEE 2nd International Conference on Human-Machine Systems (ICHMS)";"In a Content Based Image Retrieval (CBIR) system, images are retrieved based on the content of the images such as color, shapes and objects. However, often end users experience a semantic gap between the notion of similarity used by the ranking model versus the users' perception about image similarity. Explainable AI (XAI) is an emerging research field that attempts to provide transparency of black box models, to make AI systems trustworthy and gain user trust. This work aims at building an I mage R etrieval system with T extual EX planations such as The (global) results are similar to the query by X% due to shape, Y% due to color. Local explanations are generated using various methods such as comparing images with respect to overlap between low level features such as color, shape and regions (MPEG-7 features). Additionally, high level features such as background-foreground segmentation, deep learned features and major key-points, objects identified (SIFT features) are used to enrich the explanations. We evaluate the quality of rankings on benchmark data-sets such as PASCAL VOC. The XAI facet of user satisfaction and usefulness of the system is evaluated in a lab based user study. Our results show that the semantic gap is better bridged using high level features. While low level features might be better suited for re-ranking of the retrieved images.";"direct";"IRTEX: Image Retrieval with Textual Explanations";NA;NA;NA;NA;NA;NA;NA;NA;NA;NA;NA;NA;NA;"20";"not stated (NA)";"SS,FS"
NA;2018;"AIDE-WS '18 Joint Proceedings of the AIIDE 2018 Workshops co-located with 14th AAAI Conference on Artificial Intelligence and Interactive Digital Entertainment (AIIDE 2018)";"Procedural content generation via Machine Learning (PCGML) is the umbrella term for approaches that generate content for games via machine learning. One of the benefits of PCGML is that, unlike search or grammar-based PCG, it does not require hand authoring of initial content or rules. Instead, PCGML relies on existing content and black box models, which can be difficult to tune or tweak without expert knowledge. This is especially problematic when a human designer needs to understand how to manipulate their data or models to achieve desired results. We present an approach to Explainable PCGML via Design Patterns in which the design patterns act as a vocabulary and mode of interaction between user and model. We demonstrate that our technique outperforms non explainable versions of our system in interactions with five expert designers, four of whom lack any machine learning expertise.";"indirect";"Explainable PCGML via game design patterns";"Desiderata";"Subjective";"Med";FALSE;FALSE;NA;NA;FALSE;FALSE;NA;FALSE;FALSE;"up to 2020";"5";"domain experts (designers)";"SS"
"10.1145/3290605.3300854";2019;"CHI '19: Proceedings of the 2019 CHI Conference on Human Factors in Computing Systems";"Machine learning advances have afforded an increase in algorithms capable of creating art, music, stories, games, and more. However, it is not yet well-understood how machine learning algorithms might best collaborate with people to support creative expression. To investigate how practicing designers perceive the role of AI in the creative process, we developed a game level design tool for Super Mario Bros.-style games with a built-in AI level designer. In this paper we discuss our design of the Morai Maker intelligent tool through two mixed-methods studies with a total of over one-hundred participants. Our findings are as follows: (1) level designers vary in their desired interactions with, and role of, the AI, (2) the AI prompted the level designers to alter their design practices, and (3) the level designers perceived the AI as having potential value in their design practice, varying based on their desired role for the AI.";"indirect";"Friend, Collaborator, Student, Manager";NA;NA;NA;NA;NA;NA;NA;NA;NA;NA;NA;NA;NA;"24,91";"domain experts (game designers),not stated (NA)";"SS,SC"
"10.1145/3491102.3517650";2022;"CHI '22: Proceedings of the 2022 CHI Conference on Human Factors in Computing Systems";"Model-agnostic explainable AI tools explain their predictions by means of 'local' feature contributions. We empirically investigate two potential improvements over current approaches. The first one is to always present feature contributions in terms of the contribution to the outcome that is perceived as positive by the user (positive framing). The second one is to add semantic labeling, that explains the directionality of each feature contribution (this feature leads to +5% eligibility), reducing additional cognitive processing steps. In a user study, participants evaluated the understandability of explanations for different framing and labeling conditions for loan applications and music recommendations. We found that positive framing improves understandability even when the prediction is negative. Additionally, adding semantic labels eliminates any framing effects on understandability, with positive labels outperforming negative labels. We implemented our suggestions in a package ArgueView[11].";"direct";"Improving understandability of feature contributions in model-agnostic explainable AI tools";NA;NA;NA;NA;NA;NA;NA;NA;NA;NA;NA;NA;NA;"133";"students (NA),researchers (NA),administrative staff (NA),other (convenience sampling)";"SS,SC"
NA;2018;"arXiv";"We consider the problem of explaining the decisions of deep neural networks for image recognition in terms of human-recognizable visual concepts. In particular, given a test set of images, we aim to explain each classification in terms of a small number of image regions, or activation maps, which have been associated with semantic concepts by a human annotator. This allows for generating summary views of the typical reasons for classifications, which can help build trust in a classifier and/or identify example types for which the classifier may not be trusted. For this purpose, we developed a user interface for interactive naming, which allows a human annotator to manually cluster significant activation maps in a test set into meaningful groups called visual concepts. The main contribution of this paper is a systematic study of the visual concepts produced by five human annotators using the interactive naming interface. In particular, we consider the adequacy of the concepts for explaining the classification of test-set images, correspondence of the concepts to activations of individual neurons, and the inter-annotator agreement of visual concepts. We find that a large fraction of the activation maps have recognizable visual concepts, and that there is significant agreement between the different annotators about their denotations. Our work is an exploratory study of the interplay between machine learning and human recognition mediated by visualizations of the results of learning.";"indirect";"Interactive naming for explaining deep neural networks: a formative study";NA;NA;NA;NA;NA;NA;NA;NA;NA;NA;NA;NA;NA;"5";"not stated (NA)";"SS"
"10.1007/s12525-023-00640-9";2023;"Electronic Markets";"Abstract Explainable artificial intelligence (XAI) is an important advance in the field of machine learning to shed light on black box algorithms and thus a promising approach to improving artificial intelligence (AI) adoption. While previous literature has already addressed the technological benefits of XAI, there has been little research on XAI from the user’s perspective. Building upon the theory of trust, we propose a model that hypothesizes that post hoc explainability (using Shapley Additive Explanations) has a significant impact on use-related variables in this context. To test our model, we designed an experiment using a randomized controlled trial design where participants compare signatures and detect forged signatures. Surprisingly, our study shows that XAI only has a small but significant impact on perceived explainability. Nevertheless, we demonstrate that a high level of perceived explainability has a strong impact on important constructs including trust and perceived usefulness. A post hoc analysis shows that hedonic factors are significantly related to perceived explainability and require more attention in future research. We conclude with important directions for academia and for organizations.";"direct";"Explanation matters: An experimental study on explainable AI";NA;NA;NA;NA;NA;NA;NA;NA;NA;NA;NA;NA;NA;"106";"other (snowball sampling with people from insurance company)";"SS,FS"
"10.1145/3351095.3372831";2020;"FAT* '20: Proceedings of the 2020 Conference on Fairness, Accountability, and Transparency";"There are many competing definitions of what statistical properties make a machine learning model fair. Unfortunately, research has shown that some key properties are mutually exclusive. Realistic models are thus necessarily imperfect, choosing one side of a trade-off or the other. To gauge perceptions of the fairness of such realistic, imperfect models, we conducted a between-subjects experiment with 502 Mechanical Turk workers. Each participant compared two models for deciding whether to grant bail to criminal defendants. The first model equalized one potentially desirable model property, with the other property varying across racial groups. The second model did the opposite. We tested pairwise trade-offs between the following four properties: accuracy; false positive rate; outcomes; and the consideration of race. We also varied which racial group the model disadvantaged. We observed a preference among participants for equalizing the false positive rate between groups over equalizing accuracy. Nonetheless, no preferences were overwhelming, and both sides of each trade-off we tested were strongly preferred by a non-trivial fraction of participants. We observed nuanced distinctions between participants considering a model unbiased and considering it fair. Furthermore, even when a model within a trade-off pair was seen as fair and unbiased by a majority of participants, we did not observe consensus that a machine learning model was preferable to a human judge. Our results highlight challenges for building machine learning models that are perceived as fair and broadly acceptable in realistic situations.";"indirect";"An empirical study on the perceived fairness of realistic, imperfect machine learning models";NA;NA;NA;NA;NA;NA;NA;NA;NA;NA;NA;NA;NA;"502";"crowdsourcing (AMT)";"SC,SS"
"10.1145/3544548.3581025";2023;"CHI '23: Proceedings of the 2023 CHI Conference on Human Factors in Computing Systems";"The dazzling promises of AI systems to augment humans in various tasks hinge on whether humans can appropriately rely on them. Recent research has shown that appropriate reliance is the key to achieving complementary team performance in AI-assisted decision making. This paper addresses an under-explored problem of whether the Dunning-Kruger Effect (DKE) among people can hinder their appropriate reliance on AI systems. DKE is a metacognitive bias due to which less-competent individuals overestimate their own skill and performance. Through an empirical study (N = 249), we explored the impact of DKE on human reliance on an AI system, and whether such effects can be mitigated using a tutorial intervention that reveals the fallibility of AI advice, and exploiting logic units-based explanations to improve user understanding of AI advice. We found that participants who overestimate their performance tend to exhibit under-reliance on AI systems, which hinders optimal team performance. Logic units-based explanations did not help users in either improving the calibration of their competence or facilitating appropriate reliance. While the tutorial intervention was highly effective in helping users calibrate their self-assessment and facilitating appropriate reliance among participants with overestimated self-assessment, we found that it can potentially hurt the appropriate reliance of participants with underestimated self-assessment. Our work has broad implications on the design of methods to tackle user cognitive biases while facilitating appropriate reliance on AI systems. Our findings advance the current understanding of the role of self-assessment in shaping trust and reliance in human-AI decision making. This lays out promising future directions for relevant HCI research in this community.";"direct";"Knowing About Knowing: An Illusion of Human Competence Can Hinder Appropriate Reliance on AI Systems";NA;NA;NA;NA;NA;NA;NA;NA;NA;NA;NA;NA;NA;"314";"crowdsourcing (Prolific)";"FS,SS"
NA;2020;"Machine Learning for Healthcare Conference (MLHC)";"Applying machine learning in healthcare can be problematic because predictions might be biased, can lack robustness, and are prone to overly rely on correlations. Interpretable machine learning can mitigate these issues by visualizing gaps in problem formalization and putting the responsibility to meet additional desiderata of machine learning systems on human practitioners. Generalized additive models with interactions are transparent, with modular one- and two-dimensional risk functions that can be reviewed and, if necessary, removed. The key objective of this study is to determine whether these models can be interpreted by doctors to safely deploy them in a clinical setting. To this end, we simulated the review process of eight risk functions trained on a clinical task with twelve clinicians and collected information about objective and subjective factors of interpretability. The ratio of correct answers for dichotomous statements covering important properties of risk functions was 0.83±0.02 (n = 360) and the median of the participants’ certainty to correctly understand them was Certain (n=96) on a seven-level Likert scale (one = Very Uncertain to seven = Very Certain). These results suggest that doctors can correctly interpret risk functions of generalized additive models with interactions and also feel confident to do so. However, the evaluation also identified several interpretability issues and it showed that interpretability of generalized additive models depends on the complexity of risk functions.";"direct";"An Evaluation of the Doctor-Interpretability of Generalized Additive Models with Interactions";NA;NA;NA;NA;NA;NA;NA;NA;NA;NA;NA;NA;NA;"12";"domain experts (medical)";"SS"
"10.1080/10447318.2022.2095093";2022;"International Journal of Human-Computer Interaction";"The application of artificial intelligence (AI) systems has surged in the high-risk area of medicine, and these systems must explain their decisions to different users. However, existing explainable AI (XAI) design practices in the medical domain are mostly focused on domain experts, such as physicians, and there is a lack of XAI design practices for consumer users. Therefore, we developed a library of XAI user needs in the medical domain, which can be used as an auxiliary tool for the development of user-centered XAI design solutions in this domain. Moreover, through empirical research, based on our XAI user Needs Library, we designed an XAI-based electrocardiogram diagnostic system prototype for consumer users and conducted a user evaluation. The results provide the empirical experience of the design space of XAI and promote consumer user-centered XAI practices.";"direct";"What Are the Users’ Needs? Design of a User-Centered Explainable Artificial Intelligence Diagnostic System";NA;NA;NA;NA;NA;NA;NA;NA;NA;NA;NA;NA;NA;"8";"students (NA)";"SS"
"10.1109/TAFFC.2020.3043603";2022;"IEEE Transactions on Affective Computing";"In this article, we introduce a next-generation annotation tool called NOVA for emotional behaviour analysis, which implements a workflow that interactively incorporates the 'human in the loop'.A main aspect of NOVA is the possibility of applying semisupervised active learning where Machine Learning techniques are used already during the annotation process by giving the possibility to pre-label data automatically.Furthermore, NOVA implements recent eXplainable AI (XAI) techniques to provide users with both, a confidence value of the automatically predicted annotations, as well as visual explanations.We investigate how such techniques can assist non-experts in terms of trust, perceived self-efficacy, cognitive workload as well as creating correct mental models about the system by conducting a user study with 53 participants.The results show that NOVA can easily be used by non-experts and lead to a high computer self-efficacy.Furthermore, the results indicate that XAI visualisations help users to create more correct mental models about the machine learning system compared to the baseline condition.Nevertheless, we suggest that explanations in the field of AI have to be more focused on user-needs as well as on the classification task and the model they want to explain.";"direct";"Unraveling ML Models of Emotion With NOVA: Multi-Level Explainable AI for Non-Experts";NA;NA;NA;NA;NA;NA;NA;NA;NA;NA;NA;NA;NA;"53";"not stated (NA)";"FS,SS,SC"
NA;2019;"ACMIUI-WS '19: Joint Proceedings of the ACM IUI 2019 Workshops co-located with the 24th ACM Conference on Intelligent User Interfaces (ACM IUI 2019)";"A lack of algorithmic transparency is a major barrier to the adoption of artificial intelligence technologies within contexts which require high risk and high consequence decision making. In this paper we present a framework for providing transparency of algorithmic processes. We include important considerations not identified in research to date for the high risk and high consequence context of defence intelligence analysis. To demonstrate the core concepts of our framework we explore an example application (a conversational agent for knowledge exploration) which demonstrates shared human-machine reasoning in a critical decision making scenario. We include new findings from interviews with a small number of analysts and recommendations for future research.";"indirect";"Algorithmic transparency of conversational agents";"Understanding";"Subjective";"Low";NA;NA;NA;NA;NA;FALSE;NA;NA;FALSE;"up to 2020";"NA";"domain experts (intelligence analysts)";"SS"
"10.1007/978-3-030-50353-6_20";2020;"Augmented Cognition. Theoretical and Technological Approaches (HCII) Lecture Notes in Computer Science";"Abstract In domains which require high risk and high consequence decision making, such as defence and security, there is a clear requirement for artificial intelligence (AI) systems to be able to explain their reasoning. In this paper we examine what it means to provide explainable AI. We report on research findings to propose that explanations should be tailored, depending upon the role of the human interacting with the system and the individual system components, to reflect different needs. We demonstrate that a ‘one-size-fits-all’ explanation is insufficient to capture the complexity of needs. Thus, designing explainable AI systems involves careful consideration of context, and within that the nature of both the human and AI components.";"indirect";"Explainable Artificial Intelligence: What Do You Need to Know?";NA;NA;NA;NA;NA;NA;NA;NA;NA;NA;NA;NA;NA;"12,4";"AI experts (NA),other (military),domain experts (intelligence analysts)";"SS"
"10.1145/3444369";2021;"ACM Transactions on Interactive Intelligent Systems";"The adoption of artificial intelligence (AI) systems in environments that involve high risk and high consequence decision-making is severely hampered by critical design issues. These issues include system transparency and brittleness, where transparency relates to (i) the explainability of results and (ii) the ability of a user to inspect and verify system goals and constraints; and brittleness, (iii) the ability of a system to adapt to new user demands. Transparency is a particular concern for criminal intelligence analysis, where there are significant ethical and trust issues that arise when algorithmic and system processes are not adequately understood by a user. This prevents adoption of potentially useful technologies in policing environments. In this article, we present a novel approach to designing a conversational agent (CA) AI system for intelligence analysis that tackles these issues. We discuss the results and implications of three different studies; a Cognitive Task Analysis to understand analyst thinking when retrieving information in an investigation, Emergent Themes Analysis to understand the explanation needs of different system components, and an interactive experiment with a prototype conversational agent. Our prototype conversational agent, named Pan, demonstrates transparency provision and mitigates brittleness by evolving new CA intentions. We encode interactions with the CA with human factors principles for situation recognition and use interactive visual analytics to support analyst reasoning. Our approach enables complex AI systems, such as Pan, to be used in sensitive environments, and our research has broader application than the use case discussed.";"indirect";"Developing Conversational Agents for Use in Criminal Investigations";NA;NA;NA;NA;NA;NA;NA;NA;NA;NA;NA;NA;NA;"10";"domain experts (operational intelligence analysts)";"SS"
"10.1145/358916.358995";2000;"CSCW '00: Proceedings of the 2000 ACM conference on Computer supported cooperative work";"Automated collaborative filtering (ACF) systems predict a person's affinity for items or information by connecting that person's recorded interests with the recorded interests of a community of people and sharing ratings between like-minded persons. However, current recommender systems are black boxes, providing no transparency into the working of the recommendation. Explanations provide that transparency, exposing the reasoning and data behind a recommendation. In this paper, we address explanation interfaces for ACF systems - how they should be implemented and why they should be implemented. To explore how, we present a model for explanations based on the user's conceptual model of the recommendation process. We then present experimental results demonstrating what components of an explanation are the most compelling. To address why, we present experimental evidence that shows that providing explanations can improve the acceptance of ACF systems. We also describe some initial explorations into measuring how explanations can improve the filtering performance of users.";"indirect";"Explaining collaborative filtering recommendations";NA;NA;NA;NA;NA;NA;NA;NA;NA;NA;NA;NA;NA;"210";"domain experts (users of the MovieLens web-based ACF movie recommender)";"SS,SC"
NA;2021;"European Conference on Information Systems (ECIS)";"In explainable artificial intelligence (XAI), researchers try to alleviate the intransparency of high-performing but incomprehensible machine learning models. This should improve their adoption in practice. While many XAI techniques have been developed, the impact of their possibilities on the user is rarely being investigated. Hence, it is neither apparent whether an XAI-based model is perceived as more explainable than existing alternative machine learning models nor is it known whether the explanations actually increase the user’s comprehension of the problem, and thus, their problem-solving ability. In an empirical study, we asked 165 participants about the perceived explainability of different machine learning models and an XAI augmentation. We further tasked them to answer retention, transfer, and recall questions in three scenarios with different stake. The results reveal high comprehensibility and problem-solving performance of XAI augmentation compared to the tested machine learning models.";"indirect";"I Don't Get IT, but IT seems Valid! The Connection between Explainability and Comprehensibility in (X)AI Research";NA;NA;NA;NA;NA;NA;NA;NA;NA;NA;NA;NA;NA;"175";"crowdsourcing (Prolific)";"SS,SC"
"10.1016/j.ijinfomgt.2022.102538";2023;"International Journal of Information Management";"Machine learning algorithms enable advanced decision making in contemporary intelligent systems. Research indicates that there is a tradeoff between their model performance and explainability. Machine learning models with higher performance are often based on more complex algorithms and therefore lack explainability and vice versa. However, there is little to no empirical evidence of this tradeoff from an end user perspective. We aim to provide empirical evidence by conducting two user experiments. Using two distinct datasets, we first measure the tradeoff for five common classes of machine learning algorithms. Second, we address the problem of end user perceptions of explainable artificial intelligence augmentations aimed at increasing the understanding of the decision logic of high-performing complex models. Our results diverge from the widespread assumption of a tradeoff curve and indicate that the tradeoff between model performance and explainability is much less gradual in the end user's perception. This is a stark contrast to assumed inherent model interpretability. Further, we found the tradeoff to be situational for example due to data complexity. Results of our second experiment show that while explainable artificial intelligence augmentations can be used to increase explainability, the type of explanation plays an essential role in end user perception.";"direct";"Stop ordering machine learning algorithms by their explainability! A user-centered investigation of performance and explainability";NA;NA;NA;NA;NA;NA;NA;NA;NA;NA;NA;NA;NA;"112";"crowdsourcing (Prolific)";"SS,SC"
"10.1145/3469595.3469596";2021;"CUI '21: Proceedings of the 3rd Conference on Conversational User Interfaces";"Providing explanations based on user reviews in recommender systems (RS) can increase users' perception of system transparency. While static explanations are dominant, interactive explanatory approaches have emerged in explainable artificial intelligence (XAI), so that users are more likely to examine system decisions and get more arguments supporting system assertions. However, little attention has been paid to conversational approaches for explanations targeting end users. In this paper we explore how to design a conversational interface to provide explanations in a review-based RS, and present the results of a Wizard of Oz (WoOz) study that provided insights into the type of questions users might ask in such a context, as well as their perception of a system simulating such a dialog. Consequently, we propose a dialog management policy and user intents for explainable review-based RS, taking as an example the hotels domain.";"direct";"Conversational review-based explanations for recommender systems: Exploring users’ query behavior";NA;NA;NA;NA;NA;NA;NA;NA;NA;NA;NA;NA;NA;"32";"crowdsourcing (AMT)";"SS"
"10.1145/3579541";2023;"ACM Transactions on Interactive Intelligent Systems";"Explaining system-generated recommendations based on user reviews can foster users’ understanding and assessment of the recommended items and the recommender system (RS) as a whole. While up to now explanations have mostly been static, shown in a single presentation unit, some interactive explanatory approaches have emerged in explainable artificial intelligence (XAI), making it easier for users to examine system decisions and to explore arguments according to their information needs. However, little is known about how interactive interfaces should be conceptualized and designed to meet the explanatory aims of transparency, effectiveness, and trust in RS. Thus, we investigate the potential of interactive, conversational explanations in review-based RS and propose an explanation approach inspired by dialog models and formal argument structures. In particular, we investigate users’ perception of two different interface types for presenting explanations, a graphical user interface (GUI)-based dialog consisting of a sequence of explanatory steps, and a chatbot-like natural-language interface. Since providing explanations by means of natural language conversation is a novel approach, there is a lack of understanding how users would formulate their questions with a corresponding lack of datasets. We thus propose an intent model for explanatory queries and describe the development of ConvEx-DS, a dataset containing intent annotations of 1,806 user questions in the domain of hotels, that can be used to to train intent detection methods as part of the development of conversational agents for explainable RS. We validate the model by measuring user-perceived helpfulness of answers given based on the implemented intent detection. Finally, we report on a user study investigating users’ evaluation of the two types of interactive explanations proposed (GUI and chatbot), and to test the effect of varying degrees of interactivity that result in greater or lesser access to explanatory information. By using Structural Equation Modeling, we reveal details on the relationships between the perceived quality of an explanation and the explanatory objectives of transparency, trust, and effectiveness. Our results show that providing interactive options for scrutinizing explanatory arguments has a significant positive influence on the evaluation by users (compared to low interactive alternatives). Results also suggest that user characteristics such as decision-making style may have a significant influence on the evaluation of different types of interactive explanation interfaces.";"direct";"Explaining Recommendations through Conversations: Dialog Model and the Effects of Interface Type and Degree of Interactivity";"Desiderata";"Subjective";"Med";FALSE;FALSE;TRUE;TRUE;TRUE;FALSE;TRUE;FALSE;TRUE;"2021 and after";"223";"crowdsourcing (Prolific)";"SS,SC"
"10.1145/3446871.3469749";2021;"ICER 2021: Proceedings of the 17th ACM Conference on International Computing Education Research";"This paper presents a pilot study of NaturalLanguageProcessing4All (NLP4All), a Constructionist, low-threshold, XAI learning tool designed to bring Natural Language Processing methods into high school classrooms. Specifically, NLP4All is designed to let non-programmers explore different corpora of text through classification activities. Together with a high school Social Studies teacher, I developed a 2-week (6-hour) learning unit focusing on analyzing tweets from political parties to explore the differences and similarities between their policy views and communication styles. In the analysis, I find that text classification shows unexplored promise as a learning activity; that students were able to draw on their prior knowledge to classify tweets; that using NLP4All to collaboratively classify tweets led to productive classroom discussions; and that while students were able to build good machine learning models for classifying tweets, their rationales often focused on identifying one party, rather than distinguishing between parties. Finally, I discuss other educational contexts where NLP and ML can be productive for children, and future design features that may be worth exploring.";"indirect";"NaturalLanguageProcesing4All";NA;NA;NA;NA;NA;NA;NA;NA;NA;NA;NA;NA;NA;"NA";"domain experts (hs students and a teacher)";"SS,SC,FS"
NA;2023;"The Eleventh International Conference on Learning Representations (ICLR)";"As large language models (LLMs) grow larger and more sophisticated, assessing their reasoning capabilities in natural language grows more challenging. Recent question answering (QA) benchmarks that attempt to assess reasoning are often limited by a narrow scope of covered situations and subject matters. We introduce WikiWhy, a QA dataset built around a novel auxiliary task: explaining why an answer is true in natural language. WikiWhy contains over 9,000 why question-answer-rationale triples, grounded on Wikipedia facts across a diverse set of topics. Each rationale is a set of supporting statements connecting the question to the answer. WikiWhy serves as a benchmark for the reasoning capabilities of LLMs because it demands rigorous explicit rationales for each answer to demonstrate the acquisition of implicit commonsense knowledge, which is unlikely to be easily memorized. GPT-3 baselines achieve only 38.7% human-evaluated correctness in the end-to-end answer & explain condition, leaving significant room for future improvements.";"top 4";"WikiWhy: Answering and Explaining Cause-and-Effect Questions";"Understanding";"Subjective";"Low";FALSE;FALSE;NA;NA;FALSE;FALSE;NA;FALSE;FALSE;"top 4";"3";"students (NA)";"SS,SC"
"10.1145/3290605.3300809";2019;"CHI '19: Proceedings of the 2019 CHI Conference on Human Factors in Computing Systems";"Without good models and the right tools to interpret them, data scientists risk making decisions based on hidden biases, spurious correlations, and false generalizations. This has led to a rallying cry for model interpretability. Yet the concept of interpretability remains nebulous, such that researchers and tool designers lack actionable guidelines for how to incorporate interpretability into models and accompanying tools. Through an iterative design process with expert machine learning researchers and practitioners, we designed a visual analytics system, Gamut, to explore how interactive interfaces could better support model interpretation. Using Gamut as a probe, we investigated why and how professional data scientists interpret models, and how interface affordances can support data scientists in answering questions about model interpretability. Our investigation showed that interpretability is not a monolithic concept: data scientists have different reasons to interpret models and tailor explanations for specific audiences, often balancing competing concerns of simplicity and completeness. Participants also asked to use Gamut in their work, highlighting its potential to help data scientists understand their own data.";"indirect";"Gamut";NA;NA;NA;NA;NA;NA;NA;NA;NA;NA;NA;NA;NA;"33";"domain experts (data scientists)";"FS,SS,SC"
"10.1145/2856767.2856811";2016;"IUI '16: Proceedings of the 21st International Conference on Intelligent User Interfaces";"Trust is a significant factor in user adoption of new systems. However, although trust is a dynamic attitude of the user towards the system and changes over time, trust in intelligent systems is typically captured as a single quantitative measure at the conclusion of a task. This paper challenges this approach. We report a case study that employed a combination of repeated quantitative and qualitative measures to examine how trust in an intelligent system evolved over time and whether this varied depending on whether the system offered explanations. We discovered different patterns in participants' trust journeys. When provided with explanations, participants' trust levels initially increased, before returning to their original level. Without explanations, participants' trust reduced over time. The qualitative data showed that perceived system ability was more important in determining trust amongst with-explanation participants and perceived transparency was a greater influence on the trust of participants who did not receive explanations. The findings provide a deeper understanding of the development of user trust in intelligent systems and indicate the value of the approach adopted.";"indirect";"User Trust in Intelligent Systems";NA;NA;NA;NA;NA;NA;NA;NA;NA;NA;NA;NA;NA;"15";"students (NA),researchers (NA),administrative staff (NA)";"SS"
"10.1145/3290605.3300830";2019;"CHI '19: Proceedings of the 2019 CHI Conference on Human Factors in Computing Systems";"The potential for machine learning (ML) systems to amplify social inequities and unfairness is receiving increasing popular and academic attention. A surge of recent work has focused on the development of algorithmic tools to assess and mitigate such unfairness. If these tools are to have a positive impact on industry practice, however, it is crucial that their design be informed by an understanding of real-world needs. Through 35 semi-structured interviews and an anonymous survey of 267 ML practitioners, we conduct the first systematic investigation of commercial product teams' challenges and needs for support in developing fairer ML systems. We identify areas of alignment and disconnect between the challenges faced by teams in practice and the solutions proposed in the fair ML research literature. Based on these findings, we highlight directions for future ML and HCI research that will better address practitioners' needs.";"indirect";"Improving Fairness in Machine Learning Systems";NA;NA;NA;NA;NA;NA;NA;NA;NA;NA;NA;NA;NA;"35,267";"AI experts (NA)";"SS"
"10.1109/TVCG.2021.3102051";2022;"IEEE Transactions on Visualization and Computer Graphics";"The widespread adoption of algorithmic decision-making systems has brought about the necessity to interpret the reasoning behind these decisions. The majority of these systems are complex black box models, and auxiliary models are often used to approximate and then explain their behavior. However, recent research suggests that such explanations are not overly accessible to lay users with no specific expertise in machine learning and this can lead to an incorrect interpretation of the underlying model. In this article, we show that a predictive and interactive model based on causality is inherently interpretable, does not require any auxiliary model, and allows both expert and non-expert users to understand the model comprehensively. To demonstrate our method we developed Outcome Explorer, a causality guided interactive interface, and evaluated it by conducting think-aloud sessions with three expert users and a user study with 18 non-expert users. All three expert users found our tool to be comprehensive in supporting their explanation needs while the non-expert users were able to understand the inner workings of a model easily.";"direct";"Outcome-Explorer: A Causality Guided Interactive Visual Interface for Interpretable Algorithmic Decision Making";NA;NA;NA;NA;NA;NA;NA;NA;NA;NA;NA;NA;NA;"13";"AI experts (NA),other (social media),other (mailing list)";"SS"
"10.1007/s10994-013-5413-0";2013;"Machine Learning";"Topic models are a useful and ubiquitous tool for understanding large corpora. However, topic models are not perfect, and for many users in computational social science, digital humanities, and information studies—who are not machine learning experts—existing models and frameworks are often a “take it or leave it” proposition. This paper presents a mechanism for giving users a voice by encoding users’ feedback to topic models as correlations between words into a topic model. This framework, interactive topic modeling (itm), allows untrained users to encode their feedback easily and iteratively into the topic models. Because latency in interactive systems is crucial, we develop more efficient inference algorithms for tree-based topic models. We validate the framework both with simulated and real users.";"indirect";"Interactive topic modeling";NA;NA;NA;NA;NA;NA;NA;NA;NA;NA;NA;NA;NA;"NA,20";"crowdsourcing (AMT),students (NA),other (workers from the related field)";"SS"
"10.1002/ail2.39";2021;"Applied AI Letters";"Abstract In complex inferential tasks like question answering, machine learning models must confront two challenges: the need to implement a compositional reasoning process, and, in many applications, the need for this reasoning process to be interpretable to assist users in both development and prediction. Existing models designed to produce interpretable traces of their decision‐making process typically require these traces to be supervised at training time. In this paper, we present a novel neural modular approach that performs compositional reasoning by automatically inducing a desired subtask decomposition without relying on strong supervision. Our model allows linking different reasoning tasks through shared modules that handle common routines across tasks. Experiments show that the model is more interpretable to human evaluators compared to other state‐of‐the‐art models: users can better understand the model's underlying reasoning procedure and predict when it will succeed or fail based on observing its intermediate outputs.";"indirect";"Explainable neural computation via stack neural module networks";NA;NA;NA;NA;NA;NA;NA;NA;NA;NA;NA;NA;NA;"NA";"not stated (NA)";"SS"
"10.1007/978-3-031-44064-9_35";2023;"Explainable Artificial Intelligence (xAI) Communications in Computer and Information Science";"Explainable artificial intelligence (XAI) has gained increasing attention in the medical field, where understanding the reasons for predictions is crucial. In this paper we introduce an interactive and dynamic visual interface providing global, local and counterfactual explanations to end-users, with a use case in healthcare. The dataset used in the study is about predicting an individual’s coronary heart disease (CHD) within 10 years using the decision tree classification method. We evaluated our XAI system with 200 participants. Our results show that the participants reported an overall good assessment of the user interface, with non-expert users showing a higher satisfaction than users who have some degree of knoweldge of AI.";"direct";"An Interactive XAI Interface with Application in Healthcare for Non-experts";NA;NA;NA;NA;NA;NA;NA;NA;NA;NA;NA;NA;NA;"200";"not stated (NA)";"SS,SC"
"10.1109/IROS.2018.8593649";2018;"IEEE/RSJ International Conference on Intelligent Robots and Systems (IROS)";"In order to effectively interact with or supervise a robot, humans need to have an accurate mental model of its capabilities and how it acts. Learned neural network policies make that particularly challenging. We propose an approach for helping end-users build a mental model of such policies. Our key observation is that for most tasks, the essence of the policy is captured in a few critical states: states in which it is very important to take a certain action. Our user studies show that if the robot shows a human what its understanding of the task's critical states is, then the human can make a more informed decision about whether to deploy the policy, and if she does deploy it, when she needs to take control from it at execution time.";"indirect";"Establishing Appropriate Trust via Critical States";NA;NA;NA;NA;NA;NA;NA;NA;NA;NA;NA;NA;NA;"72";"crowdsourcing (AMT)";"FS,SS"
"10.1109/TVCG.2022.3209384";2022;"IEEE Transactions on Visualization and Computer Graphics";"Traditional deep learning interpretability methods which are suitable for model users cannot explain network behaviors at the global level and are inflexible at providing fine-grained explanations. As a solution, concept-based explanations are gaining attention due to their human intuitiveness and their flexibility to describe both global and local model behaviors. Concepts are groups of similarly meaningful pixels that express a notion, embedded within the network's latent space and have commonly been hand-generated, but have recently been discovered by automated approaches. Unfortunately, the magnitude and diversity of discovered concepts makes it difficult to navigate and make sense of the concept space. Visual analytics can serve a valuable role in bridging these gaps by enabling structured navigation and exploration of the concept space to provide concept-based insights of model behavior to users. To this end, we design, develop, and validate CONCEPTEXPLAINER, a visual analytics system that enables people to interactively probe and explore the concept space to explain model behavior at the instance/class/global level. The system was developed via iterative prototyping to address a number of design challenges that model users face in interpreting the behavior of deep learning models. Via a rigorous user study, we validate how CONCEPTEXPLAINER supports these challenges. Likewise, we conduct a series of usage scenarios to demonstrate how the system supports the interactive analysis of model behavior across a variety of tasks and explanation granularities, such as identifying concepts that are important to classification, identifying bias in training data, and understanding how concepts can be shared across diverse and seemingly dissimilar classes.";"direct";"ConceptExplainer: Interactive Explanation for Deep Neural Networks from a Concept Perspective";NA;NA;NA;NA;NA;NA;NA;NA;NA;NA;NA;NA;NA;"10";"students (NA),other (analyst)";"SS"
"10.1016/j.artint.2021.103571";2021;"Artificial Intelligence";"With advances in reinforcement learning (RL), agents are now being developed in high-stakes application domains such as healthcare and transportation. Explaining the behavior of these agents is challenging, as the environments in which they act have large state spaces, and their decision-making can be affected by delayed rewards, making it difficult to analyze their behavior. To address this problem, several approaches have been developed. Some approaches attempt to convey the global behavior of the agent, describing the actions it takes in different states. Other approaches devised local explanations which provide information regarding the agent's decision-making in a particular state. In this paper, we combine global and local explanation methods, and evaluate their joint and separate contributions, providing (to the best of our knowledge) the first user study of combined local and global explanations for RL agents. Specifically, we augment strategy summaries that extract important trajectories of states from simulations of the agent with saliency maps which show what information the agent attends to. Our results show that the choice of what states to include in the summary (global information) strongly affects people's understanding of agents: participants shown summaries that included important states significantly outperformed participants who were presented with agent behavior in a set of world-states that are likely to appear during gameplay. We find mixed results with respect to augmenting demonstrations with saliency maps (local information), as the addition of saliency maps, in the form of raw heat maps, did not significantly improve performance in most cases. However, we do find some evidence that saliency maps can help users better understand what information the agent relies on during its decision-making, suggesting avenues for future work that can further improve explanations of RL agents.";"direct";"Local and global explanations of agent behavior: Integrating strategy summaries with saliency maps";NA;NA;NA;NA;NA;NA;NA;NA;NA;NA;NA;NA;NA;"133";"crowdsourcing (AMT)";"SS,SC"
"10.1007/978-3-030-88900-5_27";2021;"Information Systems and Neuroscience. NeuroIS 2021. Lecture Notes in Information Systems and Organisation";"Explainable Artificial Intelligence (XAI) aims to bring transparency to AI systems by translating, simplifying, and visualizing its decisions. While society remains skeptical about AI systems, studies show that transparent and explainable AI systems result in improved confidence between humans and AI. We present preliminary results from a study designed to assess two presentation-order methods and three AI decision visualization attribution models to determine each visualization's impact upon a user's cognitive load and confidence in the system by asking participants to complete a visual decision-making task. The results show that both the presentation order and the morphological clarity impact cognitive load. Furthermore, a negative correlation was revealed between cognitive load and confidence in the AI system. Our findings have implications for future AI systems design, which may facilitate better collaboration between humans and AI.";"direct";"Explainable Artificial Intelligence (XAI): How the Visualization of AI Predictions Affects User Cognitive Load and Confidence";"Understanding";"Objective and Subjective";"No";FALSE;FALSE;NA;NA;TRUE;FALSE;FALSE;TRUE;FALSE;"2021 and after";"19";"not stated (NA)";"SC"
NA;2023;"AAMAS '23: Proceedings of the 2023 International Conference on Autonomous Agents and Multiagent Systems";"The increased use of AI algorithmic aids in high-stakes decision making has prompted interest in explainable AI (xAI), and the role of counterfactual explanations to increase trust in human-algorithm collaborations and to mitigate unfair outcomes. However, research is limited in understanding how explainable AI improves human decision-making. We conduct an online experiment with 559 participants, utilizing an algorithm-in-the-loop framework and real-world pre-trial data to investigate how explanations of algorithmic pretrial risk assessments generated from state-of-the-art machine learning explanation methods (counterfactual explanations via DiCE & factual explanations via SHAP) influences the quality of decision-makers' assessment of recidivism. Our results show that counterfactual and factual explanations achieve different desirable goals (separately improve human assessment of model accuracy, fairness, and calibration), yet still fall short of improving the combined accuracy, fairness, and reliability of human predictions - reinstating the need for sociotechnical, empirical evaluations in xAI. We conclude with user feedback on DiCE counterfactual explanations, as well as a discussion of the broader implications of our results to AI-assisted decision-making and xAI.";"direct";"Do Explanations Improve the Quality of AI-assisted Human Decisions? An Algorithm-in-the-Loop Analysis of Factual & Counterfactual Explanations";NA;NA;NA;NA;NA;NA;NA;NA;NA;NA;NA;NA;NA;"738";"crowdsourcing (AMT)";"FS,SS"
"10.1145/3411764.3445385";2021;"CHI '21: Proceedings of the 2021 CHI Conference on Human Factors in Computing Systems";"Major depressive disorder is a debilitating disease affecting 264 million people worldwide. While many antidepressant medications are available, few clinical guidelines support choosing among them. Decision support tools (DSTs) embodying machine learning models may help improve the treatment selection process, but often fail in clinical practice due to poor system integration. We use an iterative, co-design process to investigate clinicians' perceptions of using DSTs in antidepressant treatment decisions. We identify ways in which DSTs need to engage with the healthcare sociotechnical system, including clinical processes, patient preferences, resource constraints, and domain knowledge. Our results suggest that clinical DSTs should be designed as multi-user systems that support patient-provider collaboration and offer on-demand explanations that address discrepancies between predictions and current standards of care. Through this work, we demonstrate how current trends in explainable AI may be inappropriate for clinical environments and consider paths towards designing these tools for real-world medical systems.";"indirect";"Designing AI for Trust and Collaboration in Time-Constrained Medical Decisions: A Sociotechnical Lens";NA;NA;NA;NA;NA;NA;NA;NA;NA;NA;NA;NA;NA;"8";"domain experts (medical)";"FS,SS"
"10.1007/978-3-031-23618-1_24";2023;"Machine Learning and Principles and Practice of Knowledge Discovery in Databases. ECML PKDD 2022. Communications in Computer and Information Science";"In this work, we empirically examine human-AI decision-making in the presence of explanations based on predicted outcomes. This type of explanation provides a human decision-maker with expected consequences for each decision alternative at inference time—where the predicted outcomes are typically measured in a problem-specific unit (e.g., profit in U.S. dollars). We conducted a pilot study in the context of peer-to-peer lending to assess the effects of providing predicted outcomes as explanations to lay study participants. Our preliminary findings suggest that people’s reliance on AI recommendations increases compared to cases where no explanation or feature-based explanations are provided, especially when the AI recommendations are incorrect. This results in a hampered ability to distinguish correct from incorrect AI recommendations, which can ultimately affect decision quality in a negative way.";"direct";"An Empirical Evaluation of Predicted Outcomes as Explanations in Human-AI Decision-Making";NA;NA;NA;NA;NA;NA;NA;NA;NA;NA;NA;NA;NA;"121";"crowdsourcing (Prolific)";"SC,SS"
"10.1111/cgf.13962";2020;"Computer Graphics Forum";"Abstract We present DRLViz, a visual analytics interface to interpret the internal memory of an agent (e.g. a robot) trained using deep reinforcement learning. This memory is composed of large temporal vectors updated when the agent moves in an environment and is not trivial to understand due to the number of dimensions, dependencies to past vectors, spatial/temporal correlations, and co‐correlation between dimensions. It is often referred to as a black box as only inputs (images) and outputs (actions) are intelligible for humans. Using DRLViz, experts are assisted to interpret decisions using memory reduction interactions, and to investigate the role of parts of the memory when errors have been made (e.g. wrong direction). We report on DRLViz applied in the context of video games simulators (ViZDoom) for a navigation scenario with item gathering tasks. We also report on experts evaluation using DRLViz, and applicability of DRLViz to other scenarios and navigation problems beyond simulation games, as well as its contribution to black box models interpretability and explain‐ability in the field of visual analytics.";"indirect";"DRLViz: Understanding Decisions and Memory in Deep Reinforcement Learning";NA;NA;NA;NA;NA;NA;NA;NA;NA;NA;NA;NA;NA;"3";"domain experts (DLR experts)";"SS"
"10.1007/978-3-030-30391-4_5";2019;"Transparent Autonomous Agents and Multi-Agent Systems. EXTRAAMAS 2019. Lecture Notes in Computer Science";"One major goal of Explainable Artificial Intelligence (XAI) in order to enhance trust in technology is to enable the user to enquire information and explanation directly from an intelligent agent. We propose Conversational Interfaces (CIs) to be the perfect setting, since they are intuitive for humans and computationally processible. While there are many approaches addressing technical and agent related issues of this human-agent communication problem, the user perspective appears to be widely neglected. With the goal of better requirement understanding and identification of implicit user expectations, a Wizard of Oz (WoZ) experiment was conducted, where participants tried to elicit basic information from a pretended artificial agent via Conversational Interface (What are your capabilities?). Chats were analysed by means of Conversation Analysis, where the hypothesis that users pursue fundamentally different strategies could be verified. Stated results illustrate the vast variety in human communication and disclose both requirements of users and obstacles in the implementation of protocols for interacting agents. Finally, we inferred essential indications for the implementation of such a CI. The findings show that existing intent-based design of Conversational Interfaces is very limited, even in a well-defined task-based interaction.";"direct";"Conversational Interfaces for Explainable AI: A Human-Centred Approach";NA;NA;NA;NA;NA;NA;NA;NA;NA;NA;NA;NA;NA;"7";"students (NA),researchers (NA)";"SS"
"10.1145/3442188.3445941";2021;"FAccT '21: Proceedings of the 2021 ACM Conference on Fairness, Accountability, and Transparency";"There have been several research works proposing new Explainable AI (XAI) methods designed to generate model explanations having specific properties, or desiderata, such as fidelity, robustness, or human-interpretability. However, explanations are seldom evaluated based on their true practical impact on decision-making tasks. Without that assessment, explanations might be chosen that, in fact, hurt the overall performance of the combined system of ML model + end-users. This study aims to bridge this gap by proposing XAI Test, an application-grounded evaluation methodology tailored to isolate the impact of providing the end-user with different levels of information. We conducted an experiment following XAI Test to evaluate three popular XAI methods - LIME, SHAP, and TreeInterpreter - on a real-world fraud detection task, with real data, a deployed ML model, and fraud analysts. During the experiment, we gradually increased the information provided to the fraud analysts in three stages: Data Only, i.e., just transaction data without access to model score nor explanations, Data + ML Model Score, and Data + ML Model Score + Explanations. Using strong statistical analysis, we show that, in general, these popular explainers have a worse impact than desired. Some of the conclusion highlights include: i) showing Data Only results in the highest decision accuracy and the slowest decision time among all variants tested, ii) all the explainers improve accuracy over the Data + ML Model Score variant but still result in lower accuracy when compared with Data Only; iii) LIME was the least preferred by users, probably due to its substantially lower variability of explanations from case to case.";"direct";"How can I choose an explainer?";NA;NA;NA;NA;NA;NA;NA;NA;NA;NA;NA;NA;NA;"3";"domain experts (fraud analysts)";"SS,SC"
NA;2021;"Proceedings of the 24th International Conference on Artificial Intelligence and Statistics (AISTATS)";"While the need for interpretable machine learning has been established, many common approaches are slow, lack fidelity, or hard to evaluate. Amortized explanation methods reduce the cost of providing interpretations by learning a global selector model that returns feature importances for a single instance of data. The selector model is trained to optimize the fidelity of the interpretations, as evaluated by a predictor model for the target. Popular methods learn the selector and predictor model in concert, which we show allows predictions to be encoded within interpretations. We introduce EVAL-X as a method to quantitatively evaluate interpretations and REAL-X as an amortized explanation method, which learn a predictor model that approximates the true data generating distribution given any subset of the input. We show EVAL-X can detect when predictions are encoded in interpretations and show the advantages of REAL-X through quantitative and radiologist evaluation";"indirect";"Have We Learned to Explain?: How Interpretability Methods Can Learn to Encode Predictions in their Interpretations.";NA;NA;NA;NA;NA;NA;NA;NA;NA;NA;NA;NA;NA;"2";"domain experts (medical)";"SS,SC"
"10.1109/TVCG.2021.3114793";2022;"IEEE Transactions on Visualization and Computer Graphics";"Zero-shot classification is a promising paradigm to solve an applicable problem when the training classes and test classes are disjoint. Achieving this usually needs experts to externalize their domain knowledge by manually specifying a class-attribute matrix to define which classes have which attributes. Designing a suitable class-attribute matrix is the key to the subsequent procedure, but this design process is tedious and trial-and-error with no guidance. This paper proposes a visual explainable active learning approach with its design and implementation called semantic navigator to solve the above problems. This approach promotes human-AI teaming with four actions (ask, explain, recommend, respond) in each interaction loop. The machine asks contrastive questions to guide humans in the thinking process of attributes. A novel visualization called semantic map explains the current status of the machine. Therefore analysts can better understand why the machine misclassifies objects. Moreover, the machine recommends the labels of classes for each attribute to ease the labeling burden. Finally, humans can steer the model by modifying the labels interactively, and the machine adjusts its recommendations. The visual explainable active learning approach improves humans' efficiency of building zero-shot classification models interactively, compared with the method without guidance. We justify our results with user studies using the standard benchmarks for zero-shot classification.";"indirect";"Towards Visual Explainable Active Learning for Zero-Shot Classification";NA;NA;NA;NA;NA;NA;NA;NA;NA;NA;NA;NA;NA;"26";"students (NA)";"SS,SC"
"10.1145/3344258";2020;"ACM Transactions on Computing for Healthcare";"Clinical decision support systems (CDSS) are widely used to assist with medical decision making. However, CDSS typically require manually curated rules and other data which are difficult to maintain and keep up-to-date. Recent systems leverage advanced deep learning techniques and electronic health records (EHR) to provide more timely and precise results. Many of these techniques have been developed with a common focus on predicting upcoming medical events. However, while the prediction results from these approaches are promising, their value is limited by their lack of interpretability. To address this challenge, we introduce CarePre, an intelligent clinical decision assistance system. The system extends a state-of-the-art deep learning model to predict upcoming diagnosis events for a focal patient based on his/her historical medical records. The system includes an interactive framework together with intuitive visualizations designed to support the diagnosis, treatment outcome analysis, and the interpretation of the analysis results. We demonstrate the effectiveness and usefulness of CarePre system by reporting results from a quantities evaluation of the prediction algorithm and a case study and three interviews with senior physicians.";"indirect";"CarePre";NA;NA;NA;NA;NA;NA;NA;NA;NA;NA;NA;NA;NA;"7";"domain experts (medical)";"SS"
"10.1609/aaai.v36i11.21452";2022;"Proceedings of the AAAI Conference on Artificial Intelligence";"Being able to explain the prediction to clinical end-users is a necessity to leverage the power of artificial intelligence (AI) models for clinical decision support. For medical images, a feature attribution map, or heatmap, is the most common form of explanation that highlights important features for AI models' prediction. However, it is unknown how well heatmaps perform on explaining decisions on multi-modal medical images, where each image modality or channel visualizes distinct clinical information of the same underlying biomedical phenomenon. Understanding such modality-dependent features is essential for clinical users' interpretation of AI decisions. To tackle this clinically important but technically ignored problem, we propose the modality-specific feature importance (MSFI) metric. It encodes clinical image and explanation interpretation patterns of modality prioritization and modality-specific feature localization. We conduct a clinical requirement-grounded, systematic evaluation using computational methods and a clinician user study. Results show that the examined 16 heatmap algorithms failed to fulfill clinical requirements to correctly indicate AI model decision process or decision quality. The evaluation and MSFI metric can guide the design and selection of explainable AI algorithms to meet clinical requirements on multi-modal explanation.";"direct";"Evaluating Explainable AI on a Multi-Modal Medical Imaging Task: Can Existing Algorithms Fulfill Clinical Requirements?";"Desiderata";"Subjective";"Low";FALSE;FALSE;NA;NA;FALSE;FALSE;FALSE;FALSE;FALSE;"top 4";"6";"domain experts (medical)";"SC,SS"
"10.1016/j.artmed.2023.102751";2024;"Artificial Intelligence in Medicine";"Clinical evaluation evidence and model explainability are key gatekeepers to ensure the safe, accountable, and effective use of artificial intelligence (AI) in clinical settings. We conducted a clinical user-centered evaluation with 35 neurosurgeons to assess the utility of AI assistance and its explanation on the glioma grading task. Each participant read 25 brain MRI scans of patients with gliomas, and gave their judgment on the glioma grading without and with the assistance of AI prediction and explanation. The AI model was trained on the BraTS dataset with 88.0% accuracy. The AI explanation was generated using the explainable AI algorithm of SmoothGrad, which was selected from 16 algorithms based on the criterion of being truthful to the AI decision process. Results showed that compared to the average accuracy of 82.5±8.7% when physicians performed the task alone, physicians' task performance increased to 87.7±7.3% with statistical significance (p-value = 0.002) when assisted by AI prediction, and remained at almost the same level of 88.5±7.0% (p-value = 0.35) with the additional assistance of AI explanation. Based on quantitative and qualitative results, the observed improvement in physicians' task performance assisted by AI prediction was mainly because physicians' decision patterns converged to be similar to AI, as physicians only switched their decisions when disagreeing with AI. The insignificant change in physicians' performance with the additional assistance of AI explanation was because the AI explanations did not provide explicit reasons, contexts, or descriptions of clinical features to help doctors discern potentially incorrect AI predictions. The evaluation showed the clinical utility of AI to assist physicians on the glioma grading task, and identified the limitations and clinical usage gaps of existing explainable AI techniques for future improvement.";"direct";"Evaluating the clinical utility of artificial intelligence assistance and its explanation on the glioma grading task";"Desiderata";"Objective";"Med";TRUE;FALSE;NA;NA;TRUE;FALSE;FALSE;TRUE;TRUE;"2021 and after";"35";"domain experts (medical)";"FS,SS"
"10.1109/ICIP42928.2021.9506242";2021;"IEEE International Conference on Image Processing (ICIP)";"In order to make Visual Question Answering (VQA) explainable, previous studies not only visualize the attended region of a VQA model, but also generate textual explanations for its answers. However, when the model’s answer is “no,” existing methods have difficulty in revealing detailed arguments that lead to that answer. In addition, previous methods are insufficient to provide logical bases when the question requires common sense to answer. In this paper, we propose a novel textual explanation method to overcome the aforementioned limitations. First, we extract keywords that are essential to infer an answer from a question. Second, we utilize a novel Variable-Constrained Beam Search (VCBS) algorithm to generate explanations that best describe the circumstances in images. Furthermore, if the answer to the question is “yes” or “no,” we apply Natural Langauge Inference (NLI) to determine if contents of the question can be inferred from the explanation using common sense. Our user study, conducted in Amazon Mechanical Turk (MTurk), shows that our proposed method generates more reliable explanations compared to the previous methods. Moreover, by modifying the VQA model’s answer through the output of the NLI model, we show that VQA performance increases by 1.1% from the original model.";"direct";"Understanding Vqa For Negative Answers Through Visual And Linguistic Inference";NA;NA;NA;NA;NA;NA;NA;NA;NA;NA;NA;NA;NA;"52";"crowdsourcing (AMT)";"SC"
"10.1109/tvcg.2017.2744718";2018;"IEEE Transactions on Visualization and Computer Graphics";"While deep learning models have achieved state-of-the-art accuracies for many prediction tasks, understanding these models remains a challenge. Despite the recent interest in developing visual tools to help users interpret deep learning models, the complexity and wide variety of models deployed in industry, and the large-scale datasets that they used, pose unique design challenges that are inadequately addressed by existing work. Through participatory design sessions with over 15 researchers and engineers at Facebook, we have developed, deployed, and iteratively improved ACTIVIS, an interactive visualization system for interpreting large-scale deep learning models and results. By tightly integrating multiple coordinated views, such as a computation graph overview of the model architecture, and a neuron activation view for pattern discovery and comparison, users can explore complex deep neural network models at both the instance- and subset-level. ACTIVIS has been deployed on Facebook's machine learning platform. We present case studies with Facebook researchers and engineers, and usage scenarios of how ACTIVIS may work with different models.";"indirect";"ActiVis: Visual Exploration of Industry-Scale Deep Neural Network Models";NA;NA;NA;NA;NA;NA;NA;NA;NA;NA;NA;NA;NA;"3";"AI experts (NA),other (Facebook engineers)";"SS"
"10.1007/978-3-030-30391-4_4";2019;"Explainable, Transparent Autonomous Agents and Multi-Agent Systems (EXTRAAMAS) Lecture Notes in Computer Science";"Typically, humans do not act purely rationally in the sense of classic economic theory. Different patterns of human actions have been identified that are not aligned with the traditional view of human actors as rational agents that act to maximize their own utility function. For instance, humans often act sympathetically – i.e., they choose actions that serve others in disregard of their egoistic preferences. Even if there is no immediate benefit resulting from a sympathetic action, it can be beneficial for the executing individual in the long run. This paper builds upon the premise that it can be beneficial to design autonomous agents that employ sympathetic actions in a similar manner as humans do. We create a taxonomy of sympathetic actions, that reflects different goal types an agent can have to act sympathetically. To ensure that the sympathetic actions are recognized as such, we propose different explanation approaches autonomous agents may use. In this context, we focus on human-agent interaction scenarios. As a first step towards an empirical evaluation, we conduct a preliminary human-robot interaction study that investigates the effect of explanations of (somewhat) sympathetic robot actions on the human participants of human-robot ultimatum games. While the study does not provide statistically significant findings (but notable differences), it can inform future in-depth empirical evaluations.";"indirect";"Explaining Sympathetic Actions of Rational Agents";NA;NA;NA;NA;NA;NA;NA;NA;NA;NA;NA;NA;NA;"21";"students (NA),researchers (NA),administrative staff (NA)";"SC,SS"
"10.1145/3481585";2021;"ACM Transactions on Human-Robot Interaction";"Making the transition to long-term interaction with social-robot systems has been identified as one of the main challenges in human-robot interaction. This article identifies four design principles to address this challenge and applies them in a real-world implementation: cloud-based robot control, a modular design, one common knowledge base for all applications, and hybrid artificial intelligence for decision making and reasoning. The control architecture for this robot includes a common Knowledge-base (ontologies), Data-base, “Hybrid Artificial Brain” (dialogue manager, action selection and explainable AI), Activities Centre (Timeline, Quiz, Break and Sort, Memory, Tip of the Day, \( \ldots \) ), Embodied Conversational Agent (ECA, i.e., robot and avatar), and Dashboards (for authoring and monitoring the interaction). Further, the ECA is integrated with an expandable set of (mobile) health applications. The resulting system is a Personal Assistant for a healthy Lifestyle (PAL), which supports diabetic children with self-management and educates them on health-related issues (48 children, aged 6–14, recruited via hospitals in the Netherlands and in Italy). It is capable of autonomous interaction “in the wild” for prolonged periods of time without the need for a “Wizard-of-Oz” (up until 6 months online). PAL is an exemplary system that provides personalised, stable and diverse, long-term human-robot interaction.";"indirect";"A Cloud-based Robot System for Long-term Interaction: Principles, Implementation, Lessons Learned";NA;NA;NA;NA;NA;NA;NA;NA;NA;NA;NA;NA;NA;"48";"domain experts (children with type 1 diabetes)";"TA"
"10.1145/3313831.3376219";2020;"CHI '20: Proceedings of the 2020 CHI Conference on Human Factors in Computing Systems";"Machine learning (ML) models are now routinely deployed in domains ranging from criminal justice to healthcare. With this newfound ubiquity, ML has moved beyond academia and grown into an engineering discipline. To that end, interpretability tools have been designed to help data scientists and machine learning practitioners better understand how ML models work. However, there has been little evaluation of the extent to which these tools achieve this goal. We study data scientists' use of two existing interpretability tools, the InterpretML implementation of GAMs and the SHAP Python package. We conduct a contextual inquiry (N=11) and a survey (N=197) of data scientists to observe how they use interpretability tools to uncover common issues that arise when building and evaluating ML models. Our results indicate that data scientists over-trust and misuse interpretability tools. Furthermore, few of our participants were able to accurately describe the visualizations output by these tools. We highlight qualitative themes for data scientists' mental models of interpretability tools. We conclude with implications for researchers and tool designers, and contextualize our findings in the social science literature.";"indirect";"Interpreting Interpretability: Understanding Data Scientists' Use of Interpretability Tools for Machine Learning";NA;NA;NA;NA;NA;NA;NA;NA;NA;NA;NA;NA;NA;"253";"AI experts (NA)";"SC,SS"
"10.1145/2858036.2858558";2016;"CHI '16: Proceedings of the 2016 CHI Conference on Human Factors in Computing Systems";"Users often rely on realtime predictions in everyday contexts like riding the bus, but may not grasp that such predictions are subject to uncertainty. Existing uncertainty visualizations may not align with user needs or how they naturally reason about probability. We present a novel mobile interface design and visualization of uncertainty for transit predictions on mobile phones based on discrete outcomes. To develop it, we identified domain specific design requirements for visualizing uncertainty in transit prediction through: 1) a literature review, 2) a large survey of users of a popular realtime transit application, and 3) an iterative design process. We present several candidate visualizations of uncertainty for realtime transit predictions in a mobile context, and we propose a novel discrete representation of continuous outcomes designed for small screens, quantile dotplots. In a controlled experiment we find that quantile dotplots reduce the variance of probabilistic estimates by ~1.15 times compared to density plots and facilitate more confident estimation by end-users in the context of realtime transit prediction scenarios.";"indirect";"When (ish) is My Bus?";NA;NA;NA;NA;NA;NA;NA;NA;NA;NA;NA;NA;NA;"550";"other (department mailing lists),other (local transit blog),other (reddit)";"SS"
"10.1016/j.artint.2021.103459";2021;"Artificial Intelligence";"In this paper, we describe a post-hoc explanation-by-example approach to eXplainable AI (XAI), where a black-box, deep learning system is explained by reference to a more transparent, proxy model (in this situation a case-based reasoner), based on a feature-weighting analysis of the former that is used to find explanatory cases from the latter (as one instance of the so-called Twin Systems approach). A novel method (COLE-HP) for extracting the feature-weights from black-box models is demonstrated for a convolutional neural network (CNN) applied to the MNIST dataset; in which extracted feature-weights are used to find explanatory, nearest-neighbours for test instances. Three user studies are reported examining people's judgements of right and wrong classifications made by this XAI twin-system, in the presence/absence of explanations-by-example and different error-rates (from 3-60%). The judgements gathered include item-level evaluations of both correctness and reasonableness, and system-level evaluations of trust, satisfaction, correctness, and reasonableness. Several proposals are made about the user's mental model in these tasks and how it is impacted by explanations at an item- and system-level. The wider lessons from this work for XAI and its user studies are reviewed.";"direct";"Explaining black-box classifiers using post-hoc explanations-by-example: The effect of explanations and error-rates in XAI user studies";NA;NA;NA;NA;NA;NA;NA;NA;NA;NA;NA;NA;NA;"184";"crowdsourcing (Prolific)";"FS,SS"
"10.24963/ijcai.2023/48";2023;"IJCAI '23: Proceedings of the Thirty-Second International Joint Conference on Artificial Intelligence";"Explainable AI (XAI) has been proposed as a valuable tool to assist in downstream tasks involving human-AI collaboration. Perhaps the most psychologically valid XAI techniques are case-based approaches which display whole exemplars to explain the predictions of black-box AI systems. However, for such post-hoc XAI methods dealing with images, there has been no attempt to improve their scope by using multiple clear feature parts of the images to explain the predictions while linking back to relevant cases in the training data, thus allowing for more comprehensive explanations that are faithful to the underlying model. Here, we address this gap by proposing two general algorithms (latent and superpixel-based) which can isolate multiple clear feature parts in a test image, and then connect them to the explanatory cases found in the training data, before testing their effectiveness in a carefully designed user study. Results demonstrate that the proposed approach appropriately calibrates a user's feelings of correctness for ambiguous classifications in real world data on the ImageNet dataset, an effect which does not happen when just showing the explanation without feature highlighting.";"direct";"Advancing Post-Hoc Case-Based Explanation with Feature Highlighting";NA;NA;NA;NA;NA;NA;NA;NA;NA;NA;NA;NA;NA;"163";"crowdsourcing (Prolific)";"SC"
NA;2023;"NIPS '23: Proceedings of the 37th International Conference on Neural Information Processing Systems";"When users receive either a positive or negative outcome from an automated system, Explainable AI (XAI) has almost exclusively focused on how to mutate negative outcomes into positive ones by crossing a decision boundary using counterfactuals (e.g., If you earn 2k more, we will accept your loan application). Here, we instead focus on positive outcomes, and take the novel step of using XAI to optimise them (e.g., Even if you wish to half your down-payment, we will still accept your loan application). Explanations such as these that employ even if... reasoning, and do not cross a decision boundary, are known as semifactuals. To instantiate semifactuals in this context, we introduce the concept of Gain (i.e., how much a user stands to benefit from the explanation), and consider the first causal formalisation of semifactuals. Tests on benchmark datasets show our algorithms are better at maximising gain compared to prior work, and that causality is important in the process. Most importantly however, a user study supports our main hypothesis by showing people find semifactual explanations more useful than counterfactuals when they receive the positive outcome of a loan acceptance.";"top 4";"The utility of \"even if...\" semifactual explanation to optimise positive outcomes";"Understanding";"Subjective";"No";TRUE;FALSE;TRUE;TRUE;FALSE;FALSE;NA;FALSE;FALSE;"top 4";"15";"crowdsourcing (Prolific)";"SS,SC"
NA;2023;"The Eleventh International Conference on Learning Representations (ICLR)";"Despite recent success of deep learning models in research settings, their application in sensitive domains remains limited because of their opaque decision-making processes. Taking to this challenge, people have proposed various eXplainable AI (XAI) techniques designed to calibrate trust and understandability of black-box models, with the vast majority of work focused on supervised learning. Here, we focus on making an interpretable-by-design deep reinforcement learning agent which is forced to use human-friendly prototypes in its decisions, thus making its reasoning process clear. Our proposed method, dubbed Prototype-Wrapper Network (PW-Net), wraps around any neural agent backbone, and results indicate that it does not worsen performance relative to black-box models. Most importantly, we found in a user study that PW-Nets supported better trust calibration and task performance relative to standard interpretability approaches and black-boxes.";"top 4";"Towards Interpretable Deep Reinforcement Learning with Human-Friendly Prototypes ";"Understanding";"Objective and Subjective";"No";TRUE;FALSE;FALSE;FALSE;FALSE;FALSE;FALSE;FALSE;FALSE;"top 4";"90";"crowdsourcing (Prolific)";"FS,SS,SC"
"10.1007/s13218-022-00772-8";2022;"KI - Künstliche Intelligenz";"Abstract Explainable AI has become an important field of research on neural machine learning models. However, most existing methods are designed as tools that provide expert users with additional insights into their models. In contrast, in human-robot interaction scenarios, non-expert users are frequently confronted with complex, embodied AI systems whose inner workings are unknown. Therefore, eXplainable Human-Robot Interaction (XHRI) should leverage the user’s intuitive ability to collaborate and to use efficient communication. Using NICO, the Neuro-Inspired COmpanion, as a use-case study, we propose an XHRI framework and show how different types of explanations enhance the interaction experience. These explanations range from (a) non-verbal cues for simple and intuitive feedback of inner states via (b) comprehensive verbal explanations of the robot’s intentions, knowledge and reasoning to (c) multimodal explanations using visualizations, speech and text. We revisit past HRI-related studies conducted with NICO and analyze them with the proposed framework. Furthermore, we present two novel XHRI approaches to extract suitable verbal and multimodal explanations from neural network modules in an HRI scenario.";"indirect";"What’s on Your Mind, NICO?";NA;NA;NA;NA;NA;NA;NA;NA;NA;NA;NA;NA;NA;"92";"not stated (NA)";"SS,SC"
"10.1145/3487065";2022;"ACM Transactions on Interactive Intelligent Systems";"Would you allow an AI agent to make decisions on your behalf? If the answer is “not always,” the next question becomes “in what circumstances”? Answering this question requires human users to be able to assess an AI agent—and not just with overall pass/fail assessments or statistics. Here users need to be able to localize an agent’s bugs so that they can determine when they are willing to rely on the agent and when they are not. After-Action Review for AI (AAR/AI), a new AI assessment process for integration with Explainable AI systems, aims to support human users in this endeavor, and in this article we empirically investigate AAR/AI’s effectiveness with domain-knowledgeable users. Our results show that AAR/AI participants not only located significantly more bugs than non-AAR/AI participants did (i.e., showed greater recall) but also located them more precisely (i.e., with greater precision). In fact, AAR/AI participants outperformed non-AAR/AI participants on every bug and were, on average, almost six times as likely as non-AAR/AI participants to find any particular bug. Finally, evidence suggests that incorporating labeling into the AAR/AI process may encourage domain-knowledgeable users to abstract above individual instances of bugs; we hypothesize that doing so may have contributed further to AAR/AI participants’ effectiveness.";"direct";"Finding AI’s Faults with AAR/AI: An Empirical Study";NA;NA;NA;NA;NA;NA;NA;NA;NA;NA;NA;NA;NA;"66";"not stated (NA)";"SC,SS,FS"
"10.1016/j.future.2020.10.030";2021;"Future Generation Computer Systems";"Our aging society claims for innovative tools to early detect symptoms of cognitive decline. Several research efforts are being made to exploit sensorized smart-homes and artificial intelligence (AI) methods to detect a decline of the cognitive functions of the elderly in order to promptly alert practitioners. Even though those tools may provide accurate predictions, they currently provide limited support to clinicians in making a diagnosis. Indeed, most AI systems do not provide any explanation of the reason why a given prediction was computed. Other systems are based on a set of rules that are easy to interpret by a human. However, those rule-based systems can cope with a limited number of abnormal situations, and are not flexible enough to adapt to different users and contextual situations. In this paper, we tackle this challenging problem by proposing a flexible AI system to recognize early symptoms of cognitive decline in smart-homes, which is able to explain the reason of predictions at a fine-grained level. Our method relies on well known clinical indicators that consider subtle and overt behavioral anomalies, as well as spatial disorientation and wandering behaviors. In order to adapt to different individuals and situations, anomalies are recognized using a collaborative approach. We experimented our approach with a large set of real world subjects, including people with MCI and people with dementia. We also implemented a dashboard to allow clinicians to inspect anomalies together with the explanations of predictions. Results show that our system’s predictions are significantly correlated to the person’s actual diagnosis. Moreover, a preliminary user study with clinicians suggests that the explanation capabilities of our system are useful to improve the task performance and to increase trust. To the best of our knowledge, this is the first work that explores data-driven explainable AI for supporting the diagnosis of cognitive decline.";"direct";"HealthXAI: Collaborative and explainable AI for supporting early diagnosis of cognitive decline";NA;NA;NA;NA;NA;NA;NA;NA;NA;NA;NA;NA;NA;"8";"domain experts (medical)";"SS"
"10.1109/VL/HCC51201.2021.9576440";2021;"IEEE Symposium on Visual Languages and Human-Centric Computing (VL/HCC)";"When breakdowns occur during a human-chatbot conversation, the lack of transparency and the “black-box” nature of task-oriented chatbots can make it difficult for end users to understand what went wrong and why. Inspired by recent HCI research on explainable AI solutions, we explored the design of in-application explainable chatbot interfaces (ChatrEx) that explain the underlying working of a chatbot during a breakdown. ChatrEx-VINC provides visual example-based step-by-step explanations in-context of the chat window whereas ChatrEx-VST provides explanations as a visual tour overlaid on the application interface. We implemented these chatbots for complex spreadsheet tasks and our comparative observational study (N=14) showed that the explanations provided by both ChatrEx-VINC and ChatrEx-VST enhanced users' understanding of the reasons for a breakdown and improved users' perceptions of usefulness, transparency, and trust. We identify several opportunities for future research to exploit explainable chatbot interfaces and better support human-chatbot interaction.";"direct";"ChatrEx: Designing Explainable Chatbot Interfaces for Enhancing Usefulness, Transparency, and Trust";NA;NA;NA;NA;NA;NA;NA;NA;NA;NA;NA;NA;NA;"14";"students (NA),researchers (NA),administrative staff (NA),other (snowball sampling)";"SS,SC"
"10.1038/s41746-020-0232-8";2020;"npj Digital Medicine";"Artificial intelligence (AI) algorithms continue to rival human performance on a variety of clinical tasks, while their actual impact on human diagnosticians, when incorporated into clinical workflows, remains relatively unexplored. In this study, we developed a deep learning-based assistant to help pathologists differentiate between two subtypes of primary liver cancer, hepatocellular carcinoma and cholangiocarcinoma, on hematoxylin and eosin-stained whole-slide images (WSI), and evaluated its effect on the diagnostic performance of 11 pathologists with varying levels of expertise. Our model achieved accuracies of 0.885 on a validation set of 26 WSI, and 0.842 on an independent test set of 80 WSI. Although use of the assistant did not change the mean accuracy of the 11 pathologists (p = 0.184, OR = 1.281), it significantly improved the accuracy (p = 0.045, OR = 1.499) of a subset of nine pathologists who fell within well-defined experience levels (GI subspecialists, non-GI subspecialists, and trainees). In the assisted state, model accuracy significantly impacted the diagnostic decisions of all 11 pathologists. As expected, when the model's prediction was correct, assistance significantly improved accuracy (p = 0.000, OR = 4.289), whereas when the model's prediction was incorrect, assistance significantly decreased accuracy (p = 0.000, OR = 0.253), with both effects holding across all pathologist experience levels and case difficulty levels. Our results highlight the challenges of translating AI models into the clinical setting, and emphasize the importance of taking into account potential unintended negative consequences of model assistance when designing and testing medical AI-assistance tools.";"indirect";"Impact of a deep learning assistant on the histopathologic classification of liver cancer";"Desiderata";"Objective";"Med";TRUE;FALSE;NA;NA;TRUE;FALSE;NA;NA;FALSE;"up to 2020";"11";"domain experts (pathologists)";"FS"
NA;2015;" Case-Based Reasoning Research and Development (ICCBR) Lecture Notes in Computer Science";"Clustering methods optimize the partitioning of data points with respect to an internal metric, such as likelihood, in order to approximate the goodness of clustering. However, this internal metric does not necessarily translate into effective clustering from the user’s perspective. This work presents the interactive Bayesian Case Model (iBCM), a model that opens a communication channel between the clustering model and the user. Users can provide direct input to iBCM in order to achieve effective clustering results, and iBCM optimizes the clustering by creating a balance between what the data indicate and what makes the most sense to the user. This model provides feedback for users and does not assume any prior knowledge of machine learning on their part. We provide quantitative evidence that users are able to obtain more satisfactory clustering results through iBCM than without an interactive model. We also demonstrate the use of this method in a real-world setting where computer language class teachers utilize iBCM to cluster students’ coding assignments for grading.";"indirect";"iBCM: Interactive Bayesian Case Model Empowering Humans via Intuitive Interaction";NA;NA;NA;NA;NA;NA;NA;NA;NA;NA;NA;NA;NA;"3,24";"domain experts (teachers),not stated (NA)";"SS"
"10.1145/3581641.3584087";2023;"IUI '23: Proceedings of the 28th International Conference on Intelligent User Interfaces";"Sketch-based drawing assessments in art therapy are widely used to understand individuals' cognitive and psychological states, such as cognitive impairment or mental disorders. Along with self-report measures based on a questionnaire, psychological drawing assessments can augment information about an individual psychological state. However, the interpretation of the drawing assessments requires much time and effort, especially in a large-scale group such as schools or companies, and depends on the experience of the art therapists. To address this issue, we propose an AI-based expert support system, AlphaDAPR, to support art therapists and psychologists in conducting a large-scale automatic drawing assessment. Our survey results with 64 art therapists showed that 64.06% of the participants indicated a willingness to use the proposed system. The results of structural equation modeling highlighted the importance of explainable AI embedded in the interface design to affect perceived usefulness, trust, satisfaction, and intention to use eventually. The interview results revealed that most of the art therapists show high levels of intention to use the proposed system while expressing some concerns about AI's possible limitations and threats as well. Discussion and implications are provided, stressing the importance of clear communication about the collaborative role of AI and users.";"direct";"AlphaDAPR: An AI-based Explainable Expert Support System for Art Therapy";"Desiderata";"Subjective";"Med";FALSE;FALSE;NA;FALSE;TRUE;FALSE;FALSE;TRUE;TRUE;"2021 and after";"64";"domain experts (art therapists)";"SS"
NA;2018;"Proceedings of the 35th International Conference on Machine Learning (PMLR)";"The interpretation of deep learning models is a challenge due to their size, complexity, and often opaque internal state. In addition, many systems, such as image classifiers, operate on low-level features rather than high-level concepts. To address these challenges, we introduce Concept Activation Vectors (CAVs), which provide an interpretation of a neural net’s internal state in terms of human friendly concepts. The key idea is to view the high-dimensional internal state of a neural net as an aid, not an obstacle. We show how to use CAVs as part of a technique, Testing with CAVs (TCAV), that uses directional derivatives to quantify the degree to which a user defined concept is important to a classification result–for example, how sensitive a prediction of zebra is to the presence of stripes. Using the domain of image classification as a testing ground, we describe how CAVs may be used to explore hypotheses and generate insights for a standard image classification network as well as a medical application.";"indirect";"Interpretability Beyond Feature Attribution: Quantitative Testing with Concept Activation Vectors (TCAV)";NA;NA;NA;NA;NA;NA;NA;NA;NA;NA;NA;NA;NA;"50";"crowdsourcing (AMT)";"SS"
"10.1145/3313831.3376467";2020;"CHI '20: Proceedings of the 2020 CHI Conference on Human Factors in Computing Systems";"People often use charts to analyze data, answer questions and explain their answers to others. In a formative study, we find that such human-generated questions and explanations commonly refer to visual features of charts. Based on this study, we developed an automatic chart question answering pipeline that generates visual explanations describing how the answer was obtained. Our pipeline first extracts the data and visual encodings from an input Vega-Lite chart. Then, given a natural language question about the chart, it transforms references to visual attributes into references to the data. It next applies a state-of-the-art machine learning algorithm to answer the transformed question. Finally, it uses a template-based approach to explain in natural language how the answer is determined from the chart's visual features. A user study finds that our pipeline-generated visual explanations significantly outperform in transparency and are comparable in usefulness and trust to human-generated explanations.";"direct";"Answering Questions about Charts and Generating Visual Explanations";NA;NA;NA;NA;NA;NA;NA;NA;NA;NA;NA;NA;NA;"16";"not stated (NA)";"FS,SS"
"10.1145/3465407";2021;"ACM Transactions on Interactive Intelligent Systems (TiiS)";"While the computer vision problem of searching for activities in videos is usually addressed by using discriminative models, their decisions tend to be opaque and difficult for people to understand. We propose a case study of a novel machine learning approach for generative searching and ranking of motion capture activities with visual explanation. Instead of directly ranking videos in the database given a text query, our approach uses a variant of Generative Adversarial Networks (GANs) to generate exemplars based on the query and uses them to search for the activity of interest in a large database. Our model is able to achieve comparable results to its discriminative counterpart, while being able to dynamically generate visual explanations. In addition to our searching and ranking method, we present an explanation interface that enables the user to successfully explore the model’s explanations and its confidence by revealing query-based, model-generated motion capture clips that contributed to the model’s decision. Finally, we conducted a user study with 44 participants to show that by using our model and interface, participants benefit from a deeper understanding of the model’s conceptualization of the search query. We discovered that the XAI system yielded a comparable level of efficiency, accuracy, and user-machine synchronization as its black-box counterpart, if the user exhibited a high level of trust for AI explanation.";"direct";"Learn, Generate, Rank, Explain: A Case Study of Visual Explanation by Generative Machine Learning";NA;NA;NA;NA;NA;NA;NA;NA;NA;NA;NA;NA;NA;"44";"students (NA)";"SC"
"10.1145/3497623.3497664";2021;"ICCPR '21: Proceedings of the 2021 10th International Conference on Computing and Pattern Recognition";"As artificial intelligence has developed and applied over many industries, demands for explaining the results have been increased respectably. Recently EU created a new privacy regulation to guarantee the right of customers to have an explanation on the prediction model. Due to increasing demands on transparency for AI model, the techniques of explaining artificial intelligence (XAI) have been the center of attention. Heavy regularized industries, such as finance, have introduced many artificial intelligence powered software and models, and have faced huge pressures as well as demands to provide enough explanations from both customers and the authorities. There have been many XAI algorithms to interpret the model as well as the outcome, but there is little work done to explain the outcomes in comparison. In real world, it is often demanded to explain the reasons for alterations by comparison against previous ones such as changing credit rates over time which can be an essential factor for an individual’s life. In this paper, we suggest a comparison explanation framework using two outputs which can be financial ratings [11]. We have demonstrated the explanation framework on real world data with various ML algorithms and local surrogate models. We evaluate the quality of the explanation with the domain expert’s survey. The suggested framework received positive feedbacks from the experts and proves that it may applied to domain specialized areas. Also, the research contributes an alternative view of XAI in terms of practical usage at the field of finance.";"indirect";"Explainable AI framework for the financial rating models";NA;NA;NA;NA;NA;NA;NA;NA;NA;NA;NA;NA;NA;"20";"domain experts (finance)";"SS"
"10.1007/978-3-031-19775-8_17";2022;"Computer Vision – ECCV 2022: 17th European Conference";"As AI technology is increasingly applied to high-impact, high-risk domains, there have been a number of new methods aimed at making AI models more human interpretable. Despite the recent growth of interpretability work, there is a lack of systematic evaluation of proposed techniques. In this work, we introduce HIVE (Human Interpretability of Visual Explanations), a novel human evaluation framework that assesses the utility of explanations to human users in AI-assisted decision making scenarios, and enables falsifiable hypothesis testing, cross-method comparison, and human-centered evaluation of visual interpretability methods. To the best of our knowledge, this is the first work of its kind. Using HIVE, we conduct IRB-approved human studies with nearly 1000 participants and evaluate four methods that represent the diversity of computer vision interpretability works: GradCAM, BagNet, ProtoPNet, and ProtoTree. Our results suggest that explanations engender human trust, even for incorrect predictions, yet are not distinct enough for users to distinguish between correct and incorrect predictions. We open-source HIVE to enable future studies and encourage more human-centered approaches to interpretability research. HIVE can be found at https://princetonvisualai.github.io/HIVE .";"direct";"HIVE: Evaluating the Human Interpretability of Visual Explanations";NA;NA;NA;NA;NA;NA;NA;NA;NA;NA;NA;NA;NA;"950";"crowdsourcing (AMT)";"FS,SC,SS"
NA;2015;"NIPS '15: Proceedings of the 28th International Conference on Neural Information Processing Systems";"We present the Mind the Gap Model (MGM), an approach for interpretable feature extraction and selection. By placing interpretability criteria directly into the model, we allow for the model to both optimize parameters related to interpretability and to directly report a global set of distinguishable dimensions to assist with further data exploration and hypothesis generation. MGM extracts distinguishing features on real-world datasets of animal features, recipes ingredients, and disease co-occurrence. It also maintains or improves performance when compared to related approaches. We perform a user study with domain experts to show the MGM's ability to help with dataset exploration.";"indirect";"Mind the Gap: A Generative Approach to Interpretable Feature Selection and Extraction";NA;NA;NA;NA;NA;NA;NA;NA;NA;NA;NA;NA;NA;"3";"domain experts (NA)";"SS,SC"
"10.1145/2858036.2858402";2016;"CHI '16: Proceedings of the 2016 CHI Conference on Human Factors in Computing Systems";"The rising prevalence of algorithmic interfaces, such as curated feeds in online news, raises new questions for designers, scholars, and critics of media. This work focuses on how transparent design of algorithmic interfaces can promote awareness and foster trust. A two-stage process of how transparency affects trust was hypothesized drawing on theories of information processing and procedural justice. In an online field experiment, three levels of system transparency were tested in the high-stakes context of peer assessment. Individuals whose expectations were violated (by receiving a lower grade than expected) trusted the system less, unless the grading algorithm was made more transparent through explanation. However, providing too much information eroded this trust. Attitudes of individuals whose expectations were met did not vary with transparency. Results are discussed in terms of a dual process model of attitude change and the depth of justification of perceived inconsistency. Designing for trust requires balanced interface transparency - not too little and not too much.";"indirect";"How Much Information?";"Desiderata";"Subjective";"High";TRUE;FALSE;FALSE;FALSE;TRUE;FALSE;FALSE;FALSE;FALSE;"up to 2020";"120";"domain experts (participants enrolled in a MOOC)";"SS"
"10.3390/make3030037";2021;"Machine Learning and Knowledge Extraction";"In this paper, we present the potential of Explainable Artificial Intelligence methods for decision support in medical image analysis scenarios. Using three types of explainable methods applied to the same medical image data set, we aimed to improve the comprehensibility of the decisions provided by the Convolutional Neural Network (CNN). In vivo gastral images obtained by a video capsule endoscopy (VCE) were the subject of visual explanations, with the goal of increasing health professionals’ trust in black-box predictions. We implemented two post hoc interpretable machine learning methods, called Local Interpretable Model-Agnostic Explanations (LIME) and SHapley Additive exPlanations (SHAP), and an alternative explanation approach, the Contextual Importance and Utility (CIU) method. The produced explanations were assessed by human evaluation. We conducted three user studies based on explanations provided by LIME, SHAP and CIU. Users from different non-medical backgrounds carried out a series of tests in a web-based survey setting and stated their experience and understanding of the given explanations. Three user groups (n = 20, 20, 20) with three distinct forms of explanations were quantitatively analyzed. We found that, as hypothesized, the CIU-explainable method performed better than both LIME and SHAP methods in terms of improving support for human decision-making and being more transparent and thus understandable to users. Additionally, CIU outperformed LIME and SHAP by generating explanations more rapidly. Our findings suggest that there are notable differences in human decision-making between various explanation support settings. In line with that, we present three potential explainable methods that, with future improvements in implementation, can be generalized to different medical data sets and can provide effective decision support to medical experts.";"direct";"Explainable Artificial Intelligence for Human Decision Support System in the Medical Domain";NA;NA;NA;NA;NA;NA;NA;NA;NA;NA;NA;NA;NA;"60";"students (NA),researchers (NA),administrative staff (NA)";"FS,SS,SC"
"10.1145/3290605.3300641";2019;"CHI '19: Proceedings of the 2019 CHI Conference on Human Factors in Computing Systems";"AI technologies have been incorporated into many end-user applications. However, expectations of the capabilities of such systems vary among people. Furthermore, bloated expectations have been identified as negatively affecting perception and acceptance of such systems. Although the intelligibility of ML algorithms has been well studied, there has been little work on methods for setting appropriate expectations before the initial use of an AI-based system. In this work, we use a Scheduling Assistant - an AI system for automated meeting request detection in free-text email - to study the impact of several methods of expectation setting. We explore two versions of this system with the same 50% level of accuracy of the AI component but each designed with a different focus on the types of errors to avoid (avoiding False Positives vs. False Negatives). We show that such different focus can lead to vastly different subjective perceptions of accuracy and acceptance. Further, we design expectation adjustment techniques that prepare users for AI imperfections and result in a significant increase in acceptance.";"indirect";"Will You Accept an Imperfect AI?";NA;NA;NA;NA;NA;NA;NA;NA;NA;NA;NA;NA;NA;"400";"crowdsourcing (AMT)";"SS,SC"
"10.1145/3415173";2020;"Proceedings of the ACM on Human-Computer Interaction";"Artificial intelligence (AI) has become prevalent in our everyday technologies and impacts both individuals and communities. The explainable AI (XAI) scholarship has explored the philosophical nature of explanation and technical explanations, which are usually driven by experts in lab settings and can be challenging for laypersons to understand. In addition, existing XAI research tends to focus on the individual level. Little is known about how people understand and explain AI-led decisions in the community context. Drawing from XAI and activity theory, a foundational HCI theory, we theorize how explanation is situated in a community's shared values, norms, knowledge, and practices, and how situated explanation mediates community-AI interaction. We then present a case study of AI-led moderation, where community members collectively develop explanations of AI-led decisions, most of which are automated punishments. Lastly, we discuss the implications of this framework at the intersection of CSCW, HCI, and XAI.";"indirect";"Mediating Community-AI Interaction through Situated Explanation";NA;NA;NA;NA;NA;NA;NA;NA;NA;NA;NA;NA;NA;"NA";"domain experts (LoL players)";"SS"
"10.1145/3109859.3109915";2017;"RecSys '17: Proceedings of the Eleventh ACM Conference on Recommender Systems";"Hybrid recommender systems combine several different sources of information to generate recommendations. These systems demonstrate improved accuracy compared to single-source recommendation strategies. However, hybrid recommendation strategies are inherently more complex than those that use a single source of information, and thus the process of explaining recommendations to users becomes more challenging. In this paper we describe a hybrid recommender system built on a probabilistic programming language, and discuss the benefits and challenges of explaining its recommendations to users. We perform a mixed model statistical analysis of user preferences for explanations in this system. Through an online user survey, we evaluate explanations for hybrid algorithms in a variety of text and visual, graph-based formats, that are either novel designs or derived from existing hybrid recommender systems.";"indirect";"User Preferences for Hybrid Explanations";NA;NA;NA;NA;NA;NA;NA;NA;NA;NA;NA;NA;NA;"200";"crowdsourcing (AMT)";"SS"
"10.1145/3301275.3302306";2019;"IUI '19: Proceedings of the 24th International Conference on Intelligent User Interfaces";"Recommender systems have become pervasive on the web, shaping the way users see information and thus the decisions they make. As these systems get more complex, there is a growing need for transparency. In this paper, we study the problem of generating and visualizing personalized explanations for hybrid recommender systems, which incorporate many different data sources. We build upon a hybrid probabilistic graphical model and develop an approach to generate real-time recommendations along with personalized explanations. To study the benefits of explanations for hybrid recommender systems, we conduct a crowd-sourced user study where our system generates personalized recommendations and explanations for real users of the last.fm music platform. We experiment with 1) different explanation styles (e.g., user-based, item-based), 2) manipulating the number of explanation styles presented, and 3) manipulating the presentation format (e.g., textual vs. visual). We apply a mixed model statistical analysis to consider user personality traits as a control variable and demonstrate the usefulness of our approach in creating personalized hybrid explanations with different style, number, and format.";"indirect";"Personalized explanations for hybrid recommender systems";NA;NA;NA;NA;NA;NA;NA;NA;NA;NA;NA;NA;NA;"212";"crowdsourcing (AMT)";"SS"
"10.1145/3415958.3433075";2020;"MEDES '20: Proceedings of the 12th International Conference on Management of Digital EcoSystems";"Popular microblogging platforms (such as Twitter) offer a fertile ground for open communication among humans, however, they also attract many bots and automated accounts disguised as human users. Typically, such accounts favor malicious activities such as phishing, public opinion manipulation and hate speech spreading, to name a few. Although several AI driven bot detection methods have been implemented, the justification of bot classification and characterization remains quite opaque and AI decisions lack in ethical responsibility. Most of these approaches operate with AI black-boxed algorithms and their efficiency is often questionable. In this work we propose Bot-Detective, a web service that takes into account both the efficient detection of bot users and the interpretability of the results as well. Our main contributions are summarized as follows: i) we propose a novel explainable bot-detection approach, which, to the best of authors' knowledge, is the first one to offer interpretable, responsible, and AI driven bot identification in Twitter, ii) we deploy a publicly available bot detection Web service which integrates an explainable ML framework along with users feedback functionality under an effective crowdsourcing mechanism; iii) we build the proposed service under a newly created annotated dataset by exploiting Twitter's rules and existing tools. This dataset is publicly shared for further use. In situ experimentation has showcased that Bot-Detective produces comprehensive and accurate results, with a promising service take up at scale.";"indirect";"Bot-Detective";NA;NA;NA;NA;NA;NA;NA;NA;NA;NA;NA;NA;NA;"50";"students (NA)";"SS"
"10.1613/jair.1.12813";2021;"Journal of Artificial Intelligence Research";"In automated planning, the need for explanations arises when there is a mismatch between a proposed plan and the user’s expectation. We frame Explainable AI Planning as an iterative plan exploration process, in which the user asks a succession of contrastive questions that lead to the generation and solution of hypothetical planning problems that are restrictions of the original problem. The object of the exploration is for the user to understand the constraints that govern the original plan and, ultimately, to arrive at a satisfactory plan. We present the results of a user study that demonstrates that when users ask questions about plans, those questions are usually contrastive, i.e. “why A rather than B?”. We use the data from this study to construct a taxonomy of user questions that often arise during plan exploration. Our approach to iterative plan exploration is a process of successive model restriction. Each contrastive user question imposes a set of constraints on the planning problem, leading to the construction of a new hypothetical planning problem as a restriction of the original. Solving this restricted problem results in a plan that can be compared with the original plan, admitting a contrastive explanation. We formally define model-based compilations in PDDL2.1 for each type of constraint derived from a contrastive user question in the taxonomy, and empirically evaluate the compilations in terms of computational complexity. The compilations were implemented as part of an explanation framework supporting iterative model restriction. We demonstrate its benefits in a second user study.";"direct";"Contrastive Explanations of Plans through Model Restrictions";NA;NA;NA;NA;NA;NA;NA;NA;NA;NA;NA;NA;NA;"20";"students (NA),researchers (NA),other (engineers),other (IT professionals),other (chemists),other (copywriters)";"SS"
"10.1177/0018720819853686";2019;"Human Factors The Journal of the Human Factors and Ergonomics Society";"Objective This paper presents a theoretical model and two simulator studies on the psychological processes during early trust calibration in automated vehicles. Background The positive outcomes of automation can only reach their full potential if a calibrated level of trust is achieved. In this process, information on system capabilities and limitations plays a crucial role. Method In two simulator experiments, trust was repeatedly measured during an automated drive. In Study 1, all participants in a two-group experiment experienced a system-initiated take-over, and the occurrence of a system malfunction was manipulated. In Study 2 in a 2 × 2 between-subject design, system transparency was manipulated as an additional factor. Results Trust was found to increase during the first interactions progressively. In Study 1, take-overs led to a temporary decrease in trust, as did malfunctions in both studies. Interestingly, trust was reestablished in the course of interaction for take-overs and malfunctions. In Study 2, the high transparency condition did not show a temporary decline in trust after a malfunction. Conclusion Trust is calibrated along provided information prior to and during the initial drive with an automated vehicle. The experience of take-overs and malfunctions leads to a temporary decline in trust that was recovered in the course of error-free interaction. The temporary decrease can be prevented by providing transparent information prior to system interaction. Application Transparency, also about potential limitations of the system, plays an important role in this process and should be considered in the design of tutorials and human-machine interaction (HMI) concepts of automated vehicles.";"indirect";"The More You Know: Trust Dynamics and Calibration in Highly Automated Driving and the Effects of Take-Overs, System Malfunction, and System Transparency";"Desiderata";"Subjective";"Med";TRUE;FALSE;NA;NA;TRUE;FALSE;FALSE;FALSE;TRUE;"up to 2020";"50";"students (NA),researchers (NA),administrative staff (NA)";"SS"
"10.1109/TVCG.2014.2346482";2014;"IEEE Transactions on Visualization and Computer Graphics";"Predictive modeling techniques are increasingly being used by data scientists to understand the probability of predicted outcomes. However, for data that is high-dimensional, a critical step in predictive modeling is determining which features should be included in the models. Feature selection algorithms are often used to remove non-informative features from models. However, there are many different classes of feature selection algorithms. Deciding which one to use is problematic as the algorithmic output is often not amenable to user interpretation. This limits the ability for users to utilize their domain expertise during the modeling process. To improve on this limitation, we developed INFUSE, a novel visual analytics system designed to help analysts understand how predictive features are being ranked across feature selection algorithms, cross-validation folds, and classifiers. We demonstrate how our system can lead to important insights in a case study involving clinical researchers predicting patient outcomes from electronic medical records.";"indirect";"INFUSE: Interactive Feature Selection for Predictive Modeling of High Dimensional Data";NA;NA;NA;NA;NA;NA;NA;NA;NA;NA;NA;NA;NA;"4";"domain experts (medical)";"SS"
"10.1145/2858036.2858529";2016;"CHI '16: Proceedings of the 2016 CHI Conference on Human Factors in Computing Systems";"Understanding predictive models, in terms of interpreting and identifying actionable insights, is a challenging task. Often the importance of a feature in a model is only a rough estimate condensed into one number. However, our research goes beyond these naïve estimates through the design and implementation of an interactive visual analytics system, Prospector. By providing interactive partial dependence diagnostics, data scientists can understand how features affect the prediction overall. In addition, our support for localized inspection allows data scientists to understand how and why specific datapoints are predicted as they are, as well as support for tweaking feature values and seeing how the prediction responds. Our system is then evaluated using a case study involving a team of data scientists improving predictive models for detecting the onset of diabetes from electronic medical records.";"indirect";"Interacting with Predictions";NA;NA;NA;NA;NA;NA;NA;NA;NA;NA;NA;NA;NA;"5";"domain experts (data scientists)";"SS,SC"
"10.1109/VAST.2017.8585720";2017;"IEEE Conference on Visual Analytics Science and Technology (VAST)";"Human-in-the-loop data analysis applications necessitate greater transparency in machine learning models for experts to understand and trust their decisions. To this end, we propose a visual analytics workflow to help data scientists and domain experts explore, diagnose, and understand the decisions made by a binary classifier. The approach leverages instance-level explanations, measures of local feature relevance that explain single instances, and uses them to build a set of visual representations that guide the users in their investigation. The workflow is based on three main visual representations and steps: one based on aggregate statistics to see how data distributes across correct / incorrect decisions; one based on explanations to understand which features are used to make these decisions; and one based on raw data, to derive insights on potential root causes for the observed patterns. The workflow is derived from a long-term collaboration with a group of machine learning and healthcare professionals who used our method to make sense of machine learning models they developed. The case study from this collaboration demonstrates that the proposed workflow helps experts derive useful knowledge about the model and the phenomena it describes, thus experts can generate useful hypotheses on how a model can be improved.";"indirect";"A Workflow for Visual Diagnostics of Binary Classifiers using Instance-Level Explanations";NA;NA;NA;NA;NA;NA;NA;NA;NA;NA;NA;NA;NA;"2";"domain experts (medical),AI experts (NA)";"SS"
"10.1109/TVCG.2019.2934547";2020;"IEEE Transactions on Visualization and Computer Graphics";"Facetto is a scalable visual analytics application that is used to discover single-cell phenotypes in high-dimensional multi-channel microscopy images of human tumors and tissues. Such images represent the cutting edge of digital histology and promise to revolutionize how diseases such as cancer are studied, diagnosed, and treated. Highly multiplexed tissue images are complex, comprising 109 or more pixels, 60-plus channels, and millions of individual cells. This makes manual analysis challenging and error-prone. Existing automated approaches are also inadequate, in large part, because they are unable to effectively exploit the deep knowledge of human tissue biology available to anatomic pathologists. To overcome these challenges, Facetto enables a semi-automated analysis of cell types and states. It integrates unsupervised and supervised learning into the image and feature exploration process and offers tools for analytical provenance. Experts can cluster the data to discover new types of cancer and immune cells and use clustering results to train a convolutional neural network that classifies new cells accordingly. Likewise, the output of classifiers can be clustered to discover aggregate patterns and phenotype subsets. We also introduce a new hierarchical approach to keep track of analysis steps and data subsets created by users; this assists in the identification of cell types. Users can build phenotype trees and interact with the resulting hierarchical structures of both high-dimensional feature and image spaces. We report on use-cases in which domain scientists explore various large-scale fluorescence imaging datasets. We demonstrate how Facetto assists users in steering the clustering and classification process, inspecting analysis results, and gaining new scientific insights into cancer biology.";"indirect";"Facetto: Combining Unsupervised and Supervised Learning for Hierarchical Phenotype Analysis in Multi-Channel Image Data";NA;NA;NA;NA;NA;NA;NA;NA;NA;NA;NA;NA;NA;"10";"domain experts (medical),domain experts (bioinformatics)";"SS"
"10.1145/3531146.3534630";2022;"FAccT '22: Proceedings of the 2022 ACM Conference on Fairness, Accountability, and Transparency";"s highlight changes to a model’s input that alter its prediction in a particular way. s have gained considerable traction as a psychologically grounded solution for explainable artificial intelligence (XAI). Recent innovations introduce the notion of plausibility for automatically generated s, enhancing their robustness by exclusively creating plausible explanations. However, practical benefits of this constraint on user experience are yet unclear. In this study, we evaluate objective and subjective usability of plausible s in an iterative learning task. We rely on a game-like experimental design, revolving around an abstract scenario. Our results show that novice users benefit less from receiving plausible rather than closest s that induce minimal changes leading to the desired outcome. Responses in a post-game survey reveal no differences for subjective usability between both groups. Following the view of psychological plausibility as comparative similarity, users in the closest condition may experience their s as more psychologically plausible than the computationally plausible counterpart. In sum, our work highlights a little-considered divergence of definitions of computational plausibility and psychological plausibility, critically confirming the need to incorporate human behavior, preferences and mental models already at the design stages of XAI. All source code and data of the current study are available: https://github.com/ukuhl/PlausibleAlienZoo";"direct";"Keep Your Friends Close and Your Counterfactuals Closer: Improved Learning From Closest Rather Than Plausible Counterfactual Explanations in an Abstract Setting";NA;NA;NA;NA;NA;NA;NA;NA;NA;NA;NA;NA;NA;"100";"crowdsourcing (AMT)";"SS"
"10.3389/fcomp.2023.1087929";2023;"Frontiers in Computer Science";"Introduction To foster usefulness and accountability of machine learning (ML), it is essential to explain a model's decisions in addition to evaluating its performance. Accordingly, the field of explainable artificial intelligence (XAI) has resurfaced as a topic of active research, offering approaches to address the “how” and “why” of automated decision-making. Within this domain, counterfactual explanations (CFEs) have gained considerable traction as a psychologically grounded approach to generate post-hoc explanations. To do so, CFEs highlight what changes to a model's input would have changed its prediction in a particular way. However, despite the introduction of numerous CFE approaches, their usability has yet to be thoroughly validated at the human level. Methods To advance the field of XAI, we introduce the Alien Zoo, an engaging, web-based and game-inspired experimental framework. The Alien Zoo provides the means to evaluate usability of CFEs for gaining new knowledge from an automated system, targeting novice users in a domain-general context. As a proof of concept, we demonstrate the practical efficacy and feasibility of this approach in a user study. Results Our results suggest the efficacy of the Alien Zoo framework for empirically investigating aspects of counterfactual explanations in a game-type scenario and a low-knowledge domain. The proof of concept study reveals that users benefit from receiving CFEs compared to no explanation, both in terms of objective performance in the proposed iterative learning task, and subjective usability. Discussion With this work, we aim to equip research groups and practitioners with the means to easily run controlled and well-powered user studies to complement their otherwise often more technology-oriented work. Thus, in the interest of reproducible research, we provide the entire code, together with the underlying models and user data: https://github.com/ukuhl/IntroAlienZoo .";"direct";"Let's go to the Alien Zoo: Introducing an experimental framework to study usability of counterfactual explanations for machine learning";NA;NA;NA;NA;NA;NA;NA;NA;NA;NA;NA;NA;NA;"45";"crowdsourcing (AMT)";"SS,TA"
"10.1109/VLHCC.2010.15";2010;"VLHCC '10: Proceedings of the 2010 IEEE Symposium on Visual Languages and Human-Centric Computing";"Many machine-learning algorithms learn rules of behavior from individual end users, such as task-oriented desktop organizers and handwriting recognizers. These rules form a “program” that tells the computer what to do when future inputs arrive. Little research has explored how an end user can debug these programs when they make mistakes. We present our progress toward enabling end users to debug these learned programs via a Natural Programming methodology. We began with a formative study exploring how users reason about and correct a text-classification program. From the results, we derived and prototyped a concept based on “explanatory debugging”, then empirically evaluated it. Our results contribute methods for exposing a learned program's logic to end users and for eliciting user corrections to improve the program's predictions.";"indirect";"Explanatory Debugging: Supporting End-User Debugging of Machine-Learned Programs";NA;NA;NA;NA;NA;NA;NA;NA;NA;NA;NA;NA;NA;"74";"students (NA),other (nearby residents)";"SS"
"10.1145/2030365.2030367";2011;"ACM Transactions on Interactive Intelligent Systems";"Machine learning techniques are increasingly used in intelligent assistants , that is, software targeted at and continuously adapting to assist end users with email, shopping, and other tasks. Examples include desktop SPAM filters, recommender systems, and handwriting recognition. Fixing such intelligent assistants when they learn incorrect behavior, however, has received only limited attention. To directly support end-user “debugging” of assistant behaviors learned via statistical machine learning, we present a Why-oriented approach which allows users to ask questions about how the assistant made its predictions, provides answers to these “why” questions, and allows users to interactively change these answers to debug the assistant's current and future predictions. To understand the strengths and weaknesses of this approach, we then conducted an exploratory study to investigate barriers that participants could encounter when debugging an intelligent assistant using our approach, and the information those participants requested to overcome these barriers. To help ensure the inclusiveness of our approach, we also explored how gender differences played a role in understanding barriers and information needs. We then used these results to consider opportunities for Why-oriented approaches to address user barriers and information needs.";"indirect";"Why-oriented end-user debugging of naive Bayes text classification";NA;NA;NA;NA;NA;NA;NA;NA;NA;NA;NA;NA;NA;"22";"students (NA)";"SS"
"10.1145/2207676.2207678";2012;"CHI '12: Proceedings of the SIGCHI Conference on Human Factors in Computing Systems";"What does a user need to know to productively work with an intelligent agent? Intelligent agents and recommender systems are gaining widespread use, potentially creating a need for end users to understand how these systems operate in order to fix their agent's personalized behavior. This paper explores the effects of mental model soundness on such personalization by providing structural knowledge of a music recommender system in an empirical study. Our findings show that participants were able to quickly build sound mental models of the recommender system's reasoning, and that participants who most improved their mental models during the study were significantly more likely to make the recommender operate to their satisfaction. These results suggest that by helping end users understand a system's reasoning, intelligent agents may elicit more and better feedback, thus more closely aligning their output with each user's intentions.";"indirect";"Tell me more?";NA;NA;NA;NA;NA;NA;NA;NA;NA;NA;NA;NA;NA;"62";"students (NA),researchers (NA),administrative staff (NA),other (flyers)";"SS,TA"
"10.1109/VLHCC.2013.6645235";2013;"VLHCC '13: Proceedings of the 2013 IEEE Symposium on Visual Languages and Human-Centric Computing";"Research is emerging on how end users can correct mistakes their intelligent agents make, but before users can correctly “debug” an intelligent agent, they need some degree of understanding of how it works. In this paper we consider ways intelligent agents should explain themselves to end users, especially focusing on how the soundness and completeness of the explanations impacts the fidelity of end users' mental models. Our findings suggest that completeness is more important than soundness: increasing completeness via certain information types helped participants' mental models and, surprisingly, their perception of the cost/benefit tradeoff of attending to the explanations. We also found that oversimplification, as per many commercial agents, can be a problem: when soundness was very low, participants experienced more mental demand and lost trust in the explanations, thereby reducing the likelihood that users will pay attention to such explanations at all.";"indirect";"Too much, too little, or just right? Ways explanations impact end users' mental models";NA;NA;NA;NA;NA;NA;NA;NA;NA;NA;NA;NA;NA;"17";"students (NA),researchers (NA),administrative staff (NA),other (flyers)";"SS"
"10.1145/2678025.2701399";2015;"IUI '15: Proceedings of the 20th International Conference on Intelligent User Interfaces";"How can end users efficiently influence the predictions that machine learning systems make on their behalf? This paper presents Explanatory Debugging, an approach in which the system explains to users how it made each of its predictions, and the user then explains any necessary corrections back to the learning system. We present the principles underlying this approach and a prototype instantiating it. An empirical evaluation shows that Explanatory Debugging increased participants' understanding of the learning system by 52% and allowed participants to correct its mistakes up to twice as efficiently as participants using a traditional learning system.";"indirect";"Principles of Explanatory Debugging to Personalize Interactive Machine Learning";NA;NA;NA;NA;NA;NA;NA;NA;NA;NA;NA;NA;NA;"77";"students (NA),researchers (NA),administrative staff (NA),other (local community)";"SS"
"10.1145/3457187";2021;"ACM Transactions on Multimedia Computing Communications and Applications";"In Medicine Deep Learning has become an essential tool to achieve outstanding diagnosis on image data. However, one critical problem is that Deep Learning comes with complicated, black-box models so it is not possible to analyze their trust level directly. So, Explainable Artificial Intelligence (XAI) methods are used to build additional interfaces for explaining how the model has reached the outputs by moving from the input data. Of course, that's again another competitive problem to analyze if such methods are successful according to the human view. So, this paper comes with two important research efforts: (1) to build an explainable deep learning model targeting medical image analysis, and (2) to evaluate the trust level of this model via several evaluation works including human contribution. The target problem was selected as the brain tumor classification, which is a remarkable, competitive medical image-based problem for Deep Learning. In the study, MR-based pre-processed brain images were received by the Subtractive Spatial Lightweight Convolutional Neural Network (SSLW-CNN) model, which includes additional operators to reduce the complexity of classification. In order to ensure the explainable background, the model also included Class Activation Mapping (CAM). It is important to evaluate the trust level of a successful model. So, numerical success rates of the SSLW-CNN were evaluated based on the peak signal-to-noise ratio (PSNR), computational time, computational overhead, and brain tumor classification accuracy. The objective of the proposed SSLW-CNN model is to obtain faster and good tumor classification with lesser time. The results illustrate that the SSLW-CNN model provides better performance of PSNR which is enhanced by 8%, classification accuracy is improved by 33%, computation time is reduced by 19%, computation overhead is decreased by 23%, and classification time is minimized by 13%, as compared to state-of-the-art works. Because the model provided good numerical results, it was then evaluated in terms of XAI perspective by including doctor-model based evaluations such as feedback CAM visualizations, usability, expert surveys, comparisons of CAM with other XAI methods, and manual diagnosis comparison. The results show that the SSLW-CNN provides good performance on brain tumor diagnosis and ensures a trustworthy solution for the doctors.";"indirect";"Doctor's Dilemma: Evaluating an Explainable Subtractive Spatial Lightweight Convolutional Neural Network for Brain Tumor Diagnosis";NA;NA;NA;NA;NA;NA;NA;NA;NA;NA;NA;NA;NA;"10";"domain experts (medical)";"SS"
"10.1145/3290605.3300717";2019;"CHI '19: Proceedings of the 2019 CHI Conference on Human Factors in Computing Systems";"Trust in a Recommender System (RS) is crucial for its overall success. However, it remains underexplored whether users trust personal recommendation sources (i.e. other humans) more than impersonal sources (i.e. conventional RS), and, if they do, whether the perceived quality of explanation provided account for the difference. We conducted an empirical study in which we compared these two sources of recommendations and explanations. Human advisors were asked to explain movies they recommended in short texts while the RS created explanations based on item similarity. Our experiment comprised two rounds of recommending. Over both rounds the quality of explanations provided by users was assessed higher than the quality of the system's explanations. Moreover, explanation quality significantly influenced perceived recommendation quality as well as trust in the recommendation source. Consequently, we suggest that RS should provide richer explanations in order to increase their perceived recommendation quality and trustworthiness.";"indirect";"Let Me Explain";"Understanding";"Subjective";"No";FALSE;FALSE;NA;NA;TRUE;FALSE;FALSE;FALSE;FALSE;"up to 2020";"93";"domain experts (Amazon Prime account holders)";"SS"
"10.1109/TVCG.2017.2745085";2018;"IEEE Transactions on Visualization and Computer Graphics";"Clustering, the process of grouping together similar items into distinct partitions, is a common type of unsupervised machine learning that can be useful for summarizing and aggregating complex multi-dimensional data. However, data can be clustered in many ways, and there exist a large body of algorithms designed to reveal different patterns. While having access to a wide variety of algorithms is helpful, in practice, it is quite difficult for data scientists to choose and parameterize algorithms to get the clustering results relevant for their dataset and analytical tasks. To alleviate this problem, we built Clustervision, a visual analytics tool that helps ensure data scientists find the right clustering among the large amount of techniques and parameters available. Our system clusters data using a variety of clustering techniques and parameters and then ranks clustering results utilizing five quality metrics. In addition, users can guide the system to produce more relevant results by providing task-relevant constraints on the data. Our visual user interface allows users to find high quality clustering results, explore the clusters using several coordinated visualization techniques, and select the cluster result that best suits their task. We demonstrate this novel approach using a case study with a team of researchers in the medical domain and showcase that our system empowers users to choose an effective representation of their complex data.";"indirect";"Clustervision: Visual Supervision of Unsupervised Clustering";NA;NA;NA;NA;NA;NA;NA;NA;NA;NA;NA;NA;NA;"7";"domain experts (medical)";"SS"
"10.1109/TVCG.2018.2865027";2019;"IEEE Transactions on Visualization and Computer Graphics";"We have recently seen many successful applications of recurrent neural networks (RNNs) on electronic medical records (EMRs), which contain histories of patients' diagnoses, medications, and other various events, in order to predict the current and future states of patients. Despite the strong performance of RNNs, it is often challenging for users to understand why the model makes a particular prediction. Such black-box nature of RNNs can impede its wide adoption in clinical practice. Furthermore, we have no established methods to interactively leverage users' domain expertise and prior knowledge as inputs for steering the model. Therefore, our design study aims to provide a visual analytics solution to increase interpretability and interactivity of RNNs via a joint effort of medical experts, artificial intelligence scientists, and visual analytics researchers. Following the iterative design process between the experts, we design, implement, and evaluate a visual analytics tool called RetainVis, which couples a newly improved, interpretable, and interactive RNN-based model called RetainEX and visualizations for users' exploration of EMR data in the context of prediction tasks. Our study shows the effective use of RetainVis for gaining insights into how individual medical codes contribute to making risk predictions, using EMRs of patients with heart failure and cataract symptoms. Our study also demonstrates how we made substantial changes to the state-of-the-art RNN model called RETAIN in order to make use of temporal information and increase interactivity. This study will provide a useful guideline for researchers that aim to design an interpretable and interactive visual analytics tool for RNNs.";"indirect";"RetainVis: Visual Analytics with Interpretable and Interactive Recurrent Neural Networks on Electronic Medical Records";"Desiderata";"Objective";"High";FALSE;FALSE;NA;NA;TRUE;FALSE;NA;FALSE;TRUE;"up to 2020";"NA";"domain experts (medical)";"SS"
"10.1109/TVCG.2020.2985689";2021;"IEEE Transactions on Visualization and Computer Graphics";"Clinical researchers use disease progression models to understand patient status and characterize progression patterns from longitudinal health records. One approach for disease progression modeling is to describe patient status using a small number of states that represent distinctive distributions over a set of observed measures. Hidden Markov models (HMMs) and its variants are a class of models that both discover these states and make inferences of health states for patients. Despite the advantages of using the algorithms for discovering interesting patterns, it still remains challenging for medical experts to interpret model outputs, understand complex modeling parameters, and clinically make sense of the patterns. To tackle these problems, we conducted a design study with clinical scientists, statisticians, and visualization experts, with the goal to investigate disease progression pathways of chronic diseases, namely type 1 diabetes (T1D), Huntington's disease, Parkinson's disease, and chronic obstructive pulmonary disease (COPD). As a result, we introduce DPVis which seamlessly integrates model parameters and outcomes of HMMs into interpretable and interactive visualizations. In this article, we demonstrate that DPVis is successful in evaluating disease progression models, visually summarizing disease states, interactively exploring disease progression patterns, and building, analyzing, and comparing clinically relevant patient subgroups.";"indirect";"DPVis: Visual Analytics With Hidden Markov Models for Disease Progression Pathways";NA;NA;NA;NA;NA;NA;NA;NA;NA;NA;NA;NA;NA;"9";"domain experts (medical)";"SS"
"10.1016/j.patrec.2021.05.018";2021;"Pattern Recognition Letters";"During the last decade, more and more Artificial Intelligence systems have been designed using complex and sophisticated architectures to reach unprecedented predictive performance. The side effect is an increase in opacity of their inner workings which is inadmissible when such systems are applied in critical domains (healthcare, finance and so on). The eXplainable AI (XAI) research field aims to overcome this limitation thus helping humans to understand black-box decisions. In this paper we propose a novel model-agnostic XAI technique, named Pivot-Aided Space Transformation for Local Explanations (PASTLE), which exploits an instance-space transformation to explain any model's predictions, aiming to enhance human trust towards the AI decisions. We experimentally evaluate the effects of the introduced space transformation on various real-world data sets and our user study reveals promising results in terms of effective explainability.";"direct";"PASTLE: Pivot-aided space transformation for local explanations";"Understanding";"Objective";"No";TRUE;FALSE;NA;NA;FALSE;FALSE;NA;NA;FALSE;"2021 and after";"36";"not stated (NA)";"FS,SC"
NA;2018;"NIPS'18: Proceedings of the 32nd International Conference on Neural Information Processing Systems";"The evaluation of interpretable machine learning systems is challenging, as explanation is almost always a means toward some downstream task. In this work, we carefully control a number of properties of logic-based explanations (overall length, number of repeated terms, etc.) to determine their effect on human ability to perform three basic tasks: simulating the system’s response, verification of a suggested response, and counterfactual reasoning. Our findings about how each of these properties affect the ability of humans to perform each task provide insights on how we might construct regularizers to optimize for task performance.";"indirect";"An Evaluation of the Human-Interpretability of Explanation";NA;NA;NA;NA;NA;NA;NA;NA;NA;NA;NA;NA;NA;"450";"crowdsourcing (AMT)";"FS,SC"
"10.1145/3287560.3287590";2019;"FAT* '19: Proceedings of the Conference on Fairness, Accountability, and Transparency";"Humans are the final decision makers in critical tasks that involve ethical and legal concerns, ranging from recidivism prediction, to medical diagnosis, to fighting against fake news. Although machine learning models can sometimes achieve impressive performance in these tasks, these tasks are not amenable to full automation. To realize the potential of machine learning for improving human decisions, it is important to understand how assistance from machine learning models affects human performance and human agency.";"indirect";"On Human Predictions with Explanations and Predictions of Machine Learning Models";NA;NA;NA;NA;NA;NA;NA;NA;NA;NA;NA;NA;NA;"NA";"crowdsourcing (AMT)";"FS"
"10.1145/3313831.3376873";2020;"CHI '20: Proceedings of the 2020 CHI Conference on Human Factors in Computing Systems";"To support human decision making with machine learning models, we often need to elucidate patterns embedded in the models that are unsalient, unknown, or counterintuitive to humans. While existing approaches focus on explaining machine predictions with real-time assistance, we explore model-driven tutorials to help humans understand these patterns in a train- ing phase. We consider both tutorials with guidelines from scientific papers, analogous to current practices of science communication, and automatically selected examples from training data with explanations. We use deceptive review detection as a testbed and conduct large-scale, randomized human-subject experiments to examine the effectiveness of such tutorials. We find that tutorials indeed improve human performance, with and without real-time assistance. In particular, although deep learning provides superior predictive performance than simple models, tutorials and explanations from simple models are more useful to humans. Our work suggests future directions for human-centered tutorials and explanations towards a synergy between humans and AI.";"indirect";"\"Why is 'Chicago' deceptive?\" Towards Building Model-Driven Tutorials for Humans";NA;NA;NA;NA;NA;NA;NA;NA;NA;NA;NA;NA;NA;"16";"students (NA)";"FS,SS"
"10.1145/2939672.2939874";2016;"Proceedings of the 22nd ACM SIGKDD international conference on knowledge discovery and data mining";"One of the most important obstacles to deploying predictive models is the fact that humans do not understand and trust them. Knowing which variables are important in a model's prediction and how they are combined can be very powerful in helping people understand and trust automatic decision making systems.";"direct";"Interpretable Decision Sets";"Understanding";"Subjective";"No";TRUE;FALSE;NA;NA;TRUE;FALSE;FALSE;FALSE;FALSE;"up to 2020";"47";"students (NA)";"SS,SC"
NA;2017;"4th Workshop on Fairness, Accountability, and Transparency in Machine Learning, Special Interest Group on Knowledge Discovery and Data Mining (SIGKDD)";"We propose Black Box Explanations through Transparent Approximations (BETA), a novel model agnostic framework for explaining the behavior of any black-box classifier by simultaneously optimizing for fidelity to the original model and interpretability of the explanation. To this end, we develop a novel objective function which allows us to learn (with optimality guarantees), a small number of compact decision sets each of which explains the behavior of the black box model in unambiguous, well-defined regions of feature space. Furthermore, our framework also is capable of accepting user input when generating these approximations, thus allowing users to interactively explore how the black-box model behaves in different subspaces that are of interest to the user. To the best of our knowledge, this is the first approach which can produce global explanations of the behavior of any given black box model through joint optimization of unambiguity, fidelity, and interpretability, while also allowing users to explore model behavior based on their preferences. Experimental evaluation with real-world datasets and user studies demonstrates that our approach can generate highly compact, easy-to-understand, yet accurate approximations of various kinds of predictive models compared to state-of-the-art baselines.";"indirect";"Interpretable & Explorable Approximations of Black Box Models";"Understanding";"Objective";"No";TRUE;FALSE;FALSE;FALSE;TRUE;FALSE;NA;NA;FALSE;"up to 2020";"33";"not stated (NA)";"FS,SC"
"10.1145/3306618.3314229";2019;"AIES '19: Proceedings of the 2019 AAAI/ACM Conference on AI, Ethics, and Society";"As predictive models increasingly assist human experts (e.g., doctors) in day-to-day decision making, it is crucial for experts to be able to explore and understand how such models behave in different feature subspaces in order to know if and when to trust them. To this end, we propose Model Understanding through Subspace Explanations (MUSE), a novel model agnostic framework which facilitates understanding of a given black box model by explaining how it behaves in subspaces characterized by certain features of interest. Our framework provides end users (e.g., doctors) with the flexibility of customizing the model explanations by allowing them to input the features of interest. The construction of explanations is guided by a novel objective function that we propose to simultaneously optimize for fidelity to the original model, unambiguity and interpretability of the explanation. More specifically, our objective allows us to learn, with optimality guarantees, a small number of compact decision sets each of which captures the behavior of a given black box model in unambiguous, well-defined regions of the feature space. Experimental evaluation with real-world datasets and user studies demonstrate that our approach can generate customizable, highly compact, easy-to-understand, yet accurate explanations of various kinds of predictive models compared to state-of-the-art baselines.";"direct";"Faithful and Customizable Explanations of Black Box Models";NA;NA;NA;NA;NA;NA;NA;NA;NA;NA;NA;NA;NA;"33";"not stated (NA)";"FS,SC"
"10.1145/3375627.3375833";2020;"AIES '20: Proceedings of the AAAI/ACM Conference on AI, Ethics, and Society";"As machine learning black boxes are increasingly being deployed in critical domains such as healthcare and criminal justice, there has been a growing emphasis on developing techniques for explaining these black boxes in a human interpretable manner. There has been recent concern that a high-fidelity explanation of a black box ML model may not accurately reflect the biases in the black box. As a consequence, explanations have the potential to mislead human users into trusting a problematic black box. In this work, we rigorously explore the notion of misleading explanations and how they influence user trust in black box models. Specifically, we propose a novel theoretical framework for understanding and generating misleading explanations, and carry out a user study with domain experts to demonstrate how these explanations can be used to mislead users. Our work is the first to empirically establish how user trust in black box models can be manipulated via misleading explanations.";"indirect";"\"How do I fool you?\"";NA;NA;NA;NA;NA;NA;NA;NA;NA;NA;NA;NA;NA;"47";"students (NA)";"SS"
NA;2021;"NIPS '21: Proceedings of the 35th International Conference on Neural Information Processing Systems";"Developments in machine learning interpretability techniques over the past decade have provided new tools to observe the image regions that are most informative for classification and localization in artificial neural networks (ANNs). Are the same regions similarly informative to human observers? Using data from 79 new experiments and 7,810 participants, we show that passive attention techniques reveal a significant overlap with human visual selectivity estimates derived from 6 distinct behavioral tasks including visual discrimination, spatial localization, recognizability, free-viewing, cued-object search, and saliency search fixations. We find that input visualizations derived from relatively simple ANN architectures probed using guided backpropagation methods are the best predictors of a shared component in the joint variability of the human measures. We validate these correlational results with causal manipulations using recognition experiments. We show that images masked with ANN attention maps were easier for humans to classify than control masks in a speeded recognition experiment. Similarly, we find that recognition performance in the same ANN models was likewise influenced by masking input images using human visual selectivity maps. This work contributes a new approach to evaluating the biological and psychological validity of leading ANNs as models of human vision: by examining their similarities and differences in terms of their visual selectivity to the information contained in images.";"top 4";"Passive attention in artificial neural networks predicts human visual selectivity";"Understanding";"Objective and Subjective";"No";FALSE;FALSE;FALSE;FALSE;FALSE;FALSE;NA;FALSE;TRUE;"top 4";"2250";"crowdsourcing (AMT)";"SS"
NA;2020;"Proceedings of the Workshop on Explainable Smart Systems for Algorithmic Transparency in Emerging Technologies co-located with 25th International Conference on Intelligent User Interfaces (IUI 2020)";"This paper investigates the effects that different styles of textual explanation have on explainee’s trust in an AI medical support scenario. From the literature, we focused on four different styles of explanation: contrastive, general, truthful, and thorough. We conducted a user study in which we presented explanations of a fictional mammography diagnosis application system to 48 nonexpert users. We carried out a between-subject comparison between four groups of 11-13 people each looking at a different explanation style. Our findings suggest that contrastive and thorough explanations produce higher personal attachment trust scores compared to general explanation style, while truthful explanation shows no difference compared to the rest of explanations. This means that users who received contrastive and thorough explanation types found the explanation given significantly more agreeable and suiting their personal taste. These findings, even though not conclusive, confirm the impact of explanation style on users trust towards AI systems and may inform future explanation design and evaluation studies";"indirect";"The effect of explanation styles on user's trust";NA;NA;NA;NA;NA;NA;NA;NA;NA;NA;NA;NA;NA;"48";"crowdsourcing (AMT)";"SS,SC"
"10.1109/ICECET55527.2022.9872950";2022;"2022 International Conference on Electrical, Computer and Energy Technologies (ICECET)";"With the current progress of how Artificial Intelligence (AI) is implemented in different fields, the concerns on AI technologies’ accountability, transparency, trust, and social acceptability are also raised. These concerns become even bigger when people’s well being is at stake, as in the case of AI applications implemented in healthcare. Explainable AI (XAI) or AI explanation algorithms are proposed to solve the accountability and transparency problems. However, how users perceived algorithm explanation have not yet been explored extensively. In this paper, Explainable AI approaches were implemented to the specific case in healthcare: Breast Cancer. An online survey was conducted to investigate users’ perception and understanding of the AI explanation algorithms: LIME and Anchors. We were looking at the users’ perception of Explainable AI, specifically non-expert users, and found that users’ perceived understanding was high even though the majority did not understand the explanation.";"indirect";"Explainable AI for Breast Cancer Diagnosis: Application and User’s Understandability Perception";NA;NA;NA;NA;NA;NA;NA;NA;NA;NA;NA;NA;NA;"50";"crowdsourcing (AMT),other (personal network)";"FS,SS,SC"
"10.1080/13658816.2023.2214592";2023;"International Journal of Geographical Information Science";"We propose a new form of plausible counterfactual explanation designed to explain the behaviour of computer vision systems used in urban analytics that make predictions based on properties across the entire image, rather than specific regions of it. We illustrate the merits of our approach by explaining computer vision models used to analyse street imagery, which are now widely used in GeoAI and urban analytics. Such explanations are important in urban analytics as researchers and practioners are increasingly reliant on it for decision making. Finally, we perform a user study that demonstrate our approach can be used by non-expert users, who might not be machine learning experts, to be more confident and to better understand the behaviour of image-based classifiers/regressors for street view analysis. Furthermore, the method can potentially be used as an engagement tool to visualise how public spaces can plausibly look like. The limited realism of the counterfactuals is a concern which we hope to improve in the future.";"direct";"Explaining holistic image regressors and classifiers in urban analytics with plausible counterfactuals";NA;NA;NA;NA;NA;NA;NA;NA;NA;NA;NA;NA;NA;"840";"crowdsourcing (AMT)";"FS,SAR,SC"
"10.1145/3394486.3403066";2020;"KDD '20: Proceedings of the 26th ACM SIGKDD International Conference on Knowledge Discovery & Data Mining";"Despite the recent development in the topic of explainable AI/ML for image and text data, the majority of current solutions are not suitable to explain the prediction of neural network models when the datasets are tabular and their features are in high-dimensional vectorized formats. To mitigate this limitation, therefore, we borrow two notable ideas (i.e., explanation by intervention from causality and explanation are contrastive from philosophy) and propose a novel solution, named as GRACE, that better explains neural network models' predictions for tabular datasets. In particular, given a model's prediction as label X, GRACE intervenes and generates a minimally-modified contrastive sample to be classified as Y, with an intuitive textual explanation, answering the question of Why X rather than Y? We carry out comprehensive experiments using eleven public datasets of different scales and domains (e.g., # of features ranges from 5 to 216) and compare GRACE with competing baselines on different measures: fidelity, conciseness, info-gain, and influence. The user-studies show that our generated explanation is not only more intuitive and easy-to-understand but also facilitates end-users to make as much as 60% more accurate post-explanation decisions than that of Lime.";"direct";"GRACE: Generating Concise and Informative Contrastive Sample to Explain Neural Network Model's Prediction";"Understanding";"Objective and Subjective";"No";TRUE;FALSE;FALSE;FALSE;TRUE;FALSE;FALSE;FALSE;FALSE;"up to 2020";"37";"crowdsourcing (AMT)";"SC,SS"
NA;2023;"AAAI '23/IAAI '23/EAAI '23: Proceedings of the Thirty-Seventh AAAI Conference on Artificial Intelligence and Thirty-Fifth Conference on Innovative Applications of Artificial Intelligence and Thirteenth Symposium on Educational Advances in Artificial Intelligence";"Displaying confidence scores in human-AI interaction has been shown to help build trust between humans and AI systems. However, most existing research uses only the confidence score as a form of communication. As confidence scores are just another model output, users may want to understand why the algorithm is confident to determine whether to accept the confidence score. In this paper, we show that counterfactual explanations of confidence scores help study participants to better understand and better trust a machine learning model's prediction. We present two methods for understanding model confidence using counterfactual explanation: (1) based on counterfactual examples; and (2) based on visualisation of the counterfactual space. Both increase understanding and trust for study participants over a baseline of no explanation, but qualitative results show that they are used quite differently, leading to recommendations of when to use each one and directions of designing better explanations.";"top 4";"Explaining model confidence using counterfactuals";"Understanding";"Objective and Subjective";"No";TRUE;FALSE;FALSE;FALSE;FALSE;FALSE;TRUE;FALSE;FALSE;"top 4";"90,90";"crowdsourcing (AMT)";"SS"
NA;2023;"AAMAS '23: Proceedings of the 2023 International Conference on Autonomous Agents and Multiagent Systems";"Acceptability and trust toward an Artificial Agent (AA) are known to be strongly related to the transparency of its behavior. However, the opacity of the AI techniques implemented to drive the behavior of AAs is growing in parallel with their performance (performance/transparency trade-off). Thus, it is crucial and increasingly required to identify minimal and necessary information for achieving efficient human/AA interaction in order to include them as AAs' requirements at design stage. For this purpose, this paper proposes to bring knowledge and methods from domains accustomed to human behavior studies. Based on ergonomic and cognition literature, this paper tests through a user-study the hypothesis that sharing distal, proximal and motor intentions (what we call intention-based explanations) will improve the acceptability of an AA. The Overcooked task from Carroll and colleagues[3] - which requires coordination on goals and motor levels - is used as a test-bed for hypotheses manipulation. Our experimental work consisted in implementing a modified version of the task, analyzing 60 subjects performance, behaviors and feelings in two groups (control and hypothesis-testing) and having them filled an extensive survey. Half of them interact with an agent sharing its intentions while the other half stand in the control group without any information shared by the agent. The results show that intentions sharing leads to a greater acceptability - by means of delegation of control towards the AA - as well as trust. Critically, acceptability and trust seem to be decoupled from team performance. These results suggest the importance of intention-based explanations as a support for cooperation between the human operator and artificial agents. This work demonstrates the need to take into account human cognition when designing systems requiring acceptable and trustworthy AI techniques.";"direct";"Trusting Artificial Agents: Communication Trumps Performance";NA;NA;NA;NA;NA;NA;NA;NA;NA;NA;NA;NA;NA;"60";"crowdsourcing (Prolific)";"SS"
"10.1145/3173574.3173978";2018;"CHI '18: Proceedings of the 2018 CHI Conference on Human Factors in Computing Systems";"Automated tools are increasingly being used to generate highly engaging concept maps as an aid to strategic planning and other decision-making tasks. Unless stakeholders can understand the principles of the underlying layout process, however, we have found that they lack confidence and are therefore reluctant to use these maps. In this paper, we present a qualitative study exploring the effect on users' confidence of using data-driven explanation mechanisms, by conducting in-depth scenario-based interviews with ten participants. To provide diversity in stimulus and approach we use two explanation mechanisms based on projection and agglomerative layout methods. The themes exposed in our results indicate that the data-driven explanations improved user confidence in several ways, and that process clarity and layout density also affected users' views of the credibility of the concept maps. We discuss how these factors can increase uptake of automated tools and affect user confidence.";"indirect";"Improving User Confidence in Concept Maps";NA;NA;NA;NA;NA;NA;NA;NA;NA;NA;NA;NA;NA;"10";"other (convenience sampling)";"SS"
"10.1145/3359284";2019;"Proceedings of the ACM on Human-Computer Interaction";"As algorithms increasingly take managerial and governance roles, it is ever more important to build them to be perceived as fair and adopted by people. With this goal, we propose a procedural justice framework in algorithmic decision-making drawing from procedural justice theory, which lays out elements that promote a sense of fairness among users. As a case study, we built an interface that leveraged two key elements of the framework---transparency and outcome control---and evaluated it in the context of goods division. Our interface explained the algorithm's allocative fairness properties (standards clarity) and outcomes through an input-output matrix (outcome explanation), then allowed people to interactively adjust the algorithmic allocations as a group (outcome control). The findings from our within-subjects laboratory study suggest that standards clarity alone did not increase perceived fairness; outcome explanation had mixed effects, increasing or decreasing perceived fairness and reducing algorithmic accountability; and outcome control universally improved perceived fairness by allowing people to realize the inherent limitations of decisions and redistribute the goods to better fit their contexts, and by bringing human elements into final decision-making.";"indirect";"Procedural Justice in Algorithmic Fairness";NA;NA;NA;NA;NA;NA;NA;NA;NA;NA;NA;NA;NA;"71";"students (NA),researchers (NA),administrative staff (NA),other (flyers)";"SS"
"10.1145/3411764.3445472";2021;"CHI '21: Proceedings of the 2021 CHI Conference on Human Factors in Computing Systems";"Advances in artificial intelligence (AI) have made it increasingly applicable to supplement expert’s decision-making in the form of a decision support system on various tasks. For instance, an AI-based system can provide therapists quantitative analysis on patient’s status to improve practices of rehabilitation assessment. However, there is limited knowledge on the potential of these systems. In this paper, we present the development and evaluation of an interactive AI-based system that supports collaborative decision making with therapists for rehabilitation assessment. This system automatically identifies salient features of assessment to generate patient-specific analysis for therapists, and tunes with their feedback. In two evaluations with therapists, we found that our system supports therapists significantly higher agreement on assessment (0.71 average F1-score) than a traditional system without analysis (0.66 average F1-score, p < 0.05). After tuning with therapist’s feedback, our system significantly improves its performance from 0.8377 to 0.9116 average F1-scores (p < 0.01). This work discusses the potential of a human-AI collaborative system to support more accurate decision making while learning from each other’s strengths.";"indirect";"A Human-AI Collaborative Approach for Clinical Decision Making on Rehabilitation Assessment";NA;NA;NA;NA;NA;NA;NA;NA;NA;NA;NA;NA;NA;"7";"domain experts (therapists)";"SS,FS"
"10.1145/3589345";2023;"ACM Transactions on Interactive Intelligent Systems";"Research in human-centered AI has shown the benefits of systems that can explain their predictions. Methods that allow AI to take advice from humans in response to explanations are similarly useful. While both capabilities are well developed for transparent learning models (e.g., linear models and GA 2 Ms) and recent techniques (e.g., LIME and SHAP) can generate explanations for opaque models, little attention has been given to advice methods for opaque models. This article introduces LIMEADE, the first general framework that translates both positive and negative advice (expressed using high-level vocabulary such as that employed by post hoc explanations) into an update to an arbitrary, underlying opaque model. We demonstrate the generality of our approach with case studies on 70 real-world models across two broad domains: image classification and text recommendation. We show that our method improves accuracy compared to a rigorous baseline on the image classification domains. For the text modality, we apply our framework to a neural recommender system for scientific papers on a public website; our user study shows that our framework leads to significantly higher perceived user control, trust, and satisfaction.";"direct";"LIMEADE: From AI Explanations to Advice Taking";NA;NA;NA;NA;NA;NA;NA;NA;NA;NA;NA;NA;NA;"21";"students (NA),researchers (NA),administrative staff (NA)";"FS,SS"
NA;2023;"NIPS '23: Proceedings of the 37th International Conference on Neural Information Processing Systems";"Vision-based emergent communication (EC) aims to learn to communicate through sketches and demystify the evolution of human communication. Ironically, previous works neglect multi-round interaction, which is indispensable in human communication. To fill this gap, we first introduce a novel Interactive Sketch Question Answering (ISQA) task, where two collaborative players are interacting through sketches to answer a question about an image in a multi-round manner. To accomplish this task, we design a new and efficient interactive EC system, which can achieve an effective balance among three evaluation factors, including the question answering accuracy, drawing complexity and human interpretability. Our experimental results including human evaluation demonstrate that multi-round interactive mechanism facilitates targeted and efficient communication between intelligent agents with decent human interpretability. The code is available at https://github.com/MediaBrain-SJTU/ECISQA.";"top 4";"Emergent Communication in Interactive Sketch Question Answering";"Understanding";"Subjective";"No";FALSE;FALSE;NA;NA;FALSE;FALSE;NA;FALSE;TRUE;"top 4";"12,10";"not stated (NA)";"SC"
"10.3233/FAIA230087";2023;"Frontiers in artificial intelligence and applications";"Confidence signals are often used in human interactions to communicate the likelihood of a decision being correct. Similarly, confidence may also be used to indicate the reliability of advice given by an AI. While previous work on explainable AI (XAI) has explored the effect of AI confidence on AI-advice adoption and joint accuracy of the human-AI team, most studies use AI-assistants that exceed human performance. It is unclear how displaying the confidence interacts with the accuracy of the AI. We conduct a comprehensive investigation of the effect of displaying AI confidence on two factors: 1) the accuracy of AI-assisted decision making, and 2) reliance on the AI’s assistance. We conduct two behavioral experiments, one where participants were shown AI confidence, and another where no confidence ratings were shown. Our work goes beyond the typical focus on high accuracy AI assistants. In both experiments, participants were assisted by one of three AI classifiers of varying accuracy. Our results demonstrate that displaying AI confidence increases joint accuracy when people are assisted by a classifier that is better than humans on average. Conversely, when assisted by a classifier with performance worse than an average human, joint accuracy was better when no AI confidence was displayed. However, for the adoption of AI advice we observed the opposite pattern: people rely more on a higher accuracy classifier that does not display confidence compared to one that does, and people rely more on a lower accuracy classifier that does display AI confidence compared to one that does not.";"direct";"How Displaying AI Confidence Affects Reliance and Hybrid Human-AI Performance";NA;NA;NA;NA;NA;NA;NA;NA;NA;NA;NA;NA;NA;"135";"crowdsourcing (AMT)";"FS"
"10.18653/v1/D19-1523";2019;"Proceedings of the 2019 Conference on Empirical Methods in Natural Language Processing and the 9th International Joint Conference on Natural Language Processing (EMNLP-IJCNLP)";"Piyawat Lertvittayakumjorn, Francesca Toni. Proceedings of the 2019 Conference on Empirical Methods in Natural Language Processing and the 9th International Joint Conference on Natural Language Processing (EMNLP-IJCNLP). 2019.";"indirect";"Human-grounded Evaluations of Explanation Methods for Text Classification";NA;NA;NA;NA;NA;NA;NA;NA;NA;NA;NA;NA;NA;"367,121";"crowdsourcing (AMT),students (NA)";"FS,SS,SC"
"10.1145/3411764.3445522";2021;"CHI '21: Proceedings of the 2021 CHI Conference on Human Factors in Computing Systems";"Automated decision support can accelerate tedious tasks as users can focus their attention where it is needed most. However, a key concern is whether users overly trust or cede agency to automation. In this paper, we investigate the effects of introducing automation to annotating clinical texts — a multi-step, error-prone task of identifying clinical concepts (e.g., procedures) in medical notes, and mapping them to labels in a large ontology. We consider two forms of decision aid: recommending which labels to map concepts to, and pre-populating annotation suggestions. Through laboratory studies, we find that 18 clinicians generally build intuition of when to rely on automation and when to exercise their own judgement. However, when presented with fully pre-populated suggestions, these expert users exhibit less agency: accepting improper mentions, and taking less initiative in creating additional annotations. Our findings inform how systems and algorithms should be designed to mitigate the observed issues.";"indirect";"Assessing the Impact of Automated Suggestions on Decision Making: Domain Experts Mediate Model Errors but Take Less Initiative";NA;NA;NA;NA;NA;NA;NA;NA;NA;NA;NA;NA;NA;"18";"domain experts (medical)";"FS,SS,SC"
"10.1111/j.1467-8659.2012.03110.x";2012;"Computer Graphics Forum";"Abstract Identification and characterization of cancer subtypes are important areas of research that are based on the integrated analysis of multiple heterogeneous genomics datasets. Since there are no tools supporting this process, much of this work is done using ad‐hoc scripts and static plots, which is inefficient and limits visual exploration of the data. To address this, we have developed StratomeX, an integrative visualization tool that allows investigators to explore the relationships of candidate subtypes across multiple genomic data types such as gene expression, DNA methylation, or copy number data. StratomeX represents datasets as columns and subtypes as bricks in these columns. Ribbons between the columns connect bricks to show subtype relationships across datasets. Drill‐down features enable detailed exploration. StratomeX provides insights into the functional and clinical implications of candidate subtypes by employing small multiples, which allow investigators to assess the effect of subtypes on molecular pathways or outcomes such as patient survival. As the configuration of viewing parameters in such a multi‐dataset, multi‐view scenario is complex, we propose a meta visualization and configuration interface for dataset dependencies and data‐view relationships. StratomeX is developed in close collaboration with domain experts. We describe case studies that illustrate how investigators used the tool to explore subtypes in large datasets and demonstrate how they efficiently replicated findings from the literature and gained new insights into the data.";"indirect";"StratomeX: Visual Analysis of Large‐Scale Heterogeneous Genomics Data for Cancer Subtype Characterization";NA;NA;NA;NA;NA;NA;NA;NA;NA;NA;NA;NA;NA;"2";"domain experts (investigators)";"SS"
NA;2023;"ICML '23: Proceedings of the 40th International Conference on Machine Learning";"Counterfactual explanations have been widely studied in explainability, with a range of application dependent methods prominent in fairness, recourse and model understanding. The major shortcoming associated with these methods, however, is their inability to provide explanations beyond the local or instance-level. While many works touch upon the notion of a global explanation, typically suggesting to aggregate masses of local explanations in the hope of ascertaining global properties, few provide frameworks that are both reliable and computationally tractable. Meanwhile, practitioners are requesting more efficient and interactive explainability tools. We take this opportunity to propose Global & Efficient Counterfactual Explanations (GLOBE-CE), a flexible framework that tackles the reliability and scalability issues associated with current state-of-the-art, particularly on higher dimensional datasets and in the presence of continuous features. Furthermore, we provide a unique mathematical analysis of categorical feature translations, utilising it in our method. Experimental evaluation with publicly available datasets and user studies demonstrate that GLOBE-CE performs significantly better than the current state-of-the-art across multiple metrics (e.g., speed, reliability).";"top 4";"GLOBE-CE: A Translation Based Approach for Global Counterfactual Explanations";"Understanding";"Objective and Subjective";"No";TRUE;FALSE;NA;NA;TRUE;FALSE;NA;FALSE;TRUE;"top 4";"24";"students (NA)";"SAR"
"10.1145/3301275.3302294";2019;"IUI '19: Proceedings of the 24th International Conference on Intelligent User Interfaces";"Major breaches of sensitive company data, as for Facebook's 50 million user accounts in 2018 or Equifax's 143 million user accounts in 2017, are showing the limitations of reactive data security technologies. Companies and government organizations are turning to proactive data security technologies that secure sensitive data at source. However, data security analysts still face two fundamental challenges in data protection decisions: 1) the information overload from the growing number of data repositories and protection techniques to consider; 2) the optimization of protection plans given the current goals and available resources in the organization. In this work, we propose an intelligent user interface for security analysts that recommends what data to protect, visualizes simulated protection impact, and helps build protection plans. In a domain with limited access to expert users and practices, we elicited user requirements from security analysts in industry and modeled data risks based on architectural and conceptual attributes. Our preliminary evaluation suggests that the design improves the understanding and trust of the recommended protections and helps convert risk information in protection plans.";"indirect";"What data should I protect?";NA;NA;NA;NA;NA;NA;NA;NA;NA;NA;NA;NA;NA;"11";"domain experts (security managers),domain experts (security analysts)";"SS"
"10.1145/3544549.3585604";2023;"CHI EA '23: Extended Abstracts of the 2023 CHI Conference on Human Factors in Computing Systems";"The nature of human and computer interactions are inherently multimodal, which has led to substantial interest in building interpretable, interactive, and reliable multimodal interfaces. However, modern multimodal models and interfaces are typically black-box neural networks, which makes it challenging to understand their internal mechanics. How can we visualize their internal workings in order to empower stakeholders to visualize model behavior, perform model debugging, and promote trust in these models? Our paper proposes MultiViz, a method for analyzing the behavior of multimodal models via 4 stages: (1) unimodal importance, (2) cross-modal interactions, (3) multimodal representations and (4) multimodal prediction. MultiViz includes modular visualization tools for each stage before combining outputs from all stages through an interactive and human-in-the-loop API. Through user studies with 21 participants on 8 trained models across 6 real-world tasks, we show that the complementary stages in MultiViz together enable users to (1) simulate model predictions, (2) assign interpretable concepts to features, (3) perform error analysis on model misclassifications, and (4) use insights from error analysis to debug models. MultiViz is publicly available at https://github.com/pliang279/MultiViz, will be regularly updated with new visualization tools and metrics, and welcomes input from the community1.";"direct";"MultiViz: Towards User-Centric Visualizations and Interpretations of Multimodal Models";"Understanding and Desiderata";"Objective and Subjective";"Med";FALSE;FALSE;NA;NA;FALSE;FALSE;NA;FALSE;TRUE;"2021 and after";"15";"students (NA),other (STEM degree)";"FS,SC"
"10.1145/3313831.3376590";2020;"CHI '20: Proceedings of the 2020 CHI Conference on Human Factors in Computing Systems";"A surge of interest in explainable AI (XAI) has led to a vast collection of algorithmic work on the topic. While many recognize the necessity to incorporate explainability features in AI systems, how to address real-world user needs for understanding AI remains an open question. By interviewing 20 UX and design practitioners working on various AI products, we seek to identify gaps between the current XAI algorithmic work and practices to create explainable AI products. To do so, we develop an algorithm-informed XAI question bank in which user needs for explainability are represented as prototypical questions users might ask about the AI, and use it as a study probe. Our work contributes insights into the design space of XAI, informs efforts to support design practices in this space, and identifies opportunities for future XAI work. We also provide an extended XAI question bank and discuss how it can be used for creating user-centered XAI.";"indirect";"Questioning the AI: Informing Design Practices for Explainable AI User Experiences";NA;NA;NA;NA;NA;NA;NA;NA;NA;NA;NA;NA;NA;"20";"other (UX professionals and designers)";"SS,SC"
NA;2022;"Proceedings of the AAAI Conference on Human Computation and Crowdsourcing";"Recent years have seen a surge of interest in the field of explainable AI (XAI), with a plethora of algorithms proposed in the literature. However, a lack of consensus on how to evaluate XAI hinders the advancement of the field. We highlight that XAI is not a monolithic set of technologies---researchers and practitioners have begun to leverage XAI algorithms to build XAI systems that serve different usage contexts, such as model debugging and decision-support. Algorithmic research of XAI, however, often does not account for these diverse downstream usage contexts, resulting in limited effectiveness or even unintended consequences for actual users, as well as difficulties for practitioners to make technical choices. We argue that one way to close the gap is to develop evaluation methods that account for different user requirements in these usage contexts. Towards this goal, we introduce a perspective of contextualized XAI evaluation by considering the relative importance of XAI evaluation criteria for prototypical usage contexts of XAI. To explore the context dependency of XAI evaluation criteria, we conduct two survey studies, one with XAI topical experts and another with crowd workers. Our results urge for responsible AI research with usage-informed evaluation practices, and provide a nuanced understanding of user requirements for XAI in different usage contexts.";"indirect";"Connecting Algorithmic Research and Usage Contexts: A Perspective of Contextualized Evaluation for Explainable AI";NA;NA;NA;NA;NA;NA;NA;NA;NA;NA;NA;NA;NA;"35,37";"AI experts (NA),crowdsourcing (AMT)";"SS"
"10.1145/1518701.1519023";2009;"CHI '09: Proceedings of the SIGCHI Conference on Human Factors in Computing Systems";"Context-aware intelligent systems employ implicit inputs, and make decisions based on complex rules and machine learning models that are rarely clear to users. Such lack of system intelligibility can lead to loss of user trust, satisfaction and acceptance of these systems. However, automatically providing explanations about a system's decision process can help mitigate this problem. In this paper we present results from a controlled study with over 200 participants in which the effectiveness of different types of explanations was examined. Participants were shown examples of a system's operation along with various automatically generated explanations, and then tested on their understanding of the system. We show, for example, that explanations describing why the system behaved a certain way resulted in better understanding and stronger feelings of trust. Explanations describing why the system did not behave a certain way, resulted in lower understanding yet adequate performance. We discuss implications for the use of our findings in real-world context-aware applications.";"indirect";"<i>Why and why not</i> explanations improve the intelligibility of context-aware intelligent systems";"Understanding";"Objective and Subjective";"No";TRUE;FALSE;FALSE;TRUE;TRUE;FALSE;FALSE;NA;FALSE;"up to 2020";"158";"crowdsourcing (AMT)";"FS,TA,SC"
NA;2012;"ProQuest LLC eBooks, Doctoral Thesis";"To facilitate everyday activities, context-aware applications use sensors to detect what is happening and use increasingly complex mechanisms ( e.g., by using big rule-sets or machine learning) to infer the user's context and intent. For example, a mobile application can recognize that the user is in a conversation and suppress any incoming calls. When the application works well, this implicit sensing and complex inference remain invisible. However, when it behaves inappropriately or unexpectedly, users may not understand its behavior. This can lead users to mistrust, misuse, or even abandon it. To counter this lack of understanding and loss of trust, context-aware applications should be intelligible, capable of explaining their behavior.  We investigate providing intelligibility in context-aware applications and evaluate its usefulness to improve user understanding and trust in context-aware applications. Specifically, this thesis supports intelligibility in context-aware applications through the provision of explanations that answer different question types, such as: Why did it do X? Why did it not do Y? What if I did W, What will it do? How can I get the application to do Y?  This thesis takes a three-pronged approach to investigating intelligibility by (i) eliciting the user requirements for intelligibility, to identify what explanation types end-users are interested in asking context-aware applications, (ii) supporting the development of intelligible context-aware applications with a software toolkit and the design of these applications with design and usability recommendations, and (iii) evaluating the impact of intelligibility on user understanding and trust under various situations and application reliability, and measuring how users use an interactive intelligible prototype. We show that users are willing to use well-designed intelligibility features, and this can improve user understanding and trust in the adaptive behavior of context-aware applications.";"indirect";"Improving Understanding and Trust With Intelligibility in Context-Aware Applications";NA;NA;NA;NA;NA;NA;NA;NA;NA;NA;NA;NA;NA;"584";"crowdsourcing (AMT)";"SS,SC"
"10.1145/3411764.3445260";2021;"CHI '21: Proceedings of the 2021 CHI Conference on Human Factors in Computing Systems";"How to attribute responsibility for autonomous artificial intelligence (AI) systems' actions has been widely debated across the humanities and social science disciplines. This work presents two experiments ($N$=200 each) that measure people's perceptions of eight different notions of moral responsibility concerning AI and human agents in the context of bail decision-making. Using real-life adapted vignettes, our experiments show that AI agents are held causally responsible and blamed similarly to human agents for an identical task. However, there was a meaningful difference in how people perceived these agents' moral responsibility; human agents were ascribed to a higher degree of present-looking and forward-looking notions of responsibility than AI agents. We also found that people expect both AI and human decision-makers and advisors to justify their decisions regardless of their nature. We discuss policy and HCI implications of these findings, such as the need for explainable AI in high-stakes scenarios.";"indirect";"Human Perceptions on Moral Responsibility of AI: A Case Study in AI-Assisted Bail Decision-Making";NA;NA;NA;NA;NA;NA;NA;NA;NA;NA;NA;NA;NA;"200";"crowdsourcing (Prolific)";"SS,SC"
"10.1145/1620545.1620576";2009;"UbiComp '09: Proceedings of the 11th international conference on Ubiquitous computing";"Intelligibility can help expose the inner workings and inputs of context-aware applications that tend to be opaque to users due to their implicit sensing and actions. However, users may not be interested in all the information that the applications can produce. Using scenarios of four real-world applications that span the design space of context-aware computing, we conducted two experiments to discover what information users are interested in. In the first experiment, we elicit types of information demands that users have and under what moderating circumstances they have them. In the second experiment, we verify the findings by soliciting users about which types they would want to know and establish whether receiving such information would satisfy them. We discuss why users demand certain types of information, and provide design implications on how to provide different intelligibility types to make context-aware applications intelligible and acceptable to users.";"indirect";"Assessing demand for intelligibility in context-aware applications";NA;NA;NA;NA;NA;NA;NA;NA;NA;NA;NA;NA;NA;"250";"crowdsourcing (AMT)";"SS"
"10.1109/VAST.2014.7042494";2014;"IEEE Conference on Visual Analytics Science and Technology (VAST)";"We present a visual analytics approach to developing a full picture of relevant topics discussed in multiple sources such as news, blogs, or micro-blogs. The full picture consists of a number of common topics among multiple sources as well as distinctive topics. The key idea behind our approach is to jointly match the topics extracted from each source together in order to interactively and effectively analyze common and distinctive topics. We start by modeling each textual corpus as a topic graph. These graphs are then matched together with a consistent graph matching method. Next, we develop an LOD-based visualization for better understanding and analysis of the matched graph. The major feature of this visualization is that it combines a radially stacked tree visualization with a density-based graph visualization to facilitate the examination of the matched topic graph from multiple perspectives. To compensate for the deficiency of the graph matching algorithm and meet different users' needs, we allow users to interactively modify the graph matching result. We have applied our approach to various data including news, tweets, and blog data. Qualitative evaluation and a real-world case study with domain experts demonstrate the promise of our approach, especially in support of analyzing a topic-graph-based full picture at different levels of detail.";"indirect";"TopicPanorama: A full picture of relevant topics";NA;NA;NA;NA;NA;NA;NA;NA;NA;NA;NA;NA;NA;"6";"domain experts (PR professionals)";"SS"
"10.1109/TVCG.2015.2467554";2016;"IEEE Transactions on Visualization and Computer Graphics";"Although there has been a great deal of interest in analyzing customer opinions and breaking news in microblogs, progress has been hampered by the lack of an effective mechanism to discover and retrieve data of interest from microblogs. To address this problem, we have developed an uncertainty-aware visual analytics approach to retrieve salient posts, users, and hashtags. We extend an existing ranking technique to compute a multifaceted retrieval result: the mutual reinforcement rank of a graph node, the uncertainty of each rank, and the propagation of uncertainty among different graph nodes. To illustrate the three facets, we have also designed a composite visualization with three visual components: a graph visualization, an uncertainty glyph, and a flow map. The graph visualization with glyphs, the flow map, and the uncertainty analysis together enable analysts to effectively find the most uncertain results and interactively refine them. We have applied our approach to several Twitter datasets. Qualitative evaluation and two real-world case studies demonstrate the promise of our approach for retrieving high-quality microblog data.";"indirect";"An Uncertainty-Aware Approach for Exploratory Microblog Retrieval";NA;NA;NA;NA;NA;NA;NA;NA;NA;NA;NA;NA;NA;"2";"domain experts (sociology),domain experts (media and communications researchers)";"SS"
"10.1109/TVCG.2016.2598831";2017;"IEEE Transactions on Visualization and Computer Graphics";"Deep convolutional neural networks (CNNs) have achieved breakthrough performance in many pattern recognition tasks such as image classification. However, the development of high-quality deep models typically relies on a substantial amount of trial-and-error, as there is still no clear understanding of when and why a deep model works. In this paper, we present a visual analytics approach for better understanding, diagnosing, and refining deep CNNs. We formulate a deep CNN as a directed acyclic graph. Based on this formulation, a hybrid visualization is developed to disclose the multiple facets of each neuron and the interactions between them. In particular, we introduce a hierarchical rectangle packing algorithm and a matrix reordering algorithm to show the derived features of a neuron cluster. We also propose a biclustering-based edge bundling method to reduce visual clutter caused by a large number of connections between neurons. We evaluated our method on a set of CNNs and the results are generally favorable.";"indirect";"Towards Better Analysis of Deep Convolutional Neural Networks";NA;NA;NA;NA;NA;NA;NA;NA;NA;NA;NA;NA;NA;"3";"domain experts (deep learning experts)";"SS"
"10.1109/TVCG.2017.2744938";2018;"IEEE Transactions on Visualization and Computer Graphics";"Among the many types of deep models, deep generative models (DGMs) provide a solution to the important problem of unsupervised and semi-supervised learning. However, training DGMs requires more skill, experience, and know-how because their training is more complex than other types of deep models such as convolutional neural networks (CNNs). We develop a visual analytics approach for better understanding and diagnosing the training process of a DGM. To help experts understand the overall training process, we first extract a large amount of time series data that represents training dynamics (e.g., activation changes over time). A blue-noise polyline sampling scheme is then introduced to select time series samples, which can both preserve outliers and reduce visual clutter. To further investigate the root cause of a failed training process, we propose a credit assignment algorithm that indicates how other neurons contribute to the output of the neuron causing the training failure. Two case studies are conducted with machine learning experts to demonstrate how our approach helps understand and diagnose the training processes of DGMs. We also show how our approach can be directly used to analyze other types of deep models, such as CNNs.";"indirect";"Analyzing the Training Processes of Deep Generative Models";NA;NA;NA;NA;NA;NA;NA;NA;NA;NA;NA;NA;NA;"20";"domain experts (ML experts)";"SS"
"10.1109/TVCG.2018.2865230";2019;"IEEE Transactions on Visualization and Computer Graphics";"With the recent advances in deep learning, neural network models have obtained state-of-the-art performances for many linguistic tasks in natural language processing. However, this rapid progress also brings enormous challenges. The opaque nature of a neural network model leads to hard-to-debug-systems and difficult-to-interpret mechanisms. Here, we introduce a visualization system that, through a tight yet flexible integration between visualization elements and the underlying model, allows a user to interrogate the model by perturbing the input, internal state, and prediction while observing changes in other parts of the pipeline. We use the natural language inference problem as an example to illustrate how a perturbation-driven paradigm can help domain experts assess the potential limitation of a model, probe its inner states, and interpret and form hypotheses about fundamental model mechanisms such as attention.";"indirect";"NLIZE: A Perturbation-Driven Visual Interrogation Tool for Analyzing and Interpreting Natural Language Inference Models";NA;NA;NA;NA;NA;NA;NA;NA;NA;NA;NA;NA;NA;"9";"students (NA)";"SS"
"10.1145/3479552";2021;"Proceedings of the ACM on Human-Computer Interaction";"Although AI holds promise for improving human decision making in societally critical domains, it remains an open question how human-AI teams can reliably outperform AI alone and human alone in challenging prediction tasks (also known as complementary performance). We explore two directions to understand the gaps in achieving complementary performance. First, we argue that the typical experimental setup limits the potential of human-AI teams. To account for lower AI performance out-of-distribution than in-distribution because of distribution shift, we design experiments with different distribution types and investigate human performance for both in-distribution and out-of-distribution examples. Second, we develop novel interfaces to support interactive explanations so that humans can actively engage with AI assistance. Using virtual pilot studies and large-scale randomized experiments across three tasks, we demonstrate a clear difference between in-distribution and out-of-distribution, and observe mixed results for interactive explanations: while interactive explanations improve human perception of AI assistance's usefulness, they may reinforce human biases and lead to limited performance improvement. Overall, our work points out critical challenges and future directions towards enhancing human performance with AI assistance.";"indirect";"Understanding the Effect of Out-of-distribution Examples and Interactive Explanations on Human-AI Decision Making";NA;NA;NA;NA;NA;NA;NA;NA;NA;NA;NA;NA;NA;"15";"students (NA),researchers (NA),administrative staff (NA)";"FS,SC,SS"
NA;2021;"NIPS '21: Proceedings of the 35th International Conference on Neural Information Processing Systems";"Interpreting Deep Reinforcement Learning (DRL) models is important to enhance trust and comply with transparency regulations. Existing methods typically explain a DRL model by visualizing the importance of low-level input features with super-pixels, attentions, or saliency maps. Our approach provides an interpretation based on high-level latent object features derived from a disentangled representation. We propose a Represent And Mimic (RAMi) framework for training 1) an identifiable latent representation to capture the independent factors of variation for the objects and 2) a mimic tree that extracts the causal impact of the latent features on DRL action values. To jointly optimize both the fidelity and the simplicity of a mimic tree, we derive a novel Minimum Description Length (MDL) objective based on the Information Bottleneck (IB) principle. Based on this objective, we describe a Monte Carlo Regression Tree Search (MCRTS) algorithm that explores different splits to find the IB-optimal mimic tree. Experiments show that our mimic tree achieves strong approximation performance with significantly fewer nodes than baseline models. We demonstrate the interpretability of our mimic tree by showing latent traversals, decision rules, causal impacts, and human evaluation results.";"top 4";"Learning Tree Interpretation from Object Representation for Deep Reinforcement Learning";"Understanding";"Subjective";"Med";TRUE;FALSE;NA;NA;FALSE;FALSE;NA;FALSE;FALSE;"top 4";"12";"students (NA)";"SS,SC"
"10.2139/ssrn.3503603";2019;"SSRN Electronic Journal";"Machine learning algorithms have gained widespread usage across a variety of domains, both in providing predictions to expert users and recommending decisions to everyday users. However, these AI systems are often black boxes, and end-users are rarely provided with an explanation of the algorithmic output, which could lead to a significant loss of trust and willingness to use. The critical need for explanation and justification by AI systems has led to calls for algorithmic transparency, including the right to explanation in the EU General Data Protection Regulation (GDPR), which requires many companies to provide a meaningful explanation to involved parties. These initiatives all presuppose that we know what constitutes a meaningful or good explanation, but there has been limited research on this question in the context of AI systems. In this paper, we (1) develop a generalizable framework grounded in philosophy, psychology, and interpretable machine learning to investigate and define characteristics of good explanation, and (2) conduct a large-scale lab experiment to measure the impact of different factors on perceptions of understanding, fairness, and trust within a loan application context. The framework and study together form a concrete guide for managers to present algorithmic prediction rationales to end-users to foster trust and adoption. They also highlight elements of explanation to be considered by AI researchers and engineers in designing, developing, and deploying explainable machine learning algorithms.";"indirect";"Good Explanation for Algorithmic Transparency";NA;NA;NA;NA;NA;NA;NA;NA;NA;NA;NA;NA;NA;"1205";"crowdsourcing (AMT)";"SS,SC"
"10.1145/3411764.3445562";2021;"CHI '21: Proceedings of the 2021 CHI Conference on Human Factors in Computing Systems";"This paper addresses an under-explored problem of AI-assisted decision-making: when objective performance information of the machine learning model underlying a decision aid is absent or scarce, how do people decide their reliance on the model? Through three randomized experiments, we explore the heuristics people may use to adjust their reliance on machine learning models when performance feedback is limited. We find that the level of agreement between people and a model on decision-making tasks that people have high confidence in significantly affects reliance on the model if people receive no information about the model’s performance, but this impact will change after aggregate-level model performance information becomes available. Furthermore, the influence of high confidence human-model agreement on people’s reliance on a model is moderated by people’s confidence in cases where they disagree with the model. We discuss potential risks of these heuristics, and provide design implications on promoting appropriate reliance on AI.";"indirect";"Human Reliance on Machine Learning Models When Performance Feedback is Limited: Heuristics and Risks";"Understanding";"Objective";"No";FALSE;FALSE;TRUE;FALSE;TRUE;FALSE;NA;FALSE;TRUE;"2021 and after";"301";"crowdsourcing (AMT)";"FS,SS"
"10.1145/3351095.3372824";2020;"FAT* '20: Proceedings of the 2020 Conference on Fairness, Accountability, and Transparency";"In various business settings, there is an interest in using more complex machine learning techniques for sales forecasting. It is difficult to convince analysts, along with their superiors, to adopt these techniques since the models are considered to be black boxes, even if they perform better than current models in use. We examine the impact of contrastive explanations about large errors on users' attitudes towards a black-box' model. We propose an algorithm, Monte Carlo Bounds for Reasonable Predictions. Given a large error, MC-BRP determines (1) feature values that would result in a reasonable prediction, and (2) general trends between each feature and the target, both based on Monte Carlo simulations. We evaluate on a real dataset with real users by conducting a user study with 75 participants to determine if explanations generated by MC-BRP help users understand why a prediction results in a large error, and if this promotes trust in an automatically-learned model. Our study shows that users are able to answer objective questions about the model's predictions with overall 81.1% accuracy when provided with these contrastive explanations. We show that users who saw MC-BRP explanations understand why the model makes large errors in predictions significantly more than users in the control group. We also conduct an in-depth analysis on the difference in attitudes between Practitioners and Researchers, and confirm that our results hold when conditioning on the users' background.";"indirect";"Why does my model fail?";NA;NA;NA;NA;NA;NA;NA;NA;NA;NA;NA;NA;NA;"75";"domain experts (Ahold Delhaize employees),students (NA)";"FS,SS"
NA;2017;"NIPS '17: Proceedings of the 31st International Conference on Neural Information Processing Systems";"Understanding why a model makes a certain prediction can be as crucial as the prediction's accuracy in many applications. However, the highest accuracy for large modern datasets is often achieved by complex models that even experts struggle to interpret, such as ensemble or deep learning models, creating a tension between accuracy and interpretability. In response, various methods have recently been proposed to help users interpret the predictions of complex models, but it is often unclear how these methods are related and when one method is preferable over another. To address this problem, we present a unified framework for interpreting predictions, SHAP (SHapley Additive exPlanations). SHAP assigns each feature an importance value for a particular prediction. Its novel components include: (1) the identification of a new class of additive feature importance measures, and (2) theoretical results showing there is a unique solution in this class with a set of desirable properties. The new class unifies six existing methods, notable because several recent methods in the class lack the proposed desirable properties. Based on insights from this unification, we present new methods that show improved computational performance and/or better consistency with human intuition than previous approaches.";"indirect";"A unified approach to interpreting model predictions";NA;NA;NA;NA;NA;NA;NA;NA;NA;NA;NA;NA;NA;"NA";"not stated (NA)";"FS,SC"
"https://doi.org/10.1609/aaai.v37i7.26081";2023;"AAAI'23/IAAI'23/EAAI'23: Proceedings of the Thirty-Seventh AAAI Conference on Artificial Intelligence and Thirty-Fifth Conference on Innovative Applications of Artificial Intelligence and Thirteenth Symposium on Educational Advances in Artificial Intelligence";"Many works in explainable AI have focused on explaining black-box classification models. Explaining deep reinforcement learning (RL) policies in a manner that could be understood by domain users has received much less attention. In this paper, we propose a novel perspective to understanding RL policies based on identifying important states from automatically learned meta-states. The key conceptual difference between our approach and many previous ones is that we form meta-states based on locality governed by the expert policy dynamics rather than based on similarity of actions, and that we do not assume any particular knowledge of the underlying topology of the state space. Theoretically, we show that our algorithm to find meta-states converges and the objective that selects important states from each meta-state is submodular leading to efficient high quality greedy selection. Experiments on four domains (four rooms, door-key, minipacman, and pong) and a carefully conducted user study illustrate that our perspective leads to better understanding of the policy. We conjecture that this is a result of our meta-states being more intuitive in that the corresponding important states are strong indicators of tractable intermediate goals that are easier for humans to interpret and follow.";"top 4";"Local Explanations for Reinforcement Learning";"Understanding";"Objective";"Low";FALSE;FALSE;NA;NA;FALSE;FALSE;NA;FALSE;FALSE;"top 4";"37";"other (quantitative/technical backgrounds)";"FS"
"10.1109/TVCG.2019.2934631";2020;"IEEE Transactions on Visualization and Computer Graphics";"Machine learning models are currently being deployed in a variety of real-world applications where model predictions are used to make decisions about healthcare, bank loans, and numerous other critical tasks. As the deployment of artificial intelligence technologies becomes ubiquitous, it is unsurprising that adversaries have begun developing methods to manipulate machine learning models to their advantage. While the visual analytics community has developed methods for opening the black box of machine learning models, little work has focused on helping the user understand their model vulnerabilities in the context of adversarial attacks. In this paper, we present a visual analytics framework for explaining and exploring model vulnerabilities to adversarial attacks. Our framework employs a multi-faceted visualization scheme designed to support the analysis of data poisoning attacks from the perspective of models, data instances, features, and local structures. We demonstrate our framework through two case studies on binary classifiers and illustrate model vulnerabilities with respect to varying attack strategies.";"indirect";"Explaining Vulnerabilities to Adversarial Machine Learning through Visual Analytics";NA;NA;NA;NA;NA;NA;NA;NA;NA;NA;NA;NA;NA;"4";"AI experts (NA)";"SS"
NA;2019;"AAMAS '19: Proceedings of the 18th International Conference on Autonomous Agents and MultiAgent Systems";"Explainable Artificial Intelligence (XAI) systems need to include an explanation model to communicate the internal decisions, behaviours and actions to the interacting humans. Successful explanation involves both cognitive and social processes. In this paper we focus on the challenge of meaningful interaction between an explainer and an explainee and investigate the structural aspects of an interactive explanation to propose an interaction protocol. We follow a bottom-up approach to derive the model by analysing transcripts of different explanation dialogue types with 398 explanation dialogues. We use grounded theory to code and identify key components of an explanation dialogue. We formalize the model using the agent dialogue framework (ADF) as a new dialogue type and then evaluate it in a human-agent interaction study with 101 dialogues from 14 participants. Our results show that the proposed model can closely follow the explanation dialogues of human-agent conversations.";"direct";"A Grounded Interaction Protocol for Explainable Artificial Intelligence";"Desiderata";"Subjective";"Low";FALSE;FALSE;NA;NA;FALSE;FALSE;NA;FALSE;FALSE;"up to 2020";"14";"students (NA),researchers (NA),administrative staff (NA)";"SS"
"10.1007/978-3-030-51924-7_8";2020;"Explainable, Transparent Autonomous Agents and Multi-Agent Systems (EXTRAAMAS) Lecture Notes in Computer Science";"As autonomous agents become more self-governing, ubiquitous and sophisticated, it is vital that humans should have effective interactions with them. Agents often use Machine Learning (ML) for acquiring expertise, but traditional ML methods produce opaque results which are difficult to interpret. Hence, these autonomous agents should be able to explain their behaviour and decisions before they can be trusted by humans. This paper focuses on analyzing the human understanding of the explainable agents behaviour. It conducts a preliminary human-agent interaction study to investigate the effect of explanations on the introduced bias in human-agent decision making for the human participants. We test the hypothesis where different explanation types are used to detect the bias introduced in the autonomous agents decisions. We present three user groups: Agents without explanation, and explainable agents using two different algorithms which automatically generate different explanations for agent actions. Quantitative analysis of three user groups (n = 20, 25, 20) in which users detect the bias in agents' decisions for each explanation type for 15 test data cases is conducted for three different explanations types. Although the interaction study does not give significant findings, but it shows the notable differences between the explanation based recommendations and non-XAI recommendations in human-agent decision making.";"direct";"Explainable Agents for Less Bias in Human-Agent Decision Making";NA;NA;NA;NA;NA;NA;NA;NA;NA;NA;NA;NA;NA;"65";"students (NA),researchers (NA),administrative staff (NA)";"FS,SC,SS"
"10.1145/3468264.3468547";2021;"ESEC/FSE 2021: Proceedings of the 29th ACM Joint Meeting on European Software Engineering Conference and Symposium on the Foundations of Software Engineering";"Artificial intelligence and deep learning are becoming increasingly prevalent in contemporary software solutions. Explainable artificial intelligence (XAI) tools attempt to address the black box nature of the deep learning models and make them more understandable to humans. In this work, we apply three state-of-the-art XAI tools in a real-world case study. Our study focuses on predicting combined sewer overflow events for a municipal wastewater treatment organization. Through a data driven inquiry, we collect both qualitative information via stakeholder interviews and quantitative measures. These help us assess the predictive accuracy of the XAI tools, as well as the simplicity, soundness, and insightfulness of the produced explanations. Our results not only show the varying degrees that the XAI tools meet the requirements, but also highlight that domain experts can draw new insights from complex explanations that may differ from their previous expectations.";"indirect";"XAI tools in the public sector: a case study on predicting combined sewer overflows";NA;NA;NA;NA;NA;NA;NA;NA;NA;NA;NA;NA;NA;"2";"domain experts (sewerage)";"FS,SC,SS"
"10.1145/3626705.3627796";2023;"MUM '23: Proceedings of the 22nd International Conference on Mobile and Ubiquitous Multimedia";"Although automated driving is becoming a more widespread technology, there is still a lack of understanding about how to best communicate information to drivers in the specific situation of automated parking. This mixed-method user study aimed to address this gap by evaluating the preferences of users for information about the vehicle's behavior in automated parking and the impact on user experience and situation awareness. An explainable concept displayed as augmented visualizations in the vehicle's windshield was prototyped and evaluated in a driving simulation study and a qualitative interview. N = 25 participants provided insights into the development of more effective and user-centered interface designs for automated parking. As a result, the explainable concept was preferred by the participants and led to a higher user experience and explainability. This work contributes to the design and evaluation of future automated parking systems and provides a step towards more user-friendly automated driving experiences.";"direct";"Explainability in Automated Parking: The Effect of Augmented Reality Visualizations on User Experience and Situation Awareness";NA;NA;NA;NA;NA;NA;NA;NA;NA;NA;NA;NA;NA;"25";"students (NA),other (field of technology and science)";"SS"
"10.1016/j.csl.2023.101483";2023;"Computer Speech & Language";"We consider the influence of two types of contextual information, background information available to users and users’ goals, on users’ views and preferences regarding textual explanations generated for the outcomes predicted by Decision Trees (DTs). To investigate the influence of background information, we generate contrastive explanations that address potential conflicts between aspects of DT predictions and plausible expectations licensed by background information. We define four types of conflicts, operationalize their identification, and specify explanatory schemas that address them. To investigate the influence of users’ goals, we employ an interactive setting where given a goal and an initial explanation for a predicted outcome, users select follow-up questions, and assess the explanations that answer these questions. Here, we offer algorithms to generate explanations that address six types of follow-up questions. The main result from both user studies is that explanations which have a contrastive aspect about a predicted class are generally preferred by users. In addition, the results from the first study indicate that these explanations are deemed especially valuable when users expectations differ from predicted outcomes; and the results from the second study indicate that contrastive explanations which describe how to change a predicted outcome are particularly well regarded in terms of helping users achieve this goal, and they are also popular in terms of helping users achieve other goals.";"direct";"Influence of context on users’ views about explanations for decision-tree predictions";NA;NA;NA;NA;NA;NA;NA;NA;NA;NA;NA;NA;NA;"116,109";"crowdsourcing (CloudResearch),crowdsourcing (SONA)";"SC,FS"
"10.1109/ICRA48891.2023.10160839";2023;"IEEE International Conference on Robotics and Automation (ICRA)";"In this paper, we investigated how shared experience-based counterfactual explanations affected people's performance and robots' persuasiveness during a decision-making task in a social HRI context. We used the Connect 4 game as a complex decision-making task where participants and the robot had to play as a team against the computer. We compared two strategies of explanation generation (classical vs shared experience-based) and investigated their differences in terms of team performance, the robot's persuasive power, and participants' perception of the robot and self. Our results showed that the two explanation strategies led to comparable performances. Moreover, shared experience-based explanations - based on the team's previous games - gave higher persuasiveness to the robot's suggestions than classical ones. Finally, we noted that low-performers tend to follow the robot more than high-performers, providing insights into the potential danger for non-expert users interacting with expert explainable robots.";"direct";"Ex(plainable) Machina: how social-implicit XAI affects complex human-robot teaming tasks";NA;NA;NA;NA;NA;NA;NA;NA;NA;NA;NA;NA;NA;"22";"not stated (NA)";"SS"
"10.1145/3581641.3584048";2023;"IUI '23: Proceedings of the 28th International Conference on Intelligent User Interfaces";"AI-driven Action Quality Assessment (AQA) of sports videos can mimic Olympic judges to help score performances as a second opinion or for training. However, these AI methods are uninterpretable and do not justify their scores, which is important for algorithmic accountability. Indeed, to account for their decisions, instead of scoring subjectively, sports judges use a consistent set of criteria — rubric — on multiple actions in each performance sequence. Therefore, we propose IRIS to perform Interpretable Rubric-Informed Segmentation on action sequences for AQA. We investigated IRIS for scoring videos of figure skating performance. IRIS predicts (1) action segments, (2) technical element score differences of each segment relative to base scores, (3) multiple program component scores, and (4) the summed final score. In a modeling study, we found that IRIS performs better than non-interpretable, state-of-the-art models. In a formative user study, practicing figure skaters agreed with the rubric-informed explanations, found them useful, and trusted AI judgments more. This work highlights the importance of using judgment rubrics to account for AI decisions.";"direct";"IRIS: Interpretable Rubric-Informed Segmentation for Action Quality Assessment";NA;NA;NA;NA;NA;NA;NA;NA;NA;NA;NA;NA;NA;"10";"domain experts (figure skaters)";"SC,SS,FS"
"10.1007/978-3-030-85613-7_23";2021;"Human-Computer Interaction (INTERACT) Lecture Notes in Computer Science";"In the selection of products or services, overviewing the list of options to identify the most promising ones is key to decision-making. However, current models for the justification of recommender systems results poorly support this task because, as they exclusively focus on item properties, they generate detailed justifications that are lengthy to skim. Moreover, they overlook the existence of a complex item fruition process which can impact customer satisfaction as well. For instance, consumer feedback shows that relevant factors in home booking include both the properties of apartments, and previous customers’ perceptions of the interaction with the personnel who manages the homes. To address this issue, we propose a visual model that exploits an explicit representation of the service underlying item fruition to generate a high-level, holistic summary of previous consumers’ opinions about the suggested items. From this overview, the user can identify the relevant items and retrieve detailed information about them, in a selective way, thus reducing information load. Our model is instantiated on the Airbnb experiences domain and uses the Service Blueprints to identify evaluation dimensions for the incremental presentation of data about items. A preliminary user study has shown that our model supports user awareness about items by enabling people to quickly filter out the unsuitable recommendations, so that they can analyze in detail the most relevant options.";"direct";"Service-Oriented Justification of Recommender System Suggestions";NA;NA;NA;NA;NA;NA;NA;NA;NA;NA;NA;NA;NA;"11";"not stated (NA)";"SC"
"10.1016/j.ins.2024.120159";2024;"Information Sciences";"Providing interpretability of deep-learning models to non-experts, while fundamental for a responsible real-world usage, is challenging. Attribution maps from xAI techniques, such as Integrated Gradients, are a typical example of a visualization technique containing a high level of information, but with difficult interpretation. In this paper, we propose two methods, Maximum Activation Groups Extraction (MAGE) and Multiscale Interpretable Visualization (Ms-IV), to explain the model's decision, enhancing global interpretability. MAGE finds, for a given CNN, combinations of features which, globally, form a semantic meaning, that we call concepts. We group these similar feature patterns by clustering in concepts, that we visualize through Ms-IV. This last method is inspired by Occlusion and Sensitivity analysis (incorporating causality) and uses a novel metric, called Class-aware Order Correlation (CAOC), to globally evaluate the most important image regions according to the model's decision space. We compare our approach to xAI methods such as LIME and Integrated Gradients. Experimental results evince the Ms-IV higher localization and faithfulness values. Finally, qualitative evaluation of combined MAGE and Ms-IV demonstrates humans' ability to agree, based on the visualization, with the decision of clusters' concepts; and, to detect, among a given set of networks, the existence of bias.";"indirect";"Unsupervised discovery of interpretable visual concepts";NA;NA;NA;NA;NA;NA;NA;NA;NA;NA;NA;NA;NA;"24";"students (NA),other (IT professionals)";"SS,SC"
NA;2020;"arXiv";"As machine learning (ML) models are increasingly being employed to assist human decision makers, it becomes critical to provide these decision makers with relevant inputs which can help them decide if and how to incorporate model predictions into their decision making. For instance, communicating the uncertainty associated with model predictions could potentially be helpful in this regard. In this work, we carry out user studies (1,330 responses from 190 participants) to systematically assess how people with differing levels of expertise respond to different types of predictive uncertainty (i.e., posterior predictive distributions with different shapes and variances) in the context of ML assisted decision making for predicting apartment rental prices. We found that showing posterior predictive distributions led to smaller disagreements with the ML model’s predictions, regardless of the shapes and variances of the posterior predictive distributions we considered, and that these effects may be sensitive to expertise in both ML and the domain. This suggests that posterior predictive distributions can potentially serve as useful decision aids which should be used with caution and take into account the type of distribution and the expertise of the human.";"indirect";"When Does Uncertainty Matter?: Understanding the Impact of Predictive Uncertainty in ML Assisted Decision Making";"Understanding";"Objective";"Low";TRUE;FALSE;FALSE;FALSE;TRUE;FALSE;NA;NA;TRUE;"up to 2020";"190";"crowdsourcing (Prolific),students (NA),researchers (NA),administrative staff (NA)";"FS,SS,SC"
"10.1145/1985347.1985353";2011;"ACM Transactions on Management Information Systems";"Trust plays an important role in many Information Systems (IS)-enabled situations. Most IS research employs trust as a measure of interpersonal or person-to-firm relations, such as trust in a Web vendor or a virtual team member. Although trust in other people is important, this article suggests that trust in the Information Technology (IT) itself also plays a role in shaping IT-related beliefs and behavior. To advance trust and technology research, this article presents a set of trust in technology construct definitions and measures. We also empirically examine these construct measures using tests of convergent, discriminant, and nomological validity. This study contributes to the literature by providing: (a) a framework that differentiates trust in technology from trust in people, (b) a theory-based set of definitions necessary for investigating different kinds of trust in technology, and (c) validated trust in technology measures useful to research and practice.";"indirect";"Trust in a specific technology";NA;NA;NA;NA;NA;NA;NA;NA;NA;NA;NA;NA;NA;"376";"students (NA)";"SS"
"10.1007/978-3-030-22871-2_67";2019;"Intelligent Computing (CompCom) Advances in Intelligent Systems and Computing";"The need for explainability of AI algorithms has been identified in the literature for some time now. However, recently became even more important due to new data protection act rules (GDPR 2018) and due to the requirements for wider applicability of AI to several application areas. BT's autonomics team has recognized this through several sources and identified the vitality of AI algorithms explainability to ensure their adoption and commercialization. In this paper, we designed and developed a system providing explanations for a prediction of patient readmittance using machine learning. The requirements and the evaluation were set by BT through their projects with real-customers in the medical domain. A logistic regression machine learning algorithm was implemented with explainability hooks embedded in its code and the corresponding interfaces to the users of the system were implemented through a web interface. Python-based technologies were utilized for the implementation of the algorithm (Scikit-learn) and the web interface (web2py), and the system was evaluated through thorough testing and feedback. Initial trade-off analysis of such an approach that presents the overhead introduced by adding explainability versus the benefits was performed. Lastly, conclusions and future work are presented, considering experimentation with more algorithms and application of software engineering methods such as abstraction to the aid of explainable AI, leading further along to explainability by design.";"indirect";"Towards Explainable AI: Design and Development for Explanation of Machine Learning Predictions for a Patient Readmittance Medical Application";NA;NA;NA;NA;NA;NA;NA;NA;NA;NA;NA;NA;NA;"NA";"domain experts (BT Adastral park data science team)";"SS"
"10.1609/hcomp.v9i1.18938";2021;"Proceedings of the AAAI Conference on Human Computation and Crowdsourcing";"We take inspiration from the study of human explanation to inform the design and evaluation of interpretability methods in machine learning. First, we survey the literature on human explanation in philosophy, cognitive science, and the social sciences, and propose a list of design principles for machine-generated explanations that are meaningful to humans. Using the concept of weight of evidence from information theory, we develop a method for generating explanations that adhere to these principles. We show that this method can be adapted to handle high-dimensional, multi-class settings, yielding a flexible framework for generating explanations. We demonstrate that these explanations can be estimated accurately from finite samples and are robust to small perturbations of the inputs. We also evaluate our method through a qualitative user study with machine learning practitioners, where we observe that the resulting explanations are usable despite some participants struggling with background concepts like prior class probabilities. Finally, we conclude by surfacing design implications for interpretability tools in general.";"indirect";"From Human Explanation to Model Interpretability: A Framework Based on Weight of Evidence";NA;NA;NA;NA;NA;NA;NA;NA;NA;NA;NA;NA;NA;"41";"AI experts (NA)";"SS"
"10.1145/3459990.3460719";2021;"IDC '21: Proceedings of the 20th Annual ACM Interaction Design and Children Conference";"Machine learning systems have become ubiquitous into our society. This has raised concerns about the potential discrimination that these systems might exert due to unconscious bias present in the data, for example regarding gender and race. Whilst this issue has been proposed as an essential subject to be included in the new AI curricula for schools, research has shown that it is a difficult topic to grasp by students. We propose an educational platform tailored to raise the awareness of gender bias in supervised learning, with the novelty of using Grad-CAM as an explainability technique that enables the classifier to visually explain its own predictions. Our study demonstrates that preadolescents (N=78, age 10-14) significantly improve their understanding of the concept of bias in terms of gender discrimination, increasing their ability to recognize biased predictions when they interact with the interpretable model, highlighting its suitability for educational programs.";"indirect";"Using Explainability to Help Children UnderstandGender Bias in AI";NA;NA;NA;NA;NA;NA;NA;NA;NA;NA;NA;NA;NA;"84";"students (NA)";"SS,PH"
"10.1177/0018720812465081";2012;"Human Factors The Journal of the Human Factors and Ergonomics Society";"This study is the first to examine the influence of implicit attitudes toward automation on users' trust in automation.Past empirical work has examined explicit (conscious) influences on user level of trust in automation but has not yet measured implicit influences. We examine concurrent effects of explicit propensity to trust machines and implicit attitudes toward automation on trust in an automated system. We examine differential impacts of each under varying automation performance conditions (clearly good, ambiguous, clearly poor).Participants completed both a self-report measure of propensity to trust and an Implicit Association Test measuring implicit attitude toward automation, then performed an X-ray screening task. Automation performance was manipulated within-subjects by varying the number and obviousness of errors.Explicit propensity to trust and implicit attitude toward automation did not significantly correlate. When the automation's performance was ambiguous, implicit attitude significantly affected automation trust, and its relationship with propensity to trust was additive: Increments in either were related to increases in trust. When errors were obvious, a significant interaction between the implicit and explicit measures was found, with those high in both having higher trust.Implicit attitudes have important implications for automation trust.Users may not be able to accurately report why they experience a given level of trust. To understand why users trust or fail to trust automation, measurements of implicit and explicit predictors may be necessary. Furthermore, implicit attitude toward automation might be used as a lever to effectively calibrate trust.";"indirect";"I Trust It, but I Don’t Know Why";NA;NA;NA;NA;NA;NA;NA;NA;NA;NA;NA;NA;NA;"69";"students (NA)";"FS,SS,SC"
"10.3389/frai.2022.825565";2022;"Frontiers in Artificial Intelligence";"With the ongoing rise of machine learning, the need for methods for explaining decisions made by artificial intelligence systems is becoming a more and more important topic. Especially for image classification tasks, many state-of-the-art tools to explain such classifiers rely on visual highlighting of important areas of the input data. Contrary, counterfactual explanation systems try to enable a counterfactual reasoning by modifying the input image in a way such that the classifier would have made a different prediction. By doing so, the users of counterfactual explanation systems are equipped with a completely different kind of explanatory information. However, methods for generating realistic counterfactual explanations for image classifiers are still rare. Especially in medical contexts, where relevant information often consists of textural and structural information, high-quality counterfactual images have the potential to give meaningful insights into decision processes. In this work, we present GANterfactual, an approach to generate such counterfactual image explanations based on adversarial image-to-image translation techniques. Additionally, we conduct a user study to evaluate our approach in an exemplary medical use case. Our results show that, in the chosen medical use-case, counterfactual explanations lead to significantly better results regarding mental models, explanation satisfaction, trust, emotions, and self-efficacy than two state-of-the art systems that work with saliency maps, namely LIME and LRP.";"direct";"GANterfactual—Counterfactual Explanations for Medical Non-experts Using Generative Adversarial Learning";NA;NA;NA;NA;NA;NA;NA;NA;NA;NA;NA;NA;NA;"122";"crowdsourcing (Clickworker)";"SS"
"10.1145/3301275.3302313";2019;"IUI '19: Proceedings of the 24th International Conference on Intelligent User Interfaces";"Recommender systems have been increasingly used in online services that we consume daily, such as Facebook, Netflix, YouTube, and Spotify. However, these systems are often presented to users as a black box, i.e. the rationale for providing individual recommendations remains unexplained to users. In recent years, various attempts have been made to address this black box issue by providing textual explanations or interactive visualisations that enable users to explore the provenance of recommendations. Among other things, results demonstrated benefits in terms of precision and user satisfaction. Previous research had also indicated that personal characteristics such as domain knowledge, trust propensity and persistence may also play an important role on such perceived benefits. Yet, to date, little is known about the effects of personal characteristics on explaining recommendations. To address this gap, we developed a music recommender system with explanations and conducted an online study using a within-subject design. We captured various personal characteristics of participants and administered both qualitative and quantitative evaluation methods. Results indicate that personal characteristics have significant influence on the interaction and perception of recommender systems, and that this influence changes by adding explanations. For people with a low need for cognition are the explained recommendations the most beneficial. For people with a high need for cognition, we observed that explanations could create a lack of confidence. Based on these results, we present some design implications for explaining recommendations.";"indirect";"To explain or not to explain";"Desiderata";"Subjective";"High";TRUE;FALSE;FALSE;TRUE;TRUE;FALSE;FALSE;NA;FALSE;"up to 2020";"105";"crowdsourcing (AMT)";"SS"
"10.1109/VAST.2017.8585721";2017;"IEEE Conference on Visual Analytics Science and Technology (VAST)";"Recurrent neural networks (RNNs) have been successfully applied to various natural language processing (NLP) tasks and achieved better results than conventional methods. However, the lack of understanding of the mechanisms behind their effectiveness limits further improvements on their architectures. In this paper, we present a visual analytics method for understanding and comparing RNN models for NLP tasks. We propose a technique to explain the function of individual hidden state units based on their expected response to input texts. We then co-cluster hidden state units and words based on the expected response and visualize co-clustering results as memory chips and word clouds to provide more structured knowledge on RNNs' hidden states. We also propose a glyph-based sequence visualization based on aggregate information to analyze the behavior of an RNN's hidden state at the sentence-level. The usability and effectiveness of our method are demonstrated through case studies and reviews from domain experts.";"indirect";"Understanding Hidden Memories of Recurrent Neural Networks";NA;NA;NA;NA;NA;NA;NA;NA;NA;NA;NA;NA;NA;"4";"domain experts (deep learning experts),domain experts (NLP experts)";"SS"
"10.1109/TVCG.2018.2864812";2019;"IEEE Transactions on Visualization and Computer Graphics";"With the growing adoption of machine learning techniques, there is a surge of research interest towards making machine learning systems more transparent and interpretable. Various visualizations have been developed to help model developers understand, diagnose, and refine machine learning models. However, a large number of potential but neglected users are the domain experts with little knowledge of machine learning but are expected to work with machine learning systems. In this paper, we present an interactive visualization technique to help users with little expertise in machine learning to understand, explore and validate predictive models. By viewing the model as a black box, we extract a standardized rule-based knowledge representation from its input-output behavior. Then, we design RuleMatrix, a matrix-based visualization of rules to help users navigate and verify the rules and the black-box model. We evaluate the effectiveness of RuleMatrix via two use cases and a usability study.";"indirect";"RuleMatrix: Visualizing and Understanding Classifiers with Rules";NA;NA;NA;NA;NA;NA;NA;NA;NA;NA;NA;NA;NA;"9";"students (NA),AI experts (NA)";"SS"
"10.1145/3397481.3450689";2021;"IUI '21: Proceedings of the 26th International Conference on Intelligent User Interfaces";"Research in interpretable machine learning proposes different computational and human subject approaches to evaluate model saliency explanations. These approaches measure different qualities of explanations to achieve diverse goals in designing interpretable machine learning systems. In this paper, we propose a benchmark for image and text domains using multi-layer human attention masks aggregated from multiple human annotators. We then present an evaluation study to compare model saliency explanations obtained using Grad-cam and LIME techniques to human understanding and acceptance. We demonstrate our benchmark’s utility for quantitative evaluation of model explanations by comparing it with human subjective ratings and ground-truth single-layer segmentation masks evaluations. Our study results show that our threshold agnostic evaluation method with the human attention baseline is more effective than single-layer object segmentation masks to ground truth. Our experiments also reveal user biases in the subjective rating of model saliency explanations.";"direct";"Quantitative Evaluation of Machine Learning Explanations: A Human-Grounded Benchmark";NA;NA;NA;NA;NA;NA;NA;NA;NA;NA;NA;NA;NA;"200";"crowdsourcing (AMT)";"SC"
NA;2020;"Fair & Responsible AI Workshop at CHI";"The need for interpretable and accountable intelligent systems is strong as artificial intelligence (AI) becomes more prevalent in human life. We study the effects of interpretability on user’s trust in an AI assistant tool designed for fake news detection. In our study, we expose participants to different types of AI and Explainable AI (XAI) assistants, measure their perceived accuracy of algorithm, and cluster user trust changes over time into five types of trust evolution. We present quantitative results and analysis from human-subject studies and discuss our findings regarding how model explanations affect on user trust evolution over time.";"indirect";"Trust Evolution Over Time in Explainable AI for Fake News Detection";NA;NA;NA;NA;NA;NA;NA;NA;NA;NA;NA;NA;NA;"160";"crowdsourcing (AMT)";"SS"
"10.1145/3181670";2018;"ACM Transactions on Interactive Intelligent Systems";"Sophisticated ubiquitous sensing systems are being used to measure motor ability in clinical settings. Intended to augment clinical decision-making, the interpretability of the machine-learning measurements underneath becomes critical to their use. We explore how visualization can support the interpretability of machine-learning measures through the case of Assess MS, a system to support the clinical assessment of Multiple Sclerosis. A substantial design challenge is to make visible the algorithm's decision-making process in a way that allows clinicians to integrate the algorithm's result into their own decision process. To this end, we present a series of design iterations that probe the challenges in supporting interpretability in a real-world system. The key contribution of this article is to illustrate that simply making visible the algorithmic decision-making process is not helpful in supporting clinicians in their own decision-making process. It disregards that people and algorithms make decisions in different ways. Instead, we propose that visualisation can provide context to algorithmic decision-making, rendering observable a range of internal workings of the algorithm from data quality issues to the web of relationships generated in the machine-learning process.";"indirect";"Visualizing Ubiquitously Sensed Measures of Motor Ability in Multiple Sclerosis";NA;NA;NA;NA;NA;NA;NA;NA;NA;NA;NA;NA;NA;"12";"domain experts (medical)";"SS,SC"
"10.5220/0009382903780385";2020;"12th International Conference on Agents and Artificial Intelligence (ICAART 2020) : Special Session on Human-centric Applications of Multi-agent Technologies";"The communication between robots/agents and humans is a challenge, since humans are typically not capable of understanding the agent's state of mind. To overcome this challenge, this paper relies o ...";"direct";"Human-agent Explainability: An Experimental Case Study on the Filtering of Explanations";NA;NA;NA;NA;NA;NA;NA;NA;NA;NA;NA;NA;NA;"27";"students (NA)";"SS,SC"
"10.1145/3411763.3451759";2021;"CHI EA '21: Extended Abstracts of the 2021 CHI Conference on Human Factors in Computing Systems";"Explanations in Human-AI Interaction are communicated to human decision makers through interfaces. Yet, it is not clear what consequences the exact representation of such explanations as part of decision support systems (DSS) and working on machine learning (ML) models has on human decision making. We observe a need for research methods that allow for measuring the effect different eXplainable AI (XAI) interface designs have on people’s decision making. In this paper, we argue for adopting research approaches from decision theory for HCI research on XAI interface design. We outline how we used estimation tasks in human-grounded design research in order to introduce a method and measurement for collecting evidence on XAI interface effects. To this end, we investigated representations of LIME explanations in an estimation task online study as proof-of-concept for our proposal.";"indirect";"Interfaces for Explanations in Human-AI Interaction: Proposing a Design Evaluation Approach";NA;NA;NA;NA;NA;NA;NA;NA;NA;NA;NA;NA;NA;"60";"crowdsourcing (AMT)";"FS,SS,SC"
"10.1109/TVCG.2013.125";2013;"IEEE Transactions on Visualization and Computer Graphics";"Regression models play a key role in many application domains for analyzing or predicting a quantitative dependent variable based on one or more independent variables. Automated approaches for building regression models are typically limited with respect to incorporating domain knowledge in the process of selecting input variables (also known as feature subset selection). Other limitations include the identification of local structures, transformations, and interactions between variables. The contribution of this paper is a framework for building regression models addressing these limitations. The framework combines a qualitative analysis of relationship structures by visualization and a quantification of relevance for ranking any number of features and pairs of features which may be categorical or continuous. A central aspect is the local approximation of the conditional target distribution by partitioning 1D and 2D feature domains into disjoint regions. This enables a visual investigation of local patterns and largely avoids structural assumptions for the quantitative ranking. We describe how the framework supports different tasks in model building (e.g., validation and comparison), and we present an interactive workflow for feature subset selection. A real-world case study illustrates the step-wise identification of a five-dimensional model for natural gas consumption. We also report feedback from domain experts after two months of deployment in the energy sector, indicating a significant effort reduction for building and improving regression models.";"indirect";"A Partition-Based Framework for Building and Validating Regression Models";NA;NA;NA;NA;NA;NA;NA;NA;NA;NA;NA;NA;NA;"11";"domain experts (energy)";"SS"
"10.1016/j.jss.2023.111676";2023;"Journal of Systems and Software";"A variety of automated software fault prediction techniques was proposed in recent years, in particular for the important class of spreadsheet programs. Software fault prediction techniques commonly create ranked lists of suspicious program statements for developers to inspect. Existing research, however, suggests that solely providing such ranked lists may not always be effective. In particular, it was found that developers often seek for explanations for the outcomes provided by a debugging tool and that such explanations may be key for developers to trust and rely on the tool. Research on how to explain the outcomes of fault prediction techniques, which are often based on complex machine learning models, is scarce, and little is known regarding how such explanations are perceived by developers. With this work, we aim to narrow this research gap and study the perception of different forms of explanations by spreadsheet users in the context of a machine learning based fault prediction tool. A between-subjects user study (N=120) revealed significant differences between the explored explanation styles. In particular, we found that well-designed natural language explanations can indeed help users better understand why certain spreadsheet cells were marked by the debugging tool and that such explanations can be effective to increase the users' trust compared to a black box system. Editor's note: Open Science material was validated by the Journal of Systems and Software Open Science Board.";"direct";"Explaining software fault predictions to spreadsheet users";NA;NA;NA;NA;NA;NA;NA;NA;NA;NA;NA;NA;NA;"120";"crowdsourcing (Prolific)";"SC,SS"
"10.1145/1124772.1124832";2006;"CHI '06: Proceedings of the SIGCHI Conference on Human Factors in Computing Systems";"Modern applications such as Microsoft Word have many automatic features and hidden dependencies that are frequently helpful but can be mysterious to both novice and expert users. The Crystal application framework provides an architecture and interaction techniques that allow programmers to create applications that let the user ask a wide variety of questions about why things did and did not happen, and how to use the related features of the application without using natural language. A user can point to an object or a blank space and get a popup list of questions about it, or the user can ask about recent actions from a temporal list. Parts of a text editor were implemented to show that these techniques are feasible, and a user test suggests that they are helpful and well-liked.";"indirect";"Answering why and why not questions in user interfaces";NA;NA;NA;NA;NA;NA;NA;NA;NA;NA;NA;NA;NA;"20";"domain experts (text editor users)";"SS"
NA;2020;"arXiv";"AI algorithms are not immune to biases. Traditionally, non-experts have little control in uncovering potential social bias (e.g., gender bias) in the algorithms that may impact their lives. We present a preliminary design for an interactive visualization tool CEB to reveal biases in a commonly used AI method, Neural Networks (NN). CEB combines counterfactual examples and abstraction of an NN decision process to empower non-experts to detect bias. This paper presents the design of CEB and initial findings of an expert panel (n=6) with AI, HCI, and Social science experts.";"indirect";"Revealing Neural Network Bias to Non-Experts Through Interactive Counterfactual Examples";NA;NA;NA;NA;NA;NA;NA;NA;NA;NA;NA;NA;NA;"6";"AI experts (NA),other (social sciences),other (HCL experts)";"SS,SAR"
"10.1007/978-3-030-34223-4_10";2019;"Web Information Systems Engineering (WISE) Lecture Notes in Computer Science";"Despite its popularity, the decision making process of a Deep Neural Network (DNN) model is opaque to users, making it difficult to understand the behaviour of the model. We present the design of a Web-based DNN interpretability framework which is based on the core notions in case-based reasoning approaches where exemplars (e.g., data points considered similar to a chosen data point) are utilised to help achieve effective interpretation. We demonstrate the framework via a Web based tool called Deep Explorer (DeX) and present the results of user acceptance studies. Our studies showed the effectiveness of the tool in gaining a better understanding of the decision making process of a DNN model as well as the efficacy of the case-based approach in improving DNN interpretability.";"direct";"A Case Based Deep Neural Network Interpretability Framework and Its User Study";NA;NA;NA;NA;NA;NA;NA;NA;NA;NA;NA;NA;NA;"13";"not stated (NA)";"SS"
"10.1007/s40593-023-00331-8";2023;"International Journal of Artificial Intelligence in Education";"Abstract Student drop-out is one of the most burning issues in STEM higher education, which induces considerable social and economic costs. Using machine learning tools for the early identification of students at risk of dropping out has gained a lot of interest recently. However, there has been little discussion on dropout prediction using interpretable machine learning (IML) and explainable artificial intelligence (XAI) tools.In this work, using the data of a large public Hungarian university, we demonstrate how IML and XAI tools can support educational stakeholders in dropout prediction. We show that complex machine learning models – such as the CatBoost classifier – can efficiently identify at-risk students relying solely on pre-enrollment achievement measures, however, they lack interpretability. Applying IML tools, such as permutation importance (PI), partial dependence plot (PDP), LIME, and SHAP values, we demonstrate how the predictions can be explained both globally and locally. Explaining individual predictions opens up great opportunities for personalized intervention, for example by offering the right remedial courses or tutoring sessions. Finally, we present the results of a user study that evaluates whether higher education stakeholders find these tools interpretable and useful.";"direct";"Interpretable Dropout Prediction: Towards XAI-Based Personalized Intervention";NA;NA;NA;NA;NA;NA;NA;NA;NA;NA;NA;NA;NA;"10,42";"students (NA),other (education decision makers)";"SC"
"10.1109/BESC53957.2021.9635271";2021;"8th International Conference on Behavioral and Social Computing (BESC)";"Explainability has become an essential requirement for safe and effective collaborative Human-AI environments., especially when generating recommendations through black-box modality. One goal of eXplainable AI (XAI) is to help humans calibrate their trust while working with intelligent systems., i.e., avoid situations where human decision-makers over-trust the AI when it is incorrect., or under-trust the AI when it is correct. XAI., in this context., aims to help humans understand AI reasoning and decide whether to follow or reject its recommendations. However., recent studies showed that users., on average., continue to overtrust (or under-trust) AI recommendations which is an indication of XAI's failure to support trust calibration. Such a failure to aid trust calibration was due to the assumption that XAI users would cognitively engage with explanations and interpret them without bias. In this work., we hypothesize that XAI interaction design can play a role in helping users' cognitive engagement with XAI and consequently enhance trust calibration. To this end., we propose friction as a Nudge-based approach to help XAI users to calibrate their trust in AI and present the results of a preliminary study of its potential in fulfilling that role.";"indirect";"Nudging through Friction: An Approach for Calibrating Trust in Explainable AI";"Understanding";"Objective and Subjective";"Low";FALSE;FALSE;NA;NA;TRUE;FALSE;NA;FALSE;FALSE;"2021 and after";"16";"domain experts (medical)";"SS,SC"
NA;2018;"arXiv";"Recent years have seen a boom in interest in machine learning systems that can provide a human-understandable rationale for their predictions or decisions. However, exactly what kinds of explanation are truly human-interpretable remains poorly understood. This work advances our understanding of what makes explanations interpretable in the specific context of verification. Suppose we have a machine learning system that predicts X, and we provide rationale for this prediction X. Given an input, an explanation, and an output, is the output consistent with the input and the supposed rationale? Via a series of user-studies, we identify what kinds of increases in complexity have the greatest effect on the time it takes for humans to verify the rationale, and which seem relatively insensitive.";"indirect";"How do Humans Understand Explanations from Machine Learning Systems? An Evaluation of the Human-Interpretability of Explanation";NA;NA;NA;NA;NA;NA;NA;NA;NA;NA;NA;NA;NA;"100";"crowdsourcing (AMT)";"FS,SC,SS"
"10.1145/3397481.3450658";2021;"IUI '21: Proceedings of the 26th International Conference on Intelligent User Interfaces";"Automated Machine Learning (AutoML) is a rapidly growing set of technologies that automate the model development pipeline by searching model space and generating candidate models. A critical, final step of AutoML is human selection of a final model from dozens of candidates. In current AutoML systems, selection is supported only by performance metrics. Prior work has shown that in practice, people evaluate ML models based on additional criteria, such as the way a model makes predictions. Comparison may happen at multiple levels, from types of errors, to feature importance, to how the model makes predictions of specific instances. We developed \tool{} to support interactive model comparison for AutoML by integrating multiple Explainable AI (XAI) and visualization techniques. We conducted a user study in which we both evaluated the system and used it as a technology probe to understand how users perform model comparison in an AutoML system. We discuss design implications for utilizing XAI techniques for model comparison and supporting the unique needs of data scientists in comparing AutoML models.";"direct";"Model LineUpper: Supporting Interactive Model Comparison at Multiple Levels for AutoML";NA;NA;NA;NA;NA;NA;NA;NA;NA;NA;NA;NA;NA;"14";"AI experts (NA)";"SS"
NA;2020;"IntRS '20: Proceedings of the 7th Joint Workshop on Interfaces and Human Decision Making for Recommender Systems co-located with 14th ACM Conference on Recommender Systems (RecSys 2020)";"Hybrid recommender systems (RS) have shown to improve system accuracy by combining benefits from the collaborative filtering (CF) and content-based (CB) approaches. Recently, the increasing complexity of such algorithms has fueled a demand for researchers to focus more on the user-oriented aspects such as explainability, user interaction, and control mechanisms. Even in cases, where explanations are provided, the systems mostly fall short in explaining the connection between the recommended items and users’ preferred features. Additionally, in most cases, rating or re-evaluating items is typically the only option for users to specify or manipulate their preferences. With the purpose to provide advanced explanations, we implemented a prototype system called Featuristic, by applying a hybrid approach that uses content-features in a CF approach and exploits feature-based similarities. Addressing important user-oriented aspects, we have integrated interactive mechanisms into the system to improve both preference elicitation and preference manipulation. Besides, we have integrated explanations for the recommendations into these interactive mechanisms. We evaluated our prototype system in two user studies to investigate the impact of the interactive explanations on the user-oriented aspects. The results showed that the Featuristic System with interactive explanations have significantly improved users’ perception of the system in terms of the preference elicitation, explainability, and preference manipulation – compared to the systems that provide non-interactive explanations.";"indirect";"Featuristic: An interactive hybrid system for generating explainable recommendations beyond system accuracy";NA;NA;NA;NA;NA;NA;NA;NA;NA;NA;NA;NA;NA;"55";"crowdsourcing (Prolific)";"SS,SC"
"10.1016/j.compbiomed.2021.104393";2021;"Computers in Biology and Medicine";"Treatment and prevention of cardiovascular diseases often rely on Electrocardiogram (ECG) interpretation. Dependent on the physician's variability, ECG interpretation is subjective and prone to errors. Machine learning models are often developed and used to support doctors; however, their lack of interpretability stands as one of the main drawbacks of their widespread operation. This paper focuses on an Explainable Artificial Intelligence (XAI) solution to make heartbeat classification more explainable using several state-of-the-art model-agnostic methods. We introduce a high-level conceptual framework for explainable time series and propose an original method that adds temporal dependency between time samples using the time series' derivative. The results were validated in the MIT-BIH arrhythmia dataset: we performed a performance's analysis to evaluate whether the explanations fit the model's behaviour; and employed the 1-D Jaccard's index to compare the subsequences extracted from an interpretable model and the XAI methods used. Our results show that the use of the raw signal and its derivative includes temporal dependency between samples to promote classification explanation. A small but informative user study concludes this study to evaluate the potential of the visual explanations produced by our original method for being adopted in real-world clinical settings, either as diagnostic aids or training resource.";"direct";"Interpretable heartbeat classification using local model-agnostic explanations on ECGs";NA;NA;NA;NA;NA;NA;NA;NA;NA;NA;NA;NA;NA;"3";"domain experts (medical)";"FS,SC,SS"
"10.18653/v1/N18-1097";2018;"Proceedings of the 2018 Conference of the North American Chapter of the Association for Computational Linguistics: Human Language Technologies";"Text classification models are becoming increasingly complex and opaque, however for many applications it is essential that the models are interpretable. Recently, a variety of approaches have been proposed for generating local explanations. While robust evaluations are needed to drive further progress, so far it is unclear which evaluation approaches are suitable. This paper is a first step towards more robust evaluations of local explanations. We evaluate a variety of local explanation approaches using automatic measures based on word deletion. Furthermore, we show that an evaluation using a crowdsourcing experiment correlates moderately with these automatic measures and that a variety of other factors also impact the human judgements.";"indirect";"Comparing Automatic and Human Evaluation of Local Explanations for Text Classification";NA;NA;NA;NA;NA;NA;NA;NA;NA;NA;NA;NA;NA;"445";"crowdsourcing (CrowdFlower)";"SC,FS,SS"
"10.1145/3242587.3242666";2018;"UIST '18: Proceedings of the 31st Annual ACM Symposium on User Interface Software and Technology";"Fact-checking, the task of assessing the veracity of claims, is an important, timely, and challenging problem. While many automated fact-checking systems have been recently proposed, the human side of the partnership has been largely neglected: how might people understand, interact with, and establish trust with an AI fact-checking system? Does such a system actually help people better assess the factuality of claims? In this paper, we present the design and evaluation of a mixed-initiative approach to fact-checking, blending human knowledge and experience with the efficiency and scalability of automated information retrieval and ML. In a user study in which participants used our system to aid their own assessment of claims, our results suggest that individuals tend to trust the system: participant accuracy assessing claims improved when exposed to correct model predictions. However, this trust perhaps goes too far: when the model was wrong, exposure to its predictions often degraded human accuracy. Participants given the option to interact with these incorrect predictions were often able improve their own performance. This suggests that transparent models are key to facilitating effective human interaction with fallible AI models.";"indirect";"Believe it or not";NA;NA;NA;NA;NA;NA;NA;NA;NA;NA;NA;NA;NA;"113";"crowdsourcing (AMT)";"SC,FS"
"10.1145/3301275.3302276";2019;"IUI '19: Proceedings of the 24th International Conference on Intelligent User Interfaces";"Aggregation models for improving the quality of annotations collected via crowdsourcing have been widely studied, but far less has been done to explain why annotators make the mistakes that they do. To this end, we propose a joint aggregation and worker clustering model that detects patterns underlying crowd worker labels to characterize varieties of labeling errors. We evaluate our approach on a Named Entity Recognition dataset labeled by Mechanical Turk workers in both a retrospective experiment and a small human study. The former shows that our joint model improves the quality of clusters vs. aggregation followed by clustering. Results of the latter suggest that clusters aid human sense-making in interpreting worker labels and predicting worker mistakes. By enabling better explanation of annotator mistakes, our model creates a new opportunity to help Requesters improve task instructions and to help crowd annotators learn from their mistakes. Source code, data, and supplementary material is shared online.";"indirect";"Explainable modeling of annotations in crowdsourcing";NA;NA;NA;NA;NA;NA;NA;NA;NA;NA;NA;NA;NA;"111";"crowdsourcing (AMT)";"SC,FS"
NA;2021;"NIPS '21: Proceedings of the 35th International Conference on Neural Information Processing Systems";"Explaining the decisions of an Artificial Intelligence (AI) model is increasingly critical in many real-world, high-stake applications. Hundreds of papers have either proposed new feature attribution methods, discussed or harnessed these tools in their work. However, despite humans being the target end-users, most attribution methods were only evaluated on proxy automatic-evaluation metrics. In this paper, we conduct the first, large-scale user study on 320 lay and 11 expert users to shed light on the effectiveness of state-of-the-art attribution methods in assisting humans in ImageNet classification, Stanford Dogs fine-grained classification, and these two tasks but when the input image contains adversarial perturbations. We found that, in overall, feature attribution is surprisingly not more effective than showing humans nearest training-set examples. On a hard task of fine-grained dog categorization, presenting attribution maps to humans does not help, but instead hurts the performance of human-AI teams compared to AI alone. Importantly, we found automatic attribution-map evaluation measures to correlate poorly with the actual human-AI team performance. Our findings encourage the community to rigorously test their methods on the downstream human-in-the-loop applications and to rethink the existing evaluation metrics.";"indirect";"The effectiveness of feature attribution methods and its correlation with automatic evaluation scores";"Understanding";"Objective";"No";TRUE;FALSE;FALSE;TRUE;FALSE;FALSE;NA;TRUE;TRUE;"top 4";"161";"crowdsourcing (Prolific)";"FS,SC"
NA;2022;"NIPS '22: Proceedings of the 36th International Conference on Neural Information Processing Systems";"Explaining artificial intelligence (AI) predictions is increasingly important and even imperative in many high-stake applications where humans are the ultimate decision-makers. In this work, we propose two novel architectures of explainable image classifiers that first explain, and then predict (as opposed to post-hoc explanation methods). Our models first rank the training-set images by their distance with the query in an image-level deep feature space. And then, we re-rank the top-50 shortlisted candidates using patch-wise similarity of 5 highest-similarity pairs of patches between the query and every candidate. On ImageNet, our models improve (by 1-4 points) the out-of-distribution accuracy on several datasets including Adversarial Patch and ImageNet-R while performing marginally worse (by 1-2 points) on ImageNet to the baselines (ResNet-50 pre-trained ImageNet). A consistent trend is observed on CUB. Via a large-scale, human study (~60 users per method per dataset) on ImageNet and CUB, we find our proposed correspondence-based explanations led to human-alone image classification accuracy and human-AI team accuracy that are consistently better than those of k-NN. Our correspondence-based explanations help users better correctly reject AI's wrong decisions than all other tested methods.Interestingly, for the first time, we show that it is possible to achieve complementary human-AI team accuracy (i.e. that is higher than either AI-alone or human-alone), in both image classification tasks.";"top 4";"Visual correspondence-based explanations improve AI robustness and human-AI team accuracy";"Understanding";"Objective";"No";FALSE;FALSE;FALSE;TRUE;FALSE;FALSE;NA;FALSE;TRUE;"top 4";"709";"crowdsourcing (Prolific)";"FS,SC"
"10.1145/3411763.3443441";2021;"CHI EA '21: Extended Abstracts of the 2021 CHI Conference on Human Factors in Computing Systems";"This study tested two different approaches for adding an explainability feature to the implementation of a legal text summarization solution based on a Deep Learning (DL) model. Both approaches aimed to show the reviewers where the summary originated from by highlighting portions of the source text document. The participants had to review summaries generated by the DL model with two different types of text highlights and with no highlights at all. The study found that participants were significantly faster in completing the task with highlights based on attention scores from the DL model, but not with highlights based on a source attribution method, a model-agnostic formula that compares the source text and summary to identify overlapping language. The participants also reported increased trust in the DL model and expressed a preference for the attention highlights over the other type of highlights. This is because the attention highlights had more use cases, for example, the participants were able to use them to enrich the machine-generated summary. The findings of this study provide insights into the benefits and the challenges of selecting suitable mechanisms to provide explainability for DL models in the summarization task.";"direct";"Towards Explainable AI: Assessing the Usefulness and Impact of Added Explainability Features in Legal Document Summarization";NA;NA;NA;NA;NA;NA;NA;NA;NA;NA;NA;NA;NA;"2";"domain experts (editors)";"SS,SC"
"10.3115/v1/W14-4307";2014;"Proceedings of the 15th Annual Meeting of the Special Interest Group on Discourse and Dialogue (SIGDIAL)";"Human-computer trust has shown to be a critical factor in influencing the complexity and frequency of interaction in technical systems. Particularly incomprehensible situations in human-computer interaction may lead to a reduced users trust in the system and by that influence the style of interaction. Analogous to human-human interaction, explaining these situations can help to remedy negative effects. In this paper we present our approach of augmenting task-oriented dialogs with selected explanation dialogs to foster the humancomputer trust relationship in those kinds of situations. We have conducted a webbased study testing the effects of different goals of explanations on the components of human-computer trust. Subsequently, we show how these results can be used in our probabilistic trust handling architecture to augment pre-defined task-oriented dialogs.";"indirect";"Probabilistic Human-Computer Trust Handling";NA;NA;NA;NA;NA;NA;NA;NA;NA;NA;NA;NA;NA;"139";"other (recruited through flyers at university and Facebook)";"SS"
"10.1609/hcomp.v7i1.5284";2019;"Proceedings of the Seventh AAAI Conference on Human Computation and Crowdsourcing";"Machine learning and artificial intelligence algorithms can assist human decision making and analysis tasks. While such technology shows promise, willingness to use and rely on intelligent systems may depend on whether people can trust and understand them. To address this issue, researchers have explored the use of explainable interfaces that attempt to help explain why or how a system produced the output for a given input. However, the effects of meaningful and meaningless explanations (determined by their alignment with human logic) are not properly understood, especially with users who are non-experts in data science. Additionally, we wanted to explore how explanation inclusion and level of meaningfulness would affect the user’s perception of accuracy. We designed a controlled experiment using an image classification scenario with local explanations to evaluate and better understand these issues. Our results show that whether explanations are human-meaningful can significantly affect perception of a system’s accuracy independent of the actual accuracy observed from system usage. Participants significantly underestimated the system’s accuracy when it provided weak, less human-meaningful explanations. Therefore, for intelligent systems with explainable interfaces, this research demonstrates that users are less likely to accurately judge the accuracy of algorithms that do not operate based on human-understandable rationale.";"indirect";"The Effects of Meaningful and Meaningless Explanations on Trust and Perceived System Accuracy in Intelligent Systems";NA;NA;NA;NA;NA;NA;NA;NA;NA;NA;NA;NA;NA;"60";"students (NA)";"FS,SS,SC"
"10.1145/3334480.3382967";2020;"CHI EA '20: Extended Abstracts of the 2020 CHI Conference on Human Factors in Computing Systems";"We present research on how the perception of intelligent systems can be influenced by early experiences of machine performance, and how explainability potentially helps users develop an accurate understanding of system capabilities. Using a custom video analysis system with AI-assisted activity recognition, we studied whether presenting explanatory information for system outputs affects user perception of the system. In this experiment, some participants encountered AI weaknesses early, while others encountered the same limitations later in the study. The difference in ordering had a significant impact on user understanding of the system and the ability to detect AI strengths and weaknesses, and the addition of explanations was not enough to counteract the strong effects of early impressions. The results demonstrate the importance of first impressions with intelligent systems and motivate the need for improved methods of intervention to combat automation bias.";"direct";"Investigating the Importance of First Impressions and Explainable AI with Interactive Video Analysis";NA;NA;NA;NA;NA;NA;NA;NA;NA;NA;NA;NA;NA;"120";"students (NA)";"SS"
"10.1145/3397481.3450639";2021;"IUI '21: Proceedings of the 26th International Conference on Intelligent User Interfaces";"EXplainable Artificial Intelligence (XAI) approaches are used to bring transparency to machine learning and artificial intelligence models, and hence, improve the decision-making process for their end-users. While these methods aim to improve human understanding and their mental models, cognitive biases can still influence a user’s mental model and decision-making in ways that system designers do not anticipate. This paper presents research on cognitive biases due to ordering effects in intelligent systems. We conducted a controlled user study to understand how the order of observing system weaknesses and strengths can affect the user’s mental model, task performance, and reliance on the intelligent system, and we investigate the role of explanations in addressing this bias. Using an explainable video activity recognition tool in the cooking domain, we asked participants to verify whether a set of kitchen policies are being followed, with each policy focusing on a weakness or a strength. We controlled the order of the policies and the presence of explanations to test our hypotheses. Our main finding shows that those who observed system strengths early-on were more prone to automation bias and made significantly more errors due to positive first impressions of the system, while they built a more accurate mental model of the system competencies. On the other hand, those who encountered weaknesses earlier made significantly fewer errors since they tended to rely more on themselves, while they also underestimated model competencies due to having a more negative first impression of the model. Our work presents strong findings that aim to make intelligent system designers aware of such biases when designing such tools.";"direct";"Anchoring Bias Affects Mental Model Formation and User Reliance in Explainable AI Systems";NA;NA;NA;NA;NA;NA;NA;NA;NA;NA;NA;NA;NA;"116";"students (NA)";"SS"
"10.1007/s10462-005-4609-5";2005;"Artificial Intelligence Review";"Most users of machine-learning products are reluctant to use them without any sense of the underlying logic that has led to the system’s predictions. Unfortunately many of these systems lack any transparency in the way they operate and are deemed to be black boxes. In this paper we present a Case-Based Reasoning (CBR) solution to providing supporting explanations of black-box systems. This CBR solution has two key facets; it uses local information to assess the importance of each feature and using this, it selects the cases from the data used to build the black-box system for use in explanation. The retrieval mechanism takes advantage of the derived feature importance information to help select cases that are a better reflection of the black-box solution and thus more convincing explanations.";"indirect";"A Case-Based Explanation System for Black-Box Systems";"Understanding";"Subjective";"No";FALSE;FALSE;NA;NA;FALSE;FALSE;NA;FALSE;FALSE;"up to 2020";"NA";"not stated (NA)";"SS"
"10.1007/s10844-008-0069-0";2008;"Journal of Intelligent Information Systems";"Traditional explanation strategies in machine learning have been dominated by rule and decision tree based approaches. Case-based explanations represent an alternative approach which has inherent advantages in terms of transparency and user acceptability. Case-based explanations are based on a strategy of presenting similar past examples in support of and as justification for recommendations made. The traditional approach to such explanations, of simply supplying the nearest neighbour as an explanation, has been found to have shortcomings. Cases should be selected based on their utility in forming useful explanations. However, the relevance of the explanation case may not be clear to the end user as it is retrieved using domain knowledge which they themselves may not have. In this paper the focus is on a knowledge-light approach to case-based explanations that works by selecting cases based on explanation utility and offering insights into the effects of feature-value differences. In this paper we examine to two such a knowledge-light frameworks for case-based explanation. We look at explanation oriented retrieval (EOR) a strategy which explicitly models explanation utility and also at the knowledge-light explanation framework (KLEF) that uses local logistic regression to support case-based explanation.";"indirect";"Gaining insight through case-based explanation";NA;NA;NA;NA;NA;NA;NA;NA;NA;NA;NA;NA;NA;"12";"not stated (NA)";"FS,SS,SC"
"10.1016/j.artint.2021.103455";2021;"Artificial Intelligence";"Counterfactual explanations, which deal with “why not?” scenarios, can provide insightful explanations to an AI agent's behavior [Miller [38]]. In this work, we focus on generating counterfactual explanations for deep reinforcement learning (RL) agents which operate in visual input environments like Atari. We introduce counterfactual state explanations, a novel example-based approach to counterfactual explanations based on generative deep learning. Specifically, a counterfactual state illustrates what minimal change is needed to an Atari game image such that the agent chooses a different action. We also evaluate the effectiveness of counterfactual states on human participants who are not machine learning experts. Our first user study investigates if humans can discern if the counterfactual state explanations are produced by the actual game or produced by a generative deep learning approach. Our second user study investigates if counterfactual state explanations can help non-expert participants identify a flawed agent; we compare against a baseline approach based on a nearest neighbor explanation which uses images from the actual game. Our results indicate that counterfactual state explanations have sufficient fidelity to the actual game images to enable non-experts to more effectively identify a flawed RL agent compared to the nearest neighbor baseline and to having no explanation at all.";"direct";"Counterfactual state explanations for reinforcement learning agents via generative deep learning";NA;NA;NA;NA;NA;NA;NA;NA;NA;NA;NA;NA;NA;"30";"students (NA),other (local community)";"SC,SS"
"10.1145/3490099.3511140";2022;"IUI '22: Proceedings of the 27th International Conference on Intelligent User Interfaces";"In the scope of explainable artificial intelligence, explanation techniques are heavily studied to increase trust in recommender systems. However, studies on explaining recommendations typically target adults in e-commerce or media contexts; e-learning has received less research attention. To address these limits, we investigated how explanations affect adolescents' initial trust in an e-learning platform that recommends mathematics exercises with collaborative filtering. In a randomized controlled experiment with 37 adolescents, we compared real explanations with placebo and no explanations. Our results show that real explanations significantly increased initial trust when trust was measured as a multidimensional construct of competence, benevolence, integrity, intention to return, and perceived transparency. Yet, this result did not hold when trust was measured one-dimensionally. Furthermore, not all adolescents attached equal importance to explanations and trust scores were high overall. These findings underline the need to tailor explanations and suggest that dynamically learned factors may be more important than explanations for building initial trust. To conclude, we thus reflect upon the need for explanations and recommendations in e-learning in low-stakes and high-stakes situations.";"direct";"Explaining Recommendations in E-Learning: Effects on Adolescents' Trust";NA;NA;NA;NA;NA;NA;NA;NA;NA;NA;NA;NA;NA;"37";"domain experts (students),domain experts (teachers),other (snowball sampling)";"SC,SS"
NA;2013;"UAI '13 29th Conference on Uncertainty in Artificial Intelligence";"We evaluate four computational models of explanation in Bayesian networks by comparing model predictions to human judgments. In two experiments, we present human participants with causal structures for which the models make divergent predictions and either solicit the best explanation for an observed event (Experiment 1) or have participants rate provided explanations for an observed event (Experiment 2). Across two versions of two causal structures and across both experiments, we find that the Causal Explanation Tree and Most Relevant Explanation models provide better fits to human data than either Most Probable Explanation or Explanation Tree models. We identify strengths and shortcomings of these models and what they can reveal about human explanation. We conclude by suggesting the value of pursuing computational and psychological investigations of explanation in parallel.";"indirect";"Evaluating computational models of explanation using human judgments";NA;NA;NA;NA;NA;NA;NA;NA;NA;NA;NA;NA;NA;"245";"crowdsourcing (AMT)";"SS,SC"
NA;2024;"ICML '24: Proceedings of the 41st International Conference on Machine Learning (PMLR)";"Despite the impressive performance of deep learning models across diverse tasks, their complexity poses challenges for interpretation. This challenge is particularly evident for audio signals, where conveying interpretations becomes inherently difficult. To address this issue, we introduce Listenable Maps for Audio Classifiers (L-MAC), a posthoc interpretation method that generates faithful and listenable interpretations. L-MAC utilizes a decoder on top of a pretrained classifier to generate binary masks that highlight relevant portions of the input audio. We train the decoder with a loss function that maximizes the confidence of the classifier decision on the masked-in portion of the audio while minimizing the probability of model output for the masked-out portion. Quantitative evaluations on both in-domain and out-of-domain data demonstrate that L-MAC consistently produces more faithful interpretations than several gradient and masking-based methodologies. Furthermore, a user study confirms that, on average, users prefer the interpretations generated by the proposed technique.";"top 4";"Listenable Maps for Audio Classifiers";"Understanding and Desiderata";"Subjective";"Low";FALSE;FALSE;NA;NA;FALSE;FALSE;NA;FALSE;FALSE;"top 4";"15";"not stated (NA)";"SS,SC"
NA;2020;"NIPS '20: Proceedings of the 34th International Conference on Neural Information Processing Systems";"Resource scheduling and coordination is an NP-hard optimization requiring an efficient allocation of agents to a set of tasks with upper- and lower bound temporal and resource constraints. Due to the large-scale and dynamic nature of resource coordination in hospitals and factories, human domain experts manually plan and adjust schedules on the fly. To perform this job, domain experts leverage heterogeneous strategies and rules-of-thumb honed over years of apprenticeship. What is critically needed is the ability to extract this domain knowledge in a heterogeneous and interpretable apprenticeship learning framework to scale beyond the power of a single human expert, a necessity in safety-critical domains. We propose a personalized and interpretable apprenticeship scheduling algorithm that infers an interpretable representation of all human task demonstrators by extracting decision-making criteria via an inferred, personalized embedding non-parametric in the number of demonstrator types. We achieve near-perfect LfD accuracy in synthetic domains and 88.22% accuracy on a planning domain with real-world data, outperforming baselines. Finally, our user study showed our methodology produces more interpretable and easier-to-use models than neural networks (p < 0.05).";"indirect";"Interpretable and personalized apprenticeship scheduling: learning interpretable scheduling policies from heterogeneous user demonstrations";"Desiderata";"Objective and Subjective";"Med";FALSE;FALSE;NA;NA;FALSE;FALSE;FALSE;FALSE;FALSE;"top 4";"20";"students (NA)";"FS,SS,SC"
NA;2021;"NIPS '21: Proceedings of the 35th International Conference on Neural Information Processing Systems";"Recent advances in machine learning have led to growing interest in Explainable AI (xAI) to enable humans to gain insight into the decision-making of machine learning models. Despite this recent interest, the utility of xAI techniques has not yet been characterized in human-machine teaming. Importantly, xAI offers the promise of enhancing team situational awareness (SA) and shared mental model development, which are the key characteristics of effective human-machine teams. Rapidly developing such mental models is especially critical in ad hoc human-machine teaming, where agents do not have a priori knowledge of others' decision-making strategies. In this paper, we present two novel human-subject experiments quantifying the benefits of deploying xAI techniques within a human-machine teaming scenario. First, we show that xAI techniques can support SA ($p<0.05)$. Second, we examine how different SA levels induced via a collaborative AI policy abstraction affect ad hoc human-machine teaming performance. Importantly, we find that the benefits of xAI are not universal, as there is a strong dependence on the composition of the human-machine team. Novices benefit from xAI providing increased SA ($p<0.05$) but are susceptible to cognitive overhead ($p<0.05$). On the other hand, expert performance degrades with the addition of xAI-based support ($p<0.05$), indicating that the cost of paying attention to the xAI outweighs the benefits obtained from being provided additional information to enhance SA. Our results demonstrate that researchers must deliberately design and deploy the right xAI techniques in the right scenario by carefully considering human-machine team composition and how the xAI method augments SA.";"direct";"The Utility of Explainable AI in Ad Hoc Human-Machine Teaming";"Desiderata";"Objective and Subjective";"High";TRUE;FALSE;NA;NA;FALSE;FALSE;NA;FALSE;TRUE;"top 4 , 2021 and after";"48,30";"not stated (NA),domain experts (Minecraft players)";"SC"
"10.1145/3491102.3502104";2022;"CHI '22: Proceedings of the 2022 CHI Conference on Human Factors in Computing Systems";"The field of eXplainable Artificial Intelligence (XAI) focuses on providing explanations for AI systems’ decisions. XAI applications to AI-based Clinical Decision Support Systems (DSS) should increase trust in the DSS by allowing clinicians to investigate the reasons behind its suggestions. In this paper, we present the results of a user study on the impact of advice from a clinical DSS on healthcare providers’ judgment in two different cases: the case where the clinical DSS explains its suggestion and the case it does not. We examined the weight of advice, the behavioral intention to use the system, and the perceptions with quantitative and qualitative measures. Our results indicate a more significant impact of advice when an explanation for the DSS decision is provided. Additionally, through the open-ended questions, we provide some insights on how to improve the explanations in the diagnosis forecasts for healthcare assistants, nurses, and doctors.";"direct";"Understanding the impact of explanations on advice-taking: a user study for AI-based clinical Decision Support Systems";NA;NA;NA;NA;NA;NA;NA;NA;NA;NA;NA;NA;NA;"31";"crowdsourcing (Prolific - healthcare)";"FS,SS"
"10.1145/3587271";2023;"ACM Transactions on Interactive Intelligent Systems";"eXplainable AI (XAI) involves two intertwined but separate challenges: the development of techniques to extract explanations from black-box AI models and the way such explanations are presented to users, i.e., the explanation user interface. Despite its importance, the second aspect has received limited attention so far in the literature. Effective AI explanation interfaces are fundamental for allowing human decision-makers to take advantage and oversee high-risk AI systems effectively. Following an iterative design approach, we present the first cycle of prototyping-testing-redesigning of an explainable AI technique and its explanation user interface for clinical Decision Support Systems (DSS). We first present an XAI technique that meets the technical requirements of the healthcare domain: sequential, ontology-linked patient data, and multi-label classification tasks. We demonstrate its applicability to explain a clinical DSS, and we design a first prototype of an explanation user interface. Next, we test such a prototype with healthcare providers and collect their feedback with a two-fold outcome: First, we obtain evidence that explanations increase users’ trust in the XAI system, and second, we obtain useful insights on the perceived deficiencies of their interaction with the system, so we can re-design a better, more human-centered explanation interface.";"direct";"Co-design of Human-centered, Explainable AI for Clinical Decision Support";NA;NA;NA;NA;NA;NA;NA;NA;NA;NA;NA;NA;NA;"45";"domain experts (medical)";"SS"
NA;2019;"International Joint Conference on Artificial Intelligence (IJCAI) Workshop on Explainable Artificial Intelligence (XAI) ";"Machine learning systems have become popular in fields such as marketing, financing, or data mining. While they are highly accurate, complex machine learning systems pose challenges for engineers and users. Their inherent complexity makes it impossible to easily judge their fairness and the correctness of statistically learned relations between variables and classes. Explainable AI aims to solve this challenge by modelling explanations alongside with the classifiers, potentially improving user trust and acceptance. However, users should not be fooled by persuasive, yet untruthful explanations. We therefore conduct a user study in which we investigate the effects of model accuracy and explanation fidelity, i.e. how truthfully the explanation represents the underlying model, on user trust. Our findings show that accuracy is more important for user trust than explainability. Adding an explanation for a classification result can potentially harm trust, e.g. when adding nonsensical explanations. We also found that users cannot be tricked by high-fidelity explanations into having trust for a bad classifier. Furthermore, we found a mismatch between observed (implicit) and self-reported (explicit) trust.";"indirect";"How model accuracy and explanation fidelity influence user trust";NA;NA;NA;NA;NA;NA;NA;NA;NA;NA;NA;NA;NA;"327";"crowdsourcing (Prolific),crowdsourcing (SurveyCircle)";"FS,SS,SC"
"10.3390/app13031805";2023;"Applied Sciences";"Deep neural network models have produced significant results in solving various challenging tasks, including medical diagnostics. To increase the credibility of these black-box models in the eyes of doctors, it is necessary to focus on their explainability. Several papers have been published combining deep learning methods with selected types of explainability methods, usually aimed at analyzing medical image data, including ECG images. The ECG is specific because its image representation is only a secondary visualization of stream data from sensors. However, explainability methods for stream data are rarely investigated. Therefore, in this article we focus on the explainability of black-box models for stream data from 12-lead ECG. We designed and implemented a perturbation explainability method and verified it in a user study on a group of medical students with experience in ECG tagging in their final years of study. The results demonstrate the suitability of the proposed method, as well as the importance of including multiple data sources in the diagnostic process.";"direct";"Perturbation-Based Explainable AI for ECG Sensor Data";NA;NA;NA;NA;NA;NA;NA;NA;NA;NA;NA;NA;NA;"NA";"students (NA)";"SS"
"10.1145/3359204";2019;"Proceedings of the ACM on Human-Computer Interaction";"With computational algorithms making an increasing number of deeply consequential, and often problematic judgments on our behalf, there is a growing interest in slowing down technology to encourage users to reflect on judgments made by algorithms. Prior work in slow technology has established slowness as an agent of reflection and serendipity; however, it has been unclear whether this waiting time actually helps users gain useful insight or any other benefits as they make judgments using an algorithm. To this end, we conducted a series of online and in-person between-subject user studies in which we isolate the impact of an algorithm's speed on how users incorporate the algorithm's advice when making judgments in the context of simple visual recognition tasks. We find that our participants followed good quality algorithms more and bad quality algorithms somewhat less if the response time of the algorithm is slower. Furthermore, qualitative analysis of the in-person study interviews reveals that the waiting was not time wasted, but was often used to reflect on the task and the estimation process of themselves and the algorithm, and to compare and reevaluate the two processes. Based on these findings, we outline design implications of future algorithmic systems.";"indirect";"A Slow Algorithm Improves Users' Assessments of the Algorithm's Accuracy";NA;NA;NA;NA;NA;NA;NA;NA;NA;NA;NA;NA;NA;"200,32";"students (NA),researchers (NA),administrative staff (NA),crowdsourcing (AMT)";"FS,SS"
NA;2021;"NIPS '21: Proceedings of the 35th International Conference on Neural Information Processing Systems";"Unpredictable ML model behavior on unseen data, especially in the health domain, raises serious concerns about its safety as repercussions for mistakes can be fatal. In this paper, we explore the feasibility of using state-of-the-art out-of-distribution detectors for reliable and trustworthy diagnostic predictions. We select publicly available deep learning models relating to various health conditions (e.g., skin cancer, lung sound, and Parkinson's disease) using various input data types (e.g., image, audio, and motion data). We demonstrate that these models show unreasonable predictions on out-of-distribution datasets. We show that Mahalanobis distance- and Gram matrices-based out-of-distribution detection methods are able to detect out-of-distribution data with high accuracy for the health models that operate on different modalities. We then translate the out-of-distribution score into a human interpretable CONFIDENCE SCORE to investigate its effect on the users' interaction with health ML applications. Our user study shows that the CONFIDENCE SCORE helped the participants only trust the results with a high score to make a medical decision and disregard results with a low score. Through this work, we demonstrate that dataset shift is a critical piece of information for high-stake ML applications, such as medical diagnosis and healthcare, to provide reliable and trustworthy predictions to the users.";"top 4";"Reliable and trustworthy machine learning for health using dataset shift detection";"Desiderata";"Subjective";"Med";TRUE;FALSE;FALSE;FALSE;FALSE;FALSE;NA;FALSE;TRUE;"top 4";"192";"crowdsourcing (AMT)";"SS"
NA;2022;"NIPS '22: Proceedings of the 36th International Conference on Neural Information Processing Systems";"We focus on the task of creating a reinforcement learning agent that is inherently explainable—with the ability to produce immediate local explanations by thinking out loud while performing a task and analyzing entire trajectories post-hoc to produce temporally extended explanations. This Hierarchically Explainable Reinforcement Learning agent (HEX-RL), 1 operates in Interactive Fictions, textbased game environments in which an agent perceives and acts upon the world using textual natural language. These games are usually structured as puzzles or quests with long-term dependencies in which an agent must complete a sequence of actions to succeed—providing ideal environments in which to test an agent’s ability to explain its actions. Our agent is designed to treat explainability as a first-class citizen, using an extracted symbolic knowledge graph-based (KG) state representation coupled with a Hierarchical Graph Attention mechanism that points to the facts in the internal graph representation that most influenced the choice of actions. Experiments show that this agent provides significantly improved explanations over strong baselines, as rated by human participants generally unfamiliar with the environment, while also matching state-of-the-art task performance.";"indirect";"Inherently explainable reinforcement learning in natural language";"Understanding";"Subjective";"Low";FALSE;FALSE;FALSE;FALSE;FALSE;FALSE;TRUE;FALSE;FALSE;"top 4";"40";"crowdsourcing (platform not stated)";"SS"
"10.1145/3172944.3172946";2018;"IUI '18: Proceedings of the 23rd International Conference on Intelligent User Interfaces";"Assessing and understanding intelligent agents is a difficult task for users that lack an AI background. A relatively new area, called Explainable AI, is emerging to help address this problem, but little is known about how users would forage through information an explanation system might offer. To inform the development of Explainable AI systems, we conducted a formative study -- using the lens of Information Foraging Theory -- into how experienced users foraged in the domain of StarCraft to assess an agent. Our results showed that participants faced difficult foraging problems. These foraging problems caused participants to entirely miss events that were important to them, reluctantly choose to ignore actions they did not want to ignore, and bear high cognitive, navigation, and information costs to access the information they needed.";"direct";"Toward Foraging for Understanding of StarCraft Agents";NA;NA;NA;NA;NA;NA;NA;NA;NA;NA;NA;NA;NA;"20";"domain experts (StarCraft players)";"SS"
NA;2020;"Proceedings of the 28th European Conference on Information Systems (ECIS)";"Artificial intelligence (AI) is becoming increasingly popular and intelligent systems are deployed for various use cases. However, as these systems typically rely on complex machine learning methods, they effectively exemplify black boxes. Thus, consumers are usually not informed about inner workings of these systems, e.g., data sources or feature importance. Public and private institutions have already called for fairness and transparency standards regarding intelligent systems. Although researchers develop mechanisms to ensure transparency of intelligent systems, it remains an open question how consumers perceive such transparency features. Consequently, our study examines to what extent consumers are willing to pay for these features, and what the underlying mechanisms of the purchase decision are. To answer these questions, we conduct an experiment and a subsequent survey in the context of credit scoring. We show that consumers exhibit significant willingness to pay for transparency. Furthermore, we observe that increased trust in the intelligent system caused by enhanced perceived transparency is the main driver for positive evaluation of transparency features. Our findings inform practitioners about the relevance of “fair AI” and manifest the importance of transparency research regarding intelligent systems in social sciences.";"indirect";"Opening the Black Box: Consumer's Willingness to Pay for Transparency of Intelligent Systems";NA;NA;NA;NA;NA;NA;NA;NA;NA;NA;NA;NA;NA;"60,223";"students (NA),other (market research institute)";"SS"
"10.1007/s00521-023-08696-6";2023;"Neural Computing and Applications";"As deep reinforcement learning (RL)’s capabilities surpass traditional reinforcement learning, the community is working to make these black boxes less opaque. Explanations about algorithms’ choices and strategies serve this purpose. However, information about RL algorithms’ operations is not easily accessible. Our research aimed to extract such information, use it to build explanations, and test those explanations with users. For our user study, eight RL agents were trained using OpenAI baselines. Then, the HIGHLIGHTS-VIS algorithm was created by altering previous HIGHLIGHTS algorithms to collect data about the agents’ interactions with the environment. The data were used to create explanations that were compared to previous works’ video-based summaries in a user study. The between-subjects user study had participants answer questions about different agents. Participants were measured using both self-reported trust and performance on downstream tasks. Downstream tasks are tasks that a participant is more likely to do correctly with the information contained in the explanation. Collecting data about both trust and the utility of explanations allowed comparison and analysis of the explanations’ effectiveness. Results showed that the alternative explanations built from the collected data led to more correct answers about the agents and their strategies. Additionally, explanations’ utility depended on the context. Finally, users’ reported trust in an explanation did not directly correlate to performance. These results suggest trust and effectiveness may need to be measured and calibrated separately in future examinations of explanations.";"direct";"Comparing explanations in RL";NA;NA;NA;NA;NA;NA;NA;NA;NA;NA;NA;NA;NA;"258";"crowdsourcing (Prolific)";"FS,SS,SC"
NA;2020;"NIPS'20: Proceedings of the 34th International Conference on Neural Information Processing Systems";"Most of the work on interpretable machine learning has focused on designing either inherently interpretable models, which typically trade-off accuracy for in-terpretability, or post-hoc explanation systems, whose explanation quality can be unpredictable. Our method, EXPO, is a hybridization of these approaches that regularizes a model for explanation quality at training time. Importantly, these regularizers are differentiable, model agnostic, and require no domain knowledge to define. We demonstrate that post-hoc explanations for EXPO-regularized models have better explanation quality, as measured by the common fidelity and stability metrics. We verify that improving these metrics leads to significantly more useful explanations with a user study on a realistic task.";"direct";"Regularizing Black-box Models for Improved Interpretability";"Understanding";"Objective and Subjective";"No";FALSE;FALSE;FALSE;TRUE;FALSE;FALSE;NA;FALSE;FALSE;"top 4";"60";"crowdsourcing (AMT)";"SC,SS"
"10.1109/ICHMS49158.2020.9209581";2020;"2020 IEEE International Conference on Human-Machine Systems (ICHMS)";"Consider a digital library of fiction books. A user has a certain book in mind and is searching for books which are similar in writing style, sentiment and general content. Classic retrieval techniques applied in such scenarios lack the support to explain why a set of top-K items are relevant to the query. Explainable AI (XAI) is attempting to explain the working mechanism of complex models like retrieval systems, helping humans to trust systems as companions. XAI research suggests two prominent directions: either develop add-on methods to peek inside complex models or design simple and explainable models. We adopt the latter and present a simple and explainable model for fiction books called SIMFIC (similarity in fiction). We partition books into smaller portions called chunks and extract features aligned with human cognition like writing style, sentence complexity and sentiment per chunk. In a query by example setting, a relevance ranked list of books is created based on similarities between chunks. A novel reward-penalty scheme is used while accumulating the similarities to ensure a fair comparison between short and long books. We perform feature selection using global feature vectors and pose them as plausible explanations, arguing them as global key factors differentiating between relevant and non-relevant books. SIMFIC is compared with a benchmark retrieval model and evaluated by domain experts in a study. Majority of the users found SIMFIC to provide more helpful results with respect to writing style, sentiment and general content, compared to the baseline. The results are statistically significant.";"indirect";"SIMFIC: An Explainable Book Search Companion";NA;NA;NA;NA;NA;NA;NA;NA;NA;NA;NA;NA;NA;"20";"domain experts (students),domain experts (professors)";"SS,SC"
"10.1145/3404835.3462799";2021;"SIGIR '21: Proceedings of the 44th International ACM SIGIR Conference on Research and Development in Information Retrieval";"Explainable AI (XAI) is currently a vibrant research topic. However, the absence of ground truth explanations makes it difficult to evaluate XAI systems such as Explainable Search. We present an Explainable Search system with a focus on evaluating the XAI aspect of Trustworthiness along with the retrieval performance. We present SIMFIC 2.0 (Similarity in Fiction), an enhanced version of a recent explainable search system. The system retrieves books similar to a selected book in a query-by-example setting. The motivation is to explain the notion of similarity in fiction books. We extract hand-crafted interpretable features for fiction books and provide global explanations by fitting a linear regression and local explanations based on similarity measures. The Trustworthiness facet is evaluated using user studies, while the ranking performance is compared by analysis of user clicks. Eye tracking is used to investigate user attention to the explanation elements when interacting with the interface. Initial experiments show statistically significant results on the Trustworthiness of the system, paving way for interesting research directions that are being investigated.";"direct";"Towards Trustworthiness in the Context of Explainable Search";NA;NA;NA;NA;NA;NA;NA;NA;NA;NA;NA;NA;NA;"24";"not stated (NA)";"SS"
"10.1145/3511808.3557187";2022;"CIKM '22: Proceedings of the 31st ACM International Conference on Information & Knowledge Management";"We present X-Vision, an explainable AI (XAI) driven image retrieval system based on a re-ranking approach to support non-expert users. We generate textual explanations such as, ''This image is similar to query image in color by Y%, shape by Z%'' along with visual explanations that compare image features. Besides the XAI goal of making AI systems transparent, we address the semantic gap between user's perception and model ranking, which arises in content based image retrieval (CBIR). We attempt to explain the notion of similarity in images in a query-by-example scenario, starting with relatively simple features such as color, texture, objects, background-foreground segments, moving to semantic representations learned from hidden layers of deep networks. The base retrieval model compares the query vector with other image feature vectors to create rankings. This result list is transferred to a semantic feature space that allows rule-based re-rankings. The core contribution of this work is a re-ranking algorithm for generating explanations. Our re-ranking improves retrieval performance (MAP) when compared with a base ranker, a random baseline, and recent CBIR baseline rankers on PASCAL VOC data. We evaluate XAI focused aspects of user trust in an eye-tracker based user study, we find that explanations supported users in the search process and understanding the notion of similarity.";"direct";"X-Vision: Explainable Image Retrieval by Re-Ranking in Semantic Space";NA;NA;NA;NA;NA;NA;NA;NA;NA;NA;NA;NA;NA;"26";"students (NA)";"SS,SC"
NA;2021;"CSR '21: The 1st International Workshop on Causality in Search and Recommendation";"We present an explainable document search system (ExDocS), based on a re-ranking approach, that uses textual and visual explanations to explain document rankings to non-expert users. ExDocS attempts to answer questions such as łWhy is document X ranked at Y for a given query? ž, łHow do we compare multiple documents to understand their relative rankings? ž. The contribution of this work is on re-ranking methods based on various interpretable facets of evidence such as term statistics, contextual words, and citation-based popularity. Contribution from the user interface perspective consists of providing intuitive accessible explanations such as: łdocument X is at rank Y because of matches found like Zž along with visual elements designed to compare the evidence and thereby explain the rankings. The quality of our re-ranking approach is evaluated on benchmark data sets in an ad-hoc retrieval setting. Due to the absence of ground truth of explanations, we evaluate the aspects of interpretability and completeness of explanations in a user study. ExDocS is compared with a recent baseline-explainable search system (EXS), that uses a popular posthoc explanation method called LIME. In line with the łno free lunchž theorem, we find statistically significant results showing that ExDocS provides an explanation for rankings that are understandable and complete but the explanation comes at the cost of a drop in ranking quality.";"direct";"ExDocS: Evidence based Explainable Document Search";"Understanding";"Subjective";"Low";TRUE;FALSE;NA;NA;FALSE;FALSE;FALSE;FALSE;FALSE;"2021 and after";"32";"domain experts (IT professionals)";"SS"
"10.1145/3411764.3445315";2021;"CHI '21: Proceedings of the 2021 CHI Conference on Human Factors in Computing Systems";"With machine learning models being increasingly used to aid decision making even in high-stakes domains, there has been a growing interest in developing interpretable models. Although many supposedly interpretable models have been proposed, there have been relatively few experimental studies investigating whether these models achieve their intended effects, such as making people more closely follow a model’s predictions when it is beneficial for them to do so or enabling them to detect when a model has made a mistake. We present a sequence of pre-registered experiments (N = 3, 800) in which we showed participants functionally identical models that varied only in two factors commonly thought to make machine learning models more or less interpretable: the number of features and the transparency of the model (i.e., whether the model internals are clear or black box). Predictably, participants who saw a clear model with few features could better simulate the model’s predictions. However, we did not find that participants more closely followed its predictions. Furthermore, showing participants a clear model meant that they were less able to detect and correct for the model’s sizable mistakes, seemingly due to information overload. These counterintuitive findings emphasize the importance of testing over intuition when developing interpretable models.";"indirect";"Manipulating and Measuring Model Interpretability";NA;NA;NA;NA;NA;NA;NA;NA;NA;NA;NA;NA;NA;"1250";"crowdsourcing (AMT)";"FS,SS"
"10.1145/1111449.1111475";2006;"IUI '06: Proceedings of the 11th international conference on Intelligent user interfaces";"Based on our recent work on the development of a trust model for recommender agents and a qualitative survey, we explore the potential of building users' trust with explanation interfaces. We present the major results from the survey, which provided a roadmap identifying the most promising areas for investigating design issues for trust-inducing interfaces. We then describe a set of general principles derived from an in-depth examination of various design dimensions for constructing explanation interfaces, which most contribute to trust formation. We present results of a significant-scale user study, which indicate that the organization-based explanation is highly effective in building users' trust in the recommendation interface, with the benefit of increasing users' intention to return to the agent and save cognitive effort.";"indirect";"Trust building with explanation interfaces";NA;NA;NA;NA;NA;NA;NA;NA;NA;NA;NA;NA;NA;"72";"not stated (NA)";"SS,SC"
NA;2019;"ACMIUI-WS '19: Joint Proceedings of the ACM IUI 2019 Workshops co-located with the 24th ACM Conference on Intelligent User Interfaces (ACM IUI 2019)";"This work is the first step towards understanding when and if it is necessary for an Intelligent Tutoring System (ITS) to explain its underlying user modeling techniques to students. We conduct an initial pilot study to explore student attitudes towards incorporating explanations to an ITS, by asking participants for suggestions on the type of explanations, if any, that they would like to see. Our results indicate an overall positive sentiment towards wanting explanation and suggest a few design directions for incorporating explanation into an existing ITS.";"direct";"Exploring the Need for Explainable Artificial Intelligence (XAI) in Intelligent Tutoring Systems (ITS)";"Desiderata";"Subjective";"Med";FALSE;FALSE;NA;NA;TRUE;FALSE;FALSE;NA;FALSE;"up to 2020";"9";"students (NA)";"SS"
NA;2022;"AAMAS '22: Proceedings of the 21st International Conference on Autonomous Agents and Multiagent Systems";"Autonomous agents are increasingly being deployed amongst human end-users. Yet, human users often have little knowledge of how these agents work or what they will do next. This lack of transparency has already resulted in unintended consequences during AI use: a concerning trend which is projected to increase with the proliferation of autonomous agents. To curb this trend and ensure safe use of AI, assisting users in establishing an accurate understanding of agents that they work with is essential. In this work, we present AI teacher, a user-centered Explainable AI framework to address this need for autonomous agents that follow a Markovian policy. Our framework first computes salient instructions of agent behavior by estimating a user's mental model and utilizing algorithms for sequential decision-making. Next, in contrast to existing solutions, these instructions are presented interactively to the end-users, thereby enabling a personalized approach to improving AI transparency. We evaluate our framework, with emphasis on its interactive features, through experiments with human participants. The experiment results suggest that, relative to non-interactive approaches, interactive teaching can both reduce the amount of time it takes for humans to create accurate mental models of these agents and is subjectively preferred by human users.";"direct";"Evaluating the Role of Interactivity on Improving Transparency in Autonomous Agents";NA;NA;NA;NA;NA;NA;NA;NA;NA;NA;NA;NA;NA;"24";"students (NA),administrative staff (NA),researchers (NA)";"SS,SC"
"10.1145/3485447.3512254";2022;"WWW '22: Proceedings of the ACM Web Conference 2022";"Perturbation-based techniques are promising for explaining black-box machine learning models due to their effectiveness and ease of implementation. However, prior works have faced the problem of Out-of-Distribution (OoD) — an artifact of randomly perturbed data becoming inconsistent with the original dataset, degrading the reliability of generated explanations, which is still under-explored according to our best knowledge. This work addresses the OoD issue by designing a simple yet effective module that can quantify the affinity between the perturbed data and the original dataset distribution. Specifically, we penalize the influences of unreliable OoD data for the perturbed samples by integrating the inlier scores and prediction results of the target models, thereby making the final explanations more robust. Our solution is shown to be compatible with the most popular perturbation-based XAI algorithms: RISE, OCCLUSION, and LIME. Extensive experiments confirmed that our methods exhibit superior performance in most cases with computational and cognitive metrics. In particular, we point out the degradation problem of RISE algorithm for the first time. With our design, the performance of RISE can be boosted significantly. Besides, our solution also resolves a fundamental problem with a faithfulness indicator, a commonly used evaluation metric of XAI algorithms that appears sensitive to the OoD issue.";"indirect";"Generating Perturbation-based Explanations with Robustness to Out-of-Distribution Data";NA;NA;NA;NA;NA;NA;NA;NA;NA;NA;NA;NA;NA;"39";"not stated (NA)";"SS,SC"
"10.1145/3576840.3578315";2023;"CHIIR '23: Proceedings of the 2023 Conference on Human Information Interaction and Retrieval";"The goal of interpretable machine learning (ML) is to design tools and visualizations to help users scrutinize a system's predictions. Prior studies have mostly employed quantitative methods to investigate the effects of specific tools/visualizations on outcomes related to objective performance—a human's ability to correctly agree or disagree with the system—and subjective perceptions of the system. Few studies have employed qualitative methods to investigate how and why specific tools/visualizations influence performance, perceptions, and behaviors. We report on a lab study (N = 30) that investigated the influences of two interpretability features: confidence values and sentence highlighting. Participants judged whether medical articles belong to a predicted medical topic and were exposed to two interface conditions—one with and one without interpretability features. We investigate the effects of our interpretability features on participants' performance and perceptions. Additionally, we report on a qualitative analysis of participants' responses during an exit interview. Specifically, we report on how our interpretability features impacted different cognitive activities that participants engaged with during the task—reading, learning, and decision making. We also describe ways in which the interpretability features introduced challenges and sometimes led participants to make mistakes. Insights gained from our results point to future directions for interpretable ML research.";"direct";"Understanding the Cognitive Influences of Interpretability Features on How Users Scrutinize Machine-Predicted Categories";NA;NA;NA;NA;NA;NA;NA;NA;NA;NA;NA;NA;NA;"30";"students (NA),administrative staff (NA),researchers (NA)";"FS,SS,SC"
"10.1016/j.eswa.2017.01.045";2017;"Expert Systems with Applications";"Recommender systems help users to identify which items from a variety of choices best match their needs and preferences. In this context, explanations act as complementary information that can help users to better comprehend the system's output and to encourage goals such as trust, confidence in decision-making or utility. In this paper we propose a Personalized Social Individual Explanation approach (PSIE). Unlike other expert systems the PSIE proposal novelly includes explanations about the system's group recommendation and explanations about the group's social reality with the goal of inducing a positive reaction that leads to a better perception of the received group recommendations. Among other challenges, we uncover a special need to focus on tactful explanations when addressing users' personal relationships within a group and to focus on personalized reassuring explanations that encourage users to accept the presented recommendations. Besides, the resulting intelligent system significatively increases users' intent (likelihood) to follow the recommendations, users' satisfaction and the system's efficiency and trustworthiness.";"indirect";"Make it personal: A social explanation system applied to group recommendations";NA;NA;NA;NA;NA;NA;NA;NA;NA;NA;NA;NA;NA;"124";"students (NA),administrative staff (NA),researchers (NA),other (Facebook)";"SS"
"10.1007/s00521-022-07809-x";2022;"Neural Computing and Applications";"Abstract In clinical practice, algorithmic predictions may seriously jeopardise patients’ health and thus are required to be validated by medical experts before a final clinical decision is met. Towards that aim, there is need to incorporate explainable artificial intelligence techniques into medical research. In the specific field of epileptic seizure detection there are several machine learning algorithms but less methods on explaining them in an interpretable way. Therefore, we introduce XAI4EEG: an application-aware approach for an explainable and hybrid deep learning-based detection of seizures in multivariate EEG time series. In XAI4EEG, we combine deep learning models and domain knowledge on seizure detection, namely (a) frequency bands, (b) location of EEG leads and (c) temporal characteristics. XAI4EEG encompasses EEG data preparation, two deep learning models and our proposed explanation module visualizing feature contributions that are obtained by two SHAP explainers, each explaining the predictions of one of the two models. The resulting visual explanations provide an intuitive identification of decision-relevant regions in the spectral, spatial and temporal EEG dimensions. To evaluate XAI4EEG, we conducted a user study, where users were asked to assess the outputs of XAI4EEG, while working under time constraints, in order to emulate the fact that clinical diagnosis is done - more often than not - under time pressure. We found that the visualizations of our explanation module (1) lead to a substantially lower time for validating the predictions and (2) leverage an increase in interpretability, trust and confidence compared to selected SHAP feature contribution plots.";"direct";"XAI4EEG: spectral and spatio-temporal explanation of deep learning-based seizure detection in EEG time series";NA;NA;NA;NA;NA;NA;NA;NA;NA;NA;NA;NA;NA;"28";"students (NA)";"SS,SC"
"10.1145/3491101.3519795";2022;"CHI EA '22: CHI Conference on Human Factors in Computing Systems Extended Abstracts";"Explanations are well-known to improve recommender systems' transparency. These explanations may be local, explaining individual recommendations, or global, explaining the recommender model overall. Despite their widespread use, there has been little investigation into the relative benefits of the two explanation approaches. We conducted a 30-participant exploratory study and a 30-participant controlled user study with a research-paper recommender to analyze how providing local, global, or both explanations influences user understanding of system behavior. Our results provide evidence suggesting that both are more helpful than either alone for explaining how to improve recommendations, yet both appeared less helpful than global alone for efficiently identifying false positive and negative recommendations. However, we note that the two explanation approaches may be better compared in a higher-stakes or more opaque domain.";"direct";"Exploring the Role of Local and Global Explanations in Recommender Systems";NA;NA;NA;NA;NA;NA;NA;NA;NA;NA;NA;NA;NA;"30,30";"researchers (NA)";"SS"
NA;2020;"NIPS '20: Proceedings of the 34th International Conference on Neural Information Processing Systems";"In recent years, post-hoc local instance-level and global dataset-level explainability of black-box models has received a lot of attention. Much less attention has been given to obtaining insights at intermediate or group levels, which is a need outlined in recent works that study the challenges in realizing the guidelines in the General Data Protection Regulation (GDPR). In this paper, we propose a meta-method that, given a typical local explainability method, can build a multilevel explanation tree. The leaves of this tree correspond to the local explanations, the root corresponds to the global explanation, and intermediate levels correspond to explanations for groups of data points that it automatically clusters. The method can also leverage side information, where users can specify points for which they may want the explanations to be similar. We argue that such a multilevel structure can also be an effective form of communication, where one could obtain few explanations that characterize the entire dataset by considering an appropriate level in our explanation tree. Explanations for novel test points can be cost-efficiently obtained by associating them with the closest training points. When the local explainability technique is generalized additive (viz. LIME, GAMs), we develop a fast approximate algorithm for building the multilevel tree and study its convergence behavior. We validate the effectiveness of the proposed technique based on two human studies -- one with experts and the other with non-expert users -- on real world datasets, and show that we produce high fidelity sparse explanations on several other public datasets.";"indirect";"Model Agnostic Multilevel Explanations";"Desiderata";"Objective";"No";FALSE;FALSE;NA;NA;FALSE;FALSE;NA;FALSE;FALSE;"top 4";"30";"AI experts (NA)";"FS,SC"
NA;2020;"NIPS '20: Proceedings of the 34th International Conference on Neural Information Processing Systems";"As predictive models are increasingly being deployed in high-stakes decision-making, there has been a lot of interest in developing algorithms which can provide recourses to affected individuals. While developing such tools is important, it is even more critical to analyse and interpret a predictive model, and vet it thoroughly to ensure that the recourses it offers are meaningful and non-discriminatory before it is deployed in the real world. To this end, we propose a novel model agnostic framework called Actionable Recourse Summaries (AReS) to construct global counterfactual explanations which provide an interpretable and accurate summary of recourses for the entire population. We formulate a novel objective which simultaneously optimizes for correctness of the recourses and interpretability of the explanations, while minimizing overall recourse costs across the entire population. More specifically, our objective enables us to learn, with optimality guarantees on recourse correctness, a small number of compact rule sets each of which capture recourses for well defined subpopulations within the data. We also demonstrate theoretically that several of the prior approaches proposed to generate recourses for individuals are special cases of our framework. Experimental evaluation with real world datasets and user studies demonstrate that our framework can provide decision makers with a comprehensive overview of recourses corresponding to any black box model, and consequently help detect undesirable model biases and discrimination.";"indirect";"Beyond individualized recourse: interpretable and interactive summaries of actionable recourses";"Understanding";"Objective and Subjective";"No";TRUE;FALSE;NA;NA;FALSE;FALSE;FALSE;FALSE;FALSE;"top 4";"21";"not stated (NA)";"SAR"
"10.1145/3397481.3450676";2021;"IUI '21: Proceedings of the 26th International Conference on Intelligent User Interfaces";"Algorithms often appear as 'black boxes' to non-expert users. While prior work focuses on explainable representations and expert-oriented exploration, we propose and study an interactive approach using question answering to explain deterministic algorithms to non-expert users who need to understand the algorithms' internal states (students learning algorithms, operators monitoring robots, admins troubleshooting network routing). We construct XAlgo—a formal model that first classifies the type of question based on a taxonomy and generates an answer based on a set of rules that extract information from representations of an algorithm's internal states, the pseudocode. A design probe based on an algorithm learning scenario with 18 participants (9 for a Wizard-of-Oz XAlgo and 9 as a control group) reports findings and design implications based on what kinds of questions people ask, how well XAlgo responds, and what remain as challenges to bridge users' gulf of algorithm understanding.";"direct";"XAlgo: a Design Probe of Explaining Algorithms’ Internal States via Question-Answering";NA;NA;NA;NA;NA;NA;NA;NA;NA;NA;NA;NA;NA;"18";"students (NA),administrative staff (NA),researchers (NA),other (Craigslist)";"SS"
"10.1007/978-3-031-35891-3_18";2023;"Artificial Intelligence in HCI Lecture Notes in Computer Science";"Artificial intelligence (AI) and machine learning (ML) have become ubiquitous tools in the modern era. As more technologies become dependent on AI and ML, there is a greater push to understand how to use Explainable AI (XAI) to help human users understand the underlying decision processes of the technology. We report on a laboratory-controlled experiment focused on trust and understanding comparing different types of XAI explanations with a recommendation system while controlling for participant gender and educational background. We found statistically significant interactions of both gender and educational background. As a result, we conclude that there is not one particular way to show explanations that is best for all audiences because both gender and the person’s education and professional background play a part in determining their trust and understanding in the system. In addition, although a number of publications have promoted visual word clouds as a way to show XAI, our participants rejected that type of explanation and preferred textual explanations.";"direct";"Evaluating Explainable AI (XAI) in Terms of User Gender and Educational Background";NA;NA;NA;NA;NA;NA;NA;NA;NA;NA;NA;NA;NA;"60";"not stated (NA)";"SS"
"10.1007/978-3-030-85616-8_39";2021;"Human-Computer Interaction (INTERACT) Lecture Notes in Computer Science";"Nowadays, search engines, social media or news aggregators are the preferred services for news access. Aggregation is mostly based on artificial intelligence technologies raising a new challenge: Trust has been ranked as the most important factor for media business. This paper reports findings of a study evaluating the influence of manipulations of interface design and information provided in the context of eXplainable Artificial Intelligence (XAI) on user perception and in the context of news content aggregators. In an experimental online study, various layouts and scenarios have been developed, implemented and tested with 266 participants. Measures of trust, understanding and preference were recorded. Results showed no influence of the factors on trust. However, data indicates that the influence of the layout, for example implicit integration of media source through layout structuration has a significant effect on perceived importance to cite the source of a media. Moreover, the amount of information presented to explain the AI showed a negative influence on user understanding. This highlights the importance and difficulty of making XAI understandable for its users.";"direct";"Trust Indicators and Explainable AI: A Study on User Perceptions";NA;NA;NA;NA;NA;NA;NA;NA;NA;NA;NA;NA;NA;"226";"students (NA),other (social media)";"SS,SC"
"10.1007/978-3-030-01267-0_16";2018;"Computer Vision (ECCV) Lecture Notes in Computer Science";"Scientific fields that are interested in faces have developed their own sets of concepts and procedures for understanding how a target model system (be it a person or algorithm) perceives a face under varying conditions. In computer vision, this has largely been in the form of dataset evaluation for recognition tasks where summary statistics are used to measure progress. While aggregate performance has continued to improve, understanding individual causes of failure has been difficult, as it is not always clear why a particular face fails to be recognized, or why an impostor is recognized by an algorithm. Importantly, other fields studying vision have addressed this via the use of visual psychophysics: the controlled manipulation of stimuli and careful study of the responses they evoke in a model system. In this paper, we suggest that visual psychophysics is a viable methodology for making face recognition algorithms more explainable. A comprehensive set of procedures is developed for assessing face recognition algorithm behavior, which is then deployed over state-of-the-art convolutional neural networks and more basic, yet still widely used, shallow and handcrafted feature-based approaches.";"direct";"Visual Psychophysics for Making Face Recognition Algorithms More Explainable";NA;NA;NA;NA;NA;NA;NA;NA;NA;NA;NA;NA;NA;"14";"not stated (NA)";"FS"
"10.1145/3322276.3322318";2019;"DIS '19: Proceedings of the 2019 on Designing Interactive Systems Conference";"Autonomous vehicles and robots are increasingly being deployed to remote, dangerous environments in the energy sector, search and rescue and the military. As a result, there is a need for humans to interact with these robots to monitor their tasks, such as inspecting and repairing offshore wind-turbines. Conversational Agents can improve situation awareness and transparency, while being a hands-free medium to communicate key information quickly and succinctly. As part of our user-centered design of such systems, we conducted an in-depth immersive qualitative study of twelve marine research scientists and engineers, interacting with a prototype Conversational Agent. Our results expose insights into the appropriate content and style for the natural language interaction and, from this study, we derive nine design recommendations to inform future Conversational Agent design for remote autonomous systems.";"direct";"Exploring Interaction with Remote Autonomous Systems using Conversational Agents";NA;NA;NA;NA;NA;NA;NA;NA;NA;NA;NA;NA;NA;"12";"domain experts (marine research scientists and engineers)";"SS"
"10.1145/3397481.3450699";2021;"IUI '21: Proceedings of the 26th International Conference on Intelligent User Interfaces";"Work in AI-based explanation systems has uncovered an interesting contradiction: people prefer and learn best from why explanations but expert esports commentators primarily answer what questions when explaining complex behavior in real-time strategy games. Three possible explanations for this contradiction are: 1.) broadcast audiences are well-informed and do not need why explanations; 2.) consuming why explanations in real-time is too cognitively demanding for audiences; or 3.) producing live why explanations is too difficult for commentators. We answer this open question by investigating the effects of explanation types and presentation modalities on audience recall and cognitive load in the context of an esports broadcast. We recruit 111 Dota 2 players and split them into three groups: the first group views a Dota 2 broadcast, the second group has the addition of an interactive map that provides what explanations, and the final group receives the interactive map with detailed why explanations. We find that participants who receive short interactive text prompts that provide what explanations outperform the no explanation group on a multiple-choice recall task. We also find that participants who receive detailed why explanations submit reports of cognitive load that are higher than the no explanation group. Our evidence supports the conclusion that informed audiences benefit from explanations but do not have the cognitive resources to process why answers in real-time. It also supports the conclusion that stacked explanation interventions across different modalities, like audio, interactivity, and text, can aid real-time comprehension when attention resources are limited. Together, our results indicate that interactive multimedia interfaces can be leveraged to quickly guide attention and provide low-cost explanations to improve intelligibility when time is too scarce for cognitively demanding why explanations.";"indirect";"Wait, But Why?: Assessing Behavior Explanation Strategies for Real-Time Strategy Games";NA;NA;NA;NA;NA;NA;NA;NA;NA;NA;NA;NA;NA;"131";"crowdsourcing (Prolific)";"SS,SC"
NA;2022;"arXiv";"Recent research has supported that system explainability improves user trust and willingness to use medical AI for diagnostic support. In this paper, we use chest disease diagnosis based on X-Ray images as a case study to investigate user trust and reliance. Building off explainability, we propose a support system where users (radiologists) can view causal explanations for final decisions. After observing these causal explanations, users provided their opinions of the model predictions and could correct explanations if they did not agree. We measured user trust as the agreement between the model's and the radiologist's diagnosis as well as the radiologists' feedback on the model explanations. Additionally, they reported their trust in the system. We tested our model on the CXR-Eye dataset and it achieved an overall accuracy of 74.1%. However, the experts in our user study agreed with the model for only 46.4% of the cases, indicating the necessity of improving the trust. The self-reported trust score was 3.2 on a scale of 1.0 to 5.0, showing that the users tended to trust the model but the trust still needs to be enhanced.";"indirect";"User Trust on an Explainable AI-based Medical Diagnosis Support System";"Understanding";"Objective and Subjective";"Low";FALSE;FALSE;NA;NA;TRUE;FALSE;FALSE;TRUE;TRUE;"2021 and after";"5";"domain experts (medical)";"FS,SS"
"10.1609/aaai.v32i1.11504";2018;"Proceedings of the Thirty-Second AAAI Conference on Artificial Intelligence";"Deep neural networks have proven remarkably effective at solving many classification problems, but have been criticized recently for two major weaknesses: the reasons behind their predictions are uninterpretable, and the predictions themselves can often be fooled by small adversarial perturbations. These problems pose major obstacles for the adoption of neural networks in domains that require security or transparency. In this work, we evaluate the effectiveness of defenses that differentiably penalize the degree to which small changes in inputs can alter model predictions. Across multiple attacks, architectures, defenses, and datasets, we find that neural networks trained with this input gradient regularization exhibit robustness to transferred adversarial examples generated to fool all of the other models. We also find that adversarial examples generated to fool gradient-regularized models fool all other models equally well, and actually lead to more legitimate, interpretable misclassifications as rated by people (which we confirm in a human subject experiment). Finally, we demonstrate that regularizing input gradients makes them more naturally interpretable as rationales for model predictions. We conclude by discussing this relationship between interpretability and robustness in deep neural networks.";"indirect";"Improving the Adversarial Robustness and Interpretability of Deep Neural Networks by Regularizing Their Input Gradients";NA;NA;NA;NA;NA;NA;NA;NA;NA;NA;NA;NA;NA;"11";"not stated (NA)";"SS,SC"
"10.1145/3411764.3445296";2021;"CHI '21: Proceedings of the 2021 CHI Conference on Human Factors in Computing Systems";"For machine learning models to be most useful in numerous sociotechnical systems, many have argued that they must be human-interpretable. However, despite increasing interest in interpretability, there remains no firm consensus on how to measure it. This is especially true in representation learning, where interpretability research has focused on “disentanglement” measures only applicable to synthetic datasets and not grounded in human factors. We introduce a task to quantify the human-interpretability of generative model representations, where users interactively modify representations to reconstruct target instances. On synthetic datasets, we find performance on this task much more reliably differentiates entangled and disentangled models than baseline approaches. On a real dataset, we find it differentiates between representation learning methods widely believed but never shown to produce more or less interpretable models. In both cases, we ran small-scale think-aloud studies and large-scale experiments on Amazon Mechanical Turk to confirm that our qualitative and quantitative results agreed.";"indirect";"Evaluating the Interpretability of Generative Models by Interactive Reconstruction";NA;NA;NA;NA;NA;NA;NA;NA;NA;NA;NA;NA;NA;"10,105";"students (NA),crowdsourcing (AMT)";"PH"
NA;2019;"ACMIUI-WS '19: Joint Proceedings of the ACM IUI 2019 Workshops co-located with the 24th ACM Conference on Intelligent User Interfaces (ACM IUI)";"Autonomous robots can be difficult to understand by their develop-ers, let alone by end users. Yet, as they become increasingly integralparts of our societies, the need for affordable easy to use t ...";"indirect";"Robots that make sense: transparent intelligence through augmented reality";NA;NA;NA;NA;NA;NA;NA;NA;NA;NA;NA;NA;NA;"45";"not stated (NA)";"SS,SC"
NA;2020;"arXiv";"We present a novel approach for learning to generate counterfactual explanations of decisions made by classifiers. We show how to improve user scoring of explanations by using ranking data over pairs of diverse explanations. Applying this framework to a range of classification problems, we show how varying explanations can be learnt depending on their intended application. We empirically demonstrate the importance of context and that the precise form of a good explanation depends upon what it is to be used for.";"indirect";"Learning Relevant Explanations";NA;NA;NA;NA;NA;NA;NA;NA;NA;NA;NA;NA;NA;"10";"other (researchers),other (scientists),other (workshop organizers)";"SC"
"10.1007/978-3-030-51310-8_4";2020;"Natural Language Processing and Information Systems (NLDB) Lecture Notes in Computer Science";"This paper shows the preliminary results of an initial effort to analyse whether explanations associated with a semantic parser help users to generalise the system’s mechanisms regardless of their technical background. With the support of a user-centred experiment with 66 participants, we evaluated the user’s mental model by associating the linguistic features from a set of explanations to the system’s behaviour.";"direct";"A User-centred Analysis of Explanations for a Multi-component Semantic Parser";NA;NA;NA;NA;NA;NA;NA;NA;NA;NA;NA;NA;NA;"66";"other (authors' professional network)";"FS,SS"
NA;2021;"Poster in ICML Workshop on Theoretic Foundation, Criticism, and Application Trend of Explainable AI";"A particular class of Explainable AI (XAI) methods provide saliency maps to highlight part of the image a Convolutional Neural Network (CNN) model looks at to classify the image as a way to explain its working. These methods provide an intuitive way for users to understand predictions made by CNNs. Other than quantitative computational tests, the vast majority of evidence to highlight that the methods are valuable is anecdotal. Given that humans would be the end-users of such methods, we devise three human subject experiments through which we gauge the effectiveness of these saliency-based explainability methods.";"indirect";"Evaluation of Saliency-based Explainability Methods";NA;NA;NA;NA;NA;NA;NA;NA;NA;NA;NA;NA;NA;"NA";"not stated (NA)";"FS,SS,SC"
"10.1145/2678025.2701406";2015;"IUI '15: Proceedings of the 20th International Conference on Intelligent User Interfaces";"In many of today's online applications that facilitate data exploration, results from information filters such as recommender systems are displayed alongside traditional search tools. However, the effect of prediction algorithms on users who are performing open-ended data exploration tasks through a search interface is not well understood. This paper describes a study of three interface variations of a tool for analyzing commuter traffic anomalies in the San Francisco Bay Area. The system supports novel interaction between a prediction algorithm and a human analyst, and is designed to explore the boundaries, limitations and synergies of both. The degree of explanation of underlying data and algorithmic process was varied experimentally across each interface. The experiment (N=197) was performed to assess the impact of algorithm transparency/explanation on data analysis tasks in terms of search success, general insight into the underlying data set and user experience. Results show that 1) presence of recommendations in the user interface produced a significant improvement in recall of anomalies, 2) participants were able to detect anomalies in the data that were missed by the algorithm, 3) participants who used the prediction algorithm performed significantly better when estimating quantities in the data, and 4) participants in the most explanatory condition were the least biased by the algorithm's predictions when estimating quantities.";"indirect";"Getting the Message?";NA;NA;NA;NA;NA;NA;NA;NA;NA;NA;NA;NA;NA;"563";"crowdsourcing (AMT)";"FS,SS,SC"
"10.1145/3301275.3302308";2019;"IUI '19: Proceedings of the 24th International Conference on Intelligent User Interfaces";"Intelligent assistants, such as navigation, recommender, and expert systems, are most helpful in situations where users lack domain knowledge. Despite this, recent research in cognitive psychology has revealed that lower-skilled individuals may maintain a sense of illusory superiority, which might suggest that users with the highest need for advice may be the least likely to defer judgment. Explanation interfaces - a method for persuading users to take a system's advice - are thought by many to be the solution for instilling trust, but do their effects hold for self-assured users? To address this knowledge gap, we conducted a quantitative study (N=529) wherein participants played a binary decision-making game with help from an intelligent assistant. Participants were profiled in terms of both actual (measured) expertise and reported familiarity with the task concept. The presence of explanations, level of automation, and number of errors made by the intelligent assistant were manipulated while observing changes in user acceptance of advice. An analysis of cognitive metrics lead to three findings for research in intelligent assistants: 1) higher reported familiarity with the task simultaneously predicted more reported trust but less adherence, 2) explanations only swayed people who reported very low task familiarity, and 3) showing explanations to people who reported more task familiarity led to automation bias.";"indirect";"I can do better than your AI";"Understanding";"Objective and Subjective";"No";TRUE;FALSE;FALSE;TRUE;TRUE;FALSE;TRUE;FALSE;FALSE;"up to 2020";"867";"crowdsourcing (AMT)";"SS"
"10.1007/978-3-030-86436-1_5";2021;"Technology-Enhanced Learning for a Free, Safe, and Sustainable World (EC-TEL) Lecture Notes in Computer Science";"This paper presents exploratory research regarding the design and evaluation of a dashboard supporting the advising of aspiring university students incorporating a black-box predictive model for student success. While black-box predictive models can provide accurate predictions, incorporating them in dashboards is challenging as the black-box nature can threaten the interpretability and negatively impact trust of end-users. Explainable Learning Analytics aims to provide insights to black-box predictions by for instance explaining how the input features impact the prediction made. Two dashboards were designed to visualize the prediction and the outcome of the explainer. The dashboards supplemented the explainer with an interactive visualisation allowing to simulate how changes in the student's features impact the prediction. Both dashboards were evaluated in user tests with 13 participants. The results show the potential of explainable AI techniques to bring predictive models to advising practice. We found that the combination of the explainer with the simulation helped users to compare the predictive model with their mental models of student success, challenging understanding of users and influencing trust in the predictive model.";"direct";"Interactive and Explainable Advising Dashboard Opens the Black Box of Student Success Prediction";NA;NA;NA;NA;NA;NA;NA;NA;NA;NA;NA;NA;NA;"13";"students (NA),administrative staff (NA),researchers (NA)";"SS,SC"
NA;2019;"arXiv preprint arXiv:1901.08558";"Decisions by Machine Learning (ML) models have become ubiquitous. Trusting these decisions requires understanding how algorithms take them. Hence interpretability methods for ML are an active focus of research. A central problem in this context is that both the quality of interpretability methods as well as trust in ML predictions are difficult to measure. Yet evaluations, comparisons and improvements of trust and interpretability require quantifiable measures. Here we propose a quantitative measure for the quality of interpretability methods. Based on that we derive a quantitative measure of trust in ML decisions. Building on previous work we propose to measure intuitive understanding of algorithmic decisions using the information transfer rate at which humans replicate ML model predictions. We provide empirical evidence from crowdsourcing experiments that the proposed metric robustly differentiates interpretability methods. The proposed metric also demonstrates the value of interpretability for ML assisted human decision making: in our experiments providing explanations more than doubled productivity in annotation tasks. However unbiased human judgement is critical for doctors, judges, policy makers and others. Here we derive a trust metric that identifies when human decisions are overly biased towards ML predictions. Our results complement existing qualitative work on trust and interpretability by quantifiable measures that can serve as objectives for further improving methods in this field of research.";"indirect";"Quantifying Interpretability and Trust in Machine Learning Systems";"Understanding";"Objective";"No";TRUE;TRUE;FALSE;FALSE;FALSE;FALSE;FALSE;FALSE;FALSE;"up to 2020";"NA";"crowdsourcing (AMT)";"FS,SC"
"10.1145/3411764.3446647";2021;"CHI '21: Proceedings of the 2021 CHI Conference on Human Factors in Computing Systems";"In a fully autonomous driving situation, passengers hand over the steering control to a highly automated system. Autonomous driving behaviour may lead to confusion and negative user experience. When establishing such new technology, the user’s acceptance and understanding are crucial factors regarding success and failure. Using a driving simulator and a mobile application, we evaluated if system transparency during and after the interaction can increase the user experience and subjective feeling of safety and control. We contribute an initial guideline for autonomous driving experience design, bringing together the areas of user experience, explainable artificial intelligence and autonomous driving. The AVAM questionnaire, UEQ-S and interviews show that explanations during or after the ride help turn a negative user experience into a neutral one, which might be due to the increased feeling of control. However, we did not detect an effect for combining explanations during and after the ride.";"indirect";"ExplAIn Yourself! Transparency for Positive UX in Autonomous Driving";NA;NA;NA;NA;NA;NA;NA;NA;NA;NA;NA;NA;NA;"40";"domain experts (employees of a German automobile manufacturer),students (NA),researchers (NA),administrative staff (NA)";"SS"
"10.1007/s10994-022-06157-0";2022;"Machine Learning";"Abstract Interpreting a large number of neurons in deep learning is difficult. Our proposed ‘CLAssifier-DECoder’ architecture ( ClaDec ) facilitates the understanding of the output of an arbitrary layer of neurons or subsets thereof. It uses a decoder that transforms the incomprehensible representation of the given neurons to a representation that is more similar to the domain a human is familiar with. In an image recognition problem, one can recognize what information (or concepts) a layer maintains by contrasting reconstructed images of ClaDec with those of a conventional auto-encoder(AE) serving as reference. An extension of ClaDec allows trading comprehensibility and fidelity. We evaluate our approach for image classification using convolutional neural networks. We show that reconstructed visualizations using encodings from a classifier capture more relevant classification information than conventional AEs. This holds although AEs contain more information on the original input. Our user study highlights that even non-experts can identify a diverse set of concepts contained in images that are relevant (or irrelevant) for the classifier. We also compare against saliency based methods that focus on pixel relevance rather than concepts. We show that ClaDec tends to highlight more relevant input areas to classification though outcomes depend on classifier architecture. Code is at https://github.com/JohnTailor/ClaDec";"direct";"Explaining classifiers by constructing familiar concepts";NA;NA;NA;NA;NA;NA;NA;NA;NA;NA;NA;NA;NA;"59";"crowdsourcing (Prolific)";"SS"
"10.1007/s42979-023-02401-z";2023;"SN Computer Science";"Abstract Providing rationales for decisions can enhance transparency and cultivate trust. Nevertheless, in light of economic incentives and other factors that may encourage manipulation, the reliability of such explanations comes into question. This manuscript builds upon a previous conference paper $$^*$$ <mml:math xmlns:mml=http://www.w3.org/1998/Math/MathML> <mml:msup> <mml:mrow /> <mml:mo>∗</mml:mo> </mml:msup> </mml:math> by introducing a conceptual framework for deceptive explanations and constructing a typology grounded in interdisciplinary literature. The focus of our work is on how AI models can generate and detect deceptive explanations. In our empirical evaluation, we focus on text classification and introduce modifications to the explanations generated by GradCAM, a well-established method for explaining neural networks. Through a user study comprising 200 participants, we demonstrate that these deceptive explanations have the potential to mislead individuals. However, we also demonstrate that machine learning (ML) techniques can discern even subtle deceptive tactics with an accuracy exceeding 80%, given sufficient domain expertise. Furthermore, even in the absence of domain knowledge, unsupervised learning can be employed to identify inconsistencies in the explanations, provided that fundamental information about the underlying predictive model is accessible.";"direct";"Deceptive XAI: Typology, Creation and Detection";NA;NA;NA;NA;NA;NA;NA;NA;NA;NA;NA;NA;NA;"200";"crowdsourcing (AMT)";"FS"
"10.1145/3531146.3533218";2022;"FAccT '22: Proceedings of the 2022 ACM Conference on Fairness, Accountability, and Transparency";"Automated decision systems (ADS) are increasingly used for consequential decision-making. These systems often rely on sophisticated yet opaque machine learning models, which do not allow for understanding how a given decision was arrived at. In this work, we conduct a human subject study to assess people's perceptions of informational fairness (i.e., whether people think they are given adequate information on and explanation of the process and its outcomes) and trustworthiness of an underlying ADS when provided with varying types of information about the system. More specifically, we instantiate an ADS in the area of automated loan approval and generate different explanations that are commonly used in the literature. We randomize the amount of information that study participants get to see by providing certain groups of people with the same explanations as others plus additional explanations. From our quantitative analyses, we observe that different amounts of information as well as people's (self-assessed) AI literacy significantly influence the perceived informational fairness, which, in turn, positively relates to perceived trustworthiness of the ADS. A comprehensive analysis of qualitative feedback sheds light on people's desiderata for explanations, among which are (i) consistency (both with people's expectations and across different explanations), (ii) disclosure of monotonic relationships between features and outcome, and (iii) actionability of recommendations.";"indirect";"“There Is Not Enough Information”: On the Effects of Explanations on Perceptions of Informational Fairness and Trustworthiness in Automated Decision-Making";NA;NA;NA;NA;NA;NA;NA;NA;NA;NA;NA;NA;NA;"NA";"crowdsourcing (Prolific)";"SS,SC"
"10.1016/j.ijhcs.2021.102684";2021;"International Journal of Human-Computer Studies";"Much of the research on eXplainable Artificial Intelligence (XAI) has centered on providing transparency of machine learning models. More recently, the focus on human-centered approaches to XAI has increased. Yet, there is a lack of practical methods and examples on the integration of human factors into the development processes of AI-generated explanations that humans prove to uptake for better performance. This paper presents a case study of an application of a human-centered design approach for AI-generated explanations. The approach consists of three components: Domain analysis to define the concept & context of explanations, Requirements elicitation & assessment to derive the use cases & explanation requirements, and the consequential Multi-modal interaction design & evaluation to create a library of design patterns for explanations. In a case study, we adopt the DoReMi-approach to design explanations for a Clinical Decision Support System (CDSS) for child health. In the requirements elicitation & assessment, a user study with experienced paediatricians uncovered what explanations the CDSS should provide. In the interaction design & evaluation, a second user study tested the consequential interaction design patterns. This case study provided a first set of user requirements and design patterns for an explainable decision support system in medical diagnosis, showing how to involve expert end users in the development process and how to develop, more or less, generic solutions for general design problems in XAI.";"direct";"Human-centered XAI: Developing design patterns for explanations of clinical decision support systems";NA;NA;NA;NA;NA;NA;NA;NA;NA;NA;NA;NA;NA;"6";"domain experts (medical)";"SS,SC"
"10.1007/978-3-030-23528-4_29";2019;"HCI International - Posters (HCII) Communications in Computer and Information Science";"Understanding of artificial intelligence (AI) systems becomes more important as their use cases in real-world applications growth. Today’s AI systems are increasingly complex and ubiquitous. They will be responsible for making decisions that directly affect individuals. Explainable AI can potentially help by explaining actions, decisions and behaviours of AI systems to users. Our approach is to provide a tool with an interactive user interface in 3D. The tool visualizes deep learning network layers and allows interactive exploration on different levels of detail. The visualization then improves transparency and opacity of AI systems for experts and non-experts.";"indirect";"Visualization and Exploration of Deep Learning Networks in 3D and Virtual Reality";NA;NA;NA;NA;NA;NA;NA;NA;NA;NA;NA;NA;NA;"NA";"AI experts (NA),other (non-experts)";"SS"
"10.1145/3588594";2023;"ACM Transactions on Interactive Intelligent Systems";"When interacting with artificial intelligence (AI) in the medical domain, users frequently face automated information processing, which can remain opaque to them. For example, users with diabetes may interact daily with automated insulin delivery (AID). However, effective AID therapy requires traceability of automated decisions for diverse users. Grounded in research on human-automation interaction, we study Subjective Information Processing Awareness (SIPA) as a key construct to research users’ experience of explainable AI. The objective of the present research was to examine how users experience differing levels of traceability of an AI algorithm. We developed a basic AID simulation to create realistic scenarios for an experiment with N = 80, where we examined the effect of three levels of information disclosure on SIPA and performance. Attributes serving as the basis for insulin needs calculation were shown to users, who predicted the AID system’s calculation after over 60 observations. Results showed a difference in SIPA after repeated observations, associated with a general decline of SIPA ratings over time. Supporting scale validity, SIPA was strongly correlated with trust and satisfaction with explanations. The present research indicates that the effect of different levels of information disclosure may need several repetitions before it manifests. Additionally, high levels of information disclosure may lead to a miscalibration between SIPA and performance in predicting the system’s results. The results indicate that for a responsible design of XAI, system designers could utilize prediction tasks in order to calibrate experienced traceability.";"indirect";"How Do Users Experience Traceability of AI Systems? Examining Subjective Information Processing Awareness in Automated Insulin Delivery (AID) Systems";"Desiderata";"Objective and Subjective";"Med";FALSE;FALSE;NA;NA;TRUE;TRUE;TRUE;FALSE;TRUE;"2021 and after";"80";"domain experts (DMT1 patients)";"SS,SC"
"10.1145/3290607.3312823";2019;"CHI EA '19: Extended Abstracts of the 2019 CHI Conference on Human Factors in Computing Systems";"The use of complex machine learning models can make systems opaque to users. Machine learning research proposes the use of post-hoc explanations. However, it is unclear if they give users insights into otherwise uninterpretable models. One minimalistic way of explaining image classifications by a deep neural network is to show only the areas that were decisive for the assignment of a label. In a pilot study, 20 participants looked at 14 of such explanations generated either by a human or the LIME algorithm. For explanations of correct decisions, they identified the explained object with significantly higher accuracy (75.64 % vs. 18.52 %). We argue that this shows that explanations can be very minimalistic while retaining the essence of a decision, but the decision-making contexts that can be conveyed in this manner is limited. Finally, we found that explanations are unique to the explainer and human-generated explanations were assigned 79 % higher trust ratings. As a starting point for further studies, this work shares our first insights into quality criteria of post-hoc explanations.";"direct";"Minimalistic Explanations";NA;NA;NA;NA;NA;NA;NA;NA;NA;NA;NA;NA;NA;"20";"researchers (NA)";"FS,SS,SC"
"10.1145/3531146.3533127";2022;"FAccT '22: Proceedings of the 2022 ACM Conference on Fairness, Accountability, and Transparency";"While a lot of research in explainable AI focuses on producing effective explanations, less work is devoted to the question of how people understand and interpret the explanation. In this work, we focus on this question through a study of saliency-based explanations over textual data. Feature-attribution explanations of text models aim to communicate which parts of the input text were more influential than others towards the model decision. Many current explanation methods, such as gradient-based or Shapley value-based methods, provide measures of importance which are well-understood mathematically. But how does a person receiving the explanation (the explainee) comprehend it? And does their understanding match what the explanation attempted to communicate? We empirically investigate the effect of various factors of the input, the feature-attribution explanation, and visualization procedure, on laypeople's interpretation of the explanation. We query crowdworkers for their interpretation on tasks in English and German, and fit a GAMM model to their responses considering the factors of interest. We find that people often mis-interpret the explanations: superficial and unrelated factors, such as word length, influence the explainees' importance assignment despite the explanation communicating importance directly. We then show that some of this distortion can be attenuated: we propose a method to adjust saliencies based on model estimates of over- and under-perception, and explore bar charts as an alternative to heatmap saliency visualization. We find that both approaches can attenuate the distorting effect of specific factors, leading to better-calibrated understanding of the explanation.";"direct";"Human Interpretation of Saliency-based Explanation Over Text";"Understanding";"Subjective";"No";TRUE;FALSE;FALSE;FALSE;TRUE;FALSE;FALSE;FALSE;FALSE;"2021 and after";"60";"crowdsourcing (AMT)";"SS"
"10.1007/978-3-031-37616-0_27";2023;"Conference on Practical Applications of Agents and Multi-Agent Systems (PAAMS) Lecture notes in computer science";"Explainable reinforcement learning methods can roughly be divided into local explanations that analyze specific decisions of the agents and global explanations that convey the general strategy of the agents. In this work, we study a novel combination of local and global explanations for reinforcement learning agents. Specifically, we combine reward decomposition, a local explanation method that exposes which components of the reward function influenced a specific decision, and HIGHLIGHTS, a global explanation method that shows a summary of the agent's behavior in decisive states. Results from two user studies show significant benefits for both methods. We found that the local reward decomposition was more useful for identifying the agents' priorities. However, when there was only a minor difference between the agents' preferences, the global information provided by HIGHLIGHTS additionally improved participants' understanding.";"direct";"Integrating Policy Summaries with Reward Decomposition for Explaining Reinforcement Learning Agents";"Understanding and Desiderata";"Subjective";"Low";FALSE;FALSE;TRUE;TRUE;TRUE;FALSE;TRUE;FALSE;FALSE;"2021 and after";"164";"crowdsourcing (AMT)";"SS,SC"
"10.1016/j.artint.2020.103367";2020;"Artificial Intelligence";"We propose an explainable reinforcement learning (XRL) framework that analyzes an agent's history of interaction with the environment to extract interestingness elements that help explain its behavior. The framework relies on data readily available from standard RL algorithms, augmented with data that can easily be collected by the agent while learning. We describe how to create visual summaries of an agent's behavior in the form of short video-clips highlighting key interaction moments, based on the proposed elements. We also report on a user study where we evaluated the ability of humans to correctly perceive the aptitude of agents with different characteristics, including their capabilities and limitations, given visual summaries automatically generated by our framework. The results show that the diversity of aspects captured by the different interestingness elements is crucial to help humans correctly understand an agent's strengths and limitations in performing a task, and determine when it might need adjustments to improve its performance.";"direct";"Interestingness elements for explainable reinforcement learning: Understanding agents' capabilities and limitations";NA;NA;NA;NA;NA;NA;NA;NA;NA;NA;NA;NA;NA;"82";"crowdsourcing (AMT)";"SS,SC"
NA;2022;"VOILA '22 7th International Workshop Visualization and Interaction for Ontologies and Linked Data";"Ontologies and Knowledge Graphs are a potential solution to the problem of lack of explainability in Artificial Intelligence, and are especially suited to explain how a given prediction fits with existing knowledge in a domain. Communicating these semantic explanations to end users in a correct, clear and trustworthy fashion is crucial to support the adoption of artificial intelligence in critical and complex domains such as healthcare. We developed VOWLExplain, a tool that supports the visualization of semantic post-hoc explanations for predictions made by AI black-box models. We performed a small- scale user study comparing text-based and graph visualization based explanations in a case study for personalized medicine. The results highlighted the diversity of how users perceive explanations, and demonstrated that although users indicate a slight preference for graph based representations, they generally rate them as correct and as trustworthy as text-based explanations, but do consider them clearer. ";"direct";"VOWLExplain: Knowledge Graph visualization for Explainable Artificial Intelligence";NA;NA;NA;NA;NA;NA;NA;NA;NA;NA;NA;NA;NA;"4";"domain experts (medical)";"SS,SC"
"10.1145/3429448";2021;"ACM Transactions on Interactive Intelligent Systems";"Linguistic insight in the form of high-level relationships and rules in text builds the basis of our understanding of language. However, the data-driven generation of such structures often lacks labeled resources that can be used as training data for supervised machine learning. The creation of such ground-truth data is a time-consuming process that often requires domain expertise to resolve text ambiguities and characterize linguistic phenomena. Furthermore, the creation and refinement of machine learning models is often challenging for linguists as the models are often complex, in-transparent, and difficult to understand. To tackle these challenges, we present a visual analytics technique for interactive data labeling that applies concepts from gamification and explainable Artificial Intelligence (XAI) to support complex classification tasks. The visual-interactive labeling interface promotes the creation of effective training data. Visual explanations of learned rules unveil the decisions of the machine learning model and support iterative and interactive optimization. The gamification-inspired design guides the user through the labeling process and provides feedback on the model performance. As an instance of the proposed technique, we present QuestionComb , a workspace tailored to the task of question classification (i.e., in information-seeking vs. non-information-seeking questions). Our evaluation studies confirm that gamification concepts are beneficial to engage users through continuous feedback, offering an effective visual analytics technique when combined with active learning and XAI.";"indirect";"QuestionComb: A Gamification Approach for the Visual Explanation of Linguistic Phenomena through Interactive Labeling";NA;NA;NA;NA;NA;NA;NA;NA;NA;NA;NA;NA;NA;"3";"students (NA)";"SS"
"10.1145/3615335.3623062";2023;"SIGDOC '23: Proceedings of the 41st ACM International Conference on Design of Communication";"Machine Learning is widely used by practitioners to solve complex challenges. However, despite being trusted by 76% of the public, scientists struggle to explain the rationale behind machine learning-based decisions. This is concerning because research has shown that people often rely on inaccurate machine learning recommendations, even when the system is not confident or they have prior knowledge. To address these issues, there is a crucial need for greater transparency and education around machine learning decision making. In this work, we propose a set of guidelines and design implications to communicate eXplainable Artificial Intelligence models to the general audience. We do this through a literature review of the latest and eXplainable Artificial Intelligence methods and validate these insights through a user study encompassing the participants’ interpretations of the eXplainable Artificial Intelligence solutions. Combining the insights from this mixed-method study, we identify seven main communication guidelines for improving machine learning models understanding. This study contributes to the broader discussion of ethical implications surrounding opaque machine learning models in decision-making. Through the development of guidelines, we hope to bridge the gap between machine learning experts and the public, enabling a better common understanding of its increasing importance in our lives.";"direct";"The Human Side of XAI: Bridging the Gap between AI and Non-expert Audiences";NA;NA;NA;NA;NA;NA;NA;NA;NA;NA;NA;NA;NA;"20";"students (NA),researchers (NA),administrative staff (NA),other (authors’ personal network),other (direct distribution of brochures to potential participants)";"SS,SC"
NA;2024;"ICML '24: Proceedings of the 41st International Conference on Machine Learning (PMLR)";"This paper describes MAIA, a Multimodal Automated Interpretability Agent. MAIA is a system that uses neural models to automate neural model understanding tasks like feature interpretation and failure mode discovery. It equips a pre-trained vision-language model with a set of tools that support iterative experimentation on subcomponents of other models to explain their behavior. These include tools commonly used by human interpretability researchers: for synthesizing and editing inputs, computing maximally activating exemplars from real-world datasets, and summarizing and describing experimental results. Interpretability experiments proposed by MAIA compose these tools to describe and explain system behavior. We evaluate applications of MAIA to computer vision models. We first characterize MAIA’s ability to describe (neuron-level) features in learned representations of images. Across several trained models and a novel dataset of synthetic vision neurons with paired ground-truth descriptions, MAIA produces descriptions comparable to those generated by expert human experimenters. We then show that MAIA can aid in two additional interpretability tasks: reducing sensitivity to spurious features, and automatically identifying inputs likely to be mis-classified.";"top 4";"A Multimodal Automated Interpretability Agent";"Understanding";"Objective";"No";FALSE;FALSE;FALSE;FALSE;FALSE;FALSE;NA;FALSE;FALSE;"top 4";"8,NA";"AI experts (NA),crowdsourcing (AMT)";"SS"
"10.1145/3531146.3533189";2022;"FAccT '22: Proceedings of the 2022 ACM Conference on Fairness, Accountability, and Transparency";"Intelligent everyday applications typically rely on automated Recommender Systems (RS) to generate recommendations that help users make decisions among a large number of options. Due to the increasing complexity of RS and the lack of transparency in its algorithmic decision-making, researchers have recognized the need to support users with explanations. While many traditional Explainable AI methods fall short in disclosing the internal intricacy of recommender systems, counterfactual explanations provide many desirable explainable features by offering human-like explanations that contrast an existing recommendation with alternatives. However, there is a lack of empirical research in understanding users' needs of counterfactual explanations in their usage of everyday intelligent applications. In this paper, we investigate whether and when to provide counterfactual explanations to support people's decision-making with everyday recommendations through a question-driven approach. We conducted a preliminary survey study and an interview study to understand how existing explanations might be insufficient to support users and elicit the triggers that prompt them to ask why not questions and seek additional explanations. The findings reveal that the utility of decision is a primary factor that may affect their counterfactual information needs. We then conducted an online scenario-based survey to quantify the correlation between utility and explanation needs and found significant correlations between the measured variables.";"direct";"Why Am I Not Seeing It? Understanding Users’ Needs for Counterfactual Explanations in Everyday Recommendations";NA;NA;NA;NA;NA;NA;NA;NA;NA;NA;NA;NA;NA;"91";"crowdsourcing (AMT)";"SC,SS"
"10.1145/3415224";2020;"Proceedings of the ACM on Human-Computer Interaction";"Ensuring effective public understanding of algorithmic decisions that are powered by machine learning techniques has become an urgent task with the increasing deployment of AI systems into our society. In this work, we present a concrete step toward this goal by redesigning confusion matrices for binary classification to support non-experts in understanding the performance of machine learning models. Through interviews (n=7) and a survey (n=102), we mapped out two major sets of challenges lay people have in understanding standard confusion matrices: the general terminologies and the matrix design. We further identified three sub-challenges regarding the matrix design, namely, confusion about the direction of reading the data, layered relations and quantities involved. We then conducted an online experiment with 483 participants to evaluate how effective a series of alternative representations target each of those challenges in the context of an algorithm for making recidivism predictions. We developed three levels of questions to evaluate users' objective understanding. We assessed the effectiveness of our alternatives for accuracy in answering those questions, completion time, and subjective understanding. Our results suggest that (1) only by contextualizing terminologies can we significantly improve users' understanding and (2) flow charts, which help point out the direction of reading the data, were most useful in improving objective understanding. Our findings set the stage for developing more intuitive and generally understandable representations of the performance of machine learning models.";"direct";"Designing Alternative Representations of Confusion Matrices to Support Non-Expert Public Understanding of Algorithm Performance";NA;NA;NA;NA;NA;NA;NA;NA;NA;NA;NA;NA;NA;"483";"crowdsourcing (AMT)";"FS,SS,SC"
"10.1609/hcomp.v8i1.7477";2020;"Proceedings of the Eighth AAAI Conference on Human Computation and Crowdsourcing";"Explaining to users why automated systems make certain mistakes is important and challenging. Researchers have proposed ways to automatically produce interpretations for deep neural network models. However, it is unclear how useful these interpretations are in helping users figure out why they are getting an error. If an interpretation effectively explains to users how the underlying deep neural network model works, people who were presented with the interpretation should be better at predicting the model’s outputs than those who were not. This paper presents an investigation on whether or not showing machine-generated visual interpretations helps users understand the incorrectly predicted labels produced by image classifiers. We showed the images and the correct labels to 150 online crowd workers and asked them to select the incorrectly predicted labels with or without showing them the machine-generated visual interpretations. The results demonstrated that displaying the visual interpretations did not increase, but rather decreased, the average guessing accuracy by roughly 10%.";"indirect";"How Useful Are the Machine-Generated Interpretations to General Users? A Human Evaluation on Guessing the Incorrectly Predicted Labels";NA;NA;NA;NA;NA;NA;NA;NA;NA;NA;NA;NA;NA;"NA";"crowdsourcing (AMT)";"FS"
"10.1109/TKDE.2018.2854193";2019;"IEEE Transactions on Knowledge and Data Engineering";"The recent advance of deep learning has enabled trading algorithms to predict stock price movements more accurately. Unfortunately, there is a significant gap in the real-world deployment of this breakthrough. For example, professional traders in their long-term careers have accumulated numerous trading rules, the myth of which they can understand quite well. On the other hand, deep learning models have been hardly interpretable. This paper presents DeepClue, a system built to bridge text-based deep learning models and end users through visually interpreting the key factors learned in the stock price prediction model. We make three contributions in DeepClue. First, by designing the deep neural network architecture for interpretation and applying an algorithm to extract relevant predictive factors, we provide a useful case on what can be interpreted out of the prediction model for end users. Second, by exploring hierarchies over the extracted factors and displaying these factors in an interactive, hierarchical visualization interface, we shed light on how to effectively communicate the interpreted model to end users. Specially, the interpretation separates the predictables from the unpredictables for stock prediction through the use of intercept model parameters and a risk visualization design. Third, we evaluate the integrated visualization system through two case studies in predicting the stock price with financial news and company-related tweets from social media. Quantitative experiments comparing the proposed neural network architecture with state-of-the-art models and the human baseline are conducted and reported. Feedbacks from an informal user study with domain experts are summarized and discussed in details. The study results demonstrate the effectiveness of DeepClue in helping to complete stock market investment and analysis tasks.";"indirect";"DeepClue: Visual Interpretation of Text-Based Deep Stock Prediction";NA;NA;NA;NA;NA;NA;NA;NA;NA;NA;NA;NA;NA;"3,NA";"domain experts (traders),researchers (NA)";"SS"
"10.1016/j.ijhcs.2020.102551";2021;"International Journal of Human-Computer Studies";"Artificial intelligence and algorithmic decision-making processes are increasingly criticized for their black-box nature. Explainable AI approaches to trace human-interpretable decision processes from algorithms have been explored. Yet, little is known about algorithmic explainability from a human factors’ perspective. From the perspective of user interpretability and understandability, this study examines the effect of explainability in AI on user trust and attitudes toward AI. It conceptualizes causability as an antecedent of explainability and as a key cue of an algorithm and examines them in relation to trust by testing how they affect user perceived performance of AI-driven services. The results show the dual roles of causability and explainability in terms of its underlying links to trust and subsequent user behaviors. Explanations of why certain news articles are recommended generate users trust whereas causability of to what extent they can understand the explanations affords users emotional confidence. Causability lends the justification for what and how should be explained as it determines the relative importance of the properties of explainability. The results have implications for the inclusion of causability and explanatory cues in AI systems, which help to increase trust and help users to assess the quality of explanations. Causable explainable AI will help people understand the decision-making process of AI algorithms by bringing transparency and accountability into AI systems.";"indirect";"The effects of explainability and causability on perception, trust, and acceptance: Implications for explainable AI";NA;NA;NA;NA;NA;NA;NA;NA;NA;NA;NA;NA;NA;"368";"crowdsourcing (Qualtrics),students (NA),administrative staff (NA),researchers (NA)";"SS"
NA;2021;"NIPS '21: Proceedings of the 35th International Conference on Neural Information Processing Systems";"Saliency maps are popular tools for explaining the decisions of convolutional neural networks (CNNs) for image classification. Typically, for each image of interest, a single saliency map is produced, which assigns weights to pixels based on their importance to the classification. We argue that a single saliency map provides an incomplete understanding since there are often many other maps that can explain a classification equally well. In this paper, we propose to utilize a beam search algorithm to systematically search for multiple explanations for each image. Results show that there are indeed multiple relatively localized explanations for many images. However, naively showing multiple explanations to users can be overwhelming and does not reveal their common and distinct structures. We introduce structured attention graphs (SAGs), which compactly represent sets of attention maps for an image by visualizing how different combinations of image regions impact the confidence of a classifier. An approach to computing a compact and representative SAG for visualization is proposed via diverse sampling. We conduct a user study comparing the use of SAGs to traditional saliency maps for answering comparative counterfactual questions about image classifications. Our results show that user accuracy is increased significantly when presented with SAGs compared to standard saliency map baselines.";"top 4";"One explanation is not enough: structured attention graphs for image classification";"Understanding";"Objective";"No";TRUE;FALSE;NA;NA;FALSE;FALSE;NA;FALSE;FALSE;"top 4";"60";"students (NA)";"FS,SS,SC"
"10.1613/jair.1.13219";2021;"Journal of Artificial Intelligence Research";"In this research note we show that a simple justification system can be used to teach humans non-trivial strategies of the Olympic sport of curling. This is achieved by justifying the decisions of Kernel Regression UCT (KR-UCT), a tree search algorithm that derives curling strategies by playing the game with itself. Given an action returned by KR-UCT and the expected outcome of that action, we use a decision tree to produce a counterfactual justification of KR-UCT’s decision. The system samples other possible outcomes and selects for presentation the outcomes that are most similar to the expected outcome in terms of visual features and most different in terms of expected end-game value. A user study with 122 people shows that the participants who had access to the justifications produced by our system achieved much higher scores in a curling test than those who only observed the decision made by KR-UCT and those with access to the justifications of a baseline system. This is, to the best of our knowledge, the first work showing that a justification system is able to teach humans non-trivial strategies learned by an algorithm operating in self play.";"indirect";"Teaching People by Justifying Tree Search Decisions: An Empirical Study in Curling";NA;NA;NA;NA;NA;NA;NA;NA;NA;NA;NA;NA;NA;"122";"not stated (NA)";"SS,TA"
"10.22266/ijies2023.0831.26";2023;"International journal of intelligent engineering and systems";"Deep learning models, despite their potential, often function as black boxes, posing significant challenges to interpretability, particularly in sensitive fields such as healthcare and finance.Addressing this issue, we introduce a novel, human-understandable metric aimed at enhancing the interpretability of local interpretable model-agnostic explanations (LIME).Distinct from previous methodologies, this metric is designed to assess the shift in classification probability upon the removal of features (words), thereby providing a unique insight into interpretability.We deploy a convolutional neural network (CNN) for sentiment analysis, interpret predictions utilizing LIME, and evaluate these explanations using three distinct metrics: our proposed metric, a conventional model-based metric, and human evaluations.Through rigorous validation, our metric demonstrated high recall performance, a key indicator of relevant instance retrieval.Results showed worst-case and best-case recalls of 80.29% and 98.19% respectively, against a logistic regression metric for good and excellent classifications.Comparisons with human evaluations using single-word explanations revealed worst-case and best-case recalls of 82.03% and 94.37%, respectively.These high recall values highlight our metric's effectiveness in aligning with both human judgments and model-based metrics, emphasizing its capacity to capture essential explainability aspects.Furthermore, our study also outlines certain LIME limitations, setting the stage for future interpretability-focused AI research.";"direct";"Developing and Assessing a Human-Understandable Metric for Evaluating Local Interpretable Model-Agnostic Explanations";NA;NA;NA;NA;NA;NA;NA;NA;NA;NA;NA;NA;NA;"200";"crowdsourcing (AMT)";"SS,FS"
"10.1080/10447318.2022.2101698";2022;"International Journal of Human-Computer Interaction";"Intelligent agents must be able to communicate intentions and explain their decision-making processes to build trust, foster confidence, and improve human-agent team dynamics. Recognizing this need, academia and industry are rapidly proposing new ideas, methods, and frameworks to aid in the design of more explainable AI. Yet, there remains no standardized metric or experimental protocol for benchmarking new methods, leaving researchers to rely on their own intuition or ad hoc methods for assessing new concepts. In this work, we present the first comprehensive (n = 286) user study testing a wide range of approaches for explainable machine learning, including feature importance, probability scores, decision trees, counterfactual reasoning, natural language explanations, and case-based reasoning, as well as a baseline condition with no explanations. We provide the first large-scale empirical evidence of the effects of explainability on human-agent teaming. Our results will help to guide the future of explainability research by highlighting the benefits of counterfactual explanations and the shortcomings of confidence scores for explainability. We also propose a novel questionnaire to measure explainability with human participants, inspired by relevant prior work and correlated with human-agent teaming metrics.";"direct";"Explainable Artificial Intelligence: Evaluating the Objective and Subjective Impacts of xAI on Human-Agent Interaction";NA;NA;NA;NA;NA;NA;NA;NA;NA;NA;NA;NA;NA;"286";"crowdsourcing (AMT)";"FS,SC,SS"
"10.1109/ICCP56966.2022.10053963";2022;"IEEE 18th International Conference on Intelligent Computer Communication and Processing (ICCP)";"Deep learning techniques for machine learning usually lead to increasingly complex models while enhancing performance, which convert these systems into “black box” approaches and create confusion about how they function and, ultimately, how they make decisions. Layerwise Relevance Propagation, an Explainable AI (XAI) technique, excels at explaining any neural network’s output in the context of its input by calculating relevance iteratively from the output class neuron to the original input neurons. This paper outlines recent advancements in the area and advocates for more interpretability in AI. In this paper, we study in-depth Layerwise Relevance Propagation (LRP) and about its four different LRP approaches, which we have experimented on different dataset. With the aim of explaining predictions of deep learning models in the field of image classification in this paper we have tried to basically understand how this different LRP approach helps in describing which pixels in an image are important for deciding on a classification decision by computing a relevance score on its given input image. Furthermore, in this paper, we did human eye evaluation by conducting a user questionnaire survey on XAI in order to compare the quality of heatmaps generated by different LRP methods.";"indirect";"Understanding Image Classification Tasks Through Layerwise Relevance Propogation";NA;NA;NA;NA;NA;NA;NA;NA;NA;NA;NA;NA;NA;"19";"students (NA)";"SS,SC"
"10.1016/j.media.2022.102721";2023;"Medical Image Analysis";"We propose a BlackBox Counterfactual Explainer, designed to explain image classification models for medical applications. Classical approaches (e.g., , saliency maps) that assess feature importance do not explain how imaging features in important anatomical regions are relevant to the classification decision. Such reasoning is crucial for transparent decision-making in healthcare applications. Our framework explains the decision for a target class by gradually exaggerating the semantic effect of the class in a query image. We adopted a Generative Adversarial Network (GAN) to generate a progressive set of perturbations to a query image, such that the classification decision changes from its original class to its negation. Our proposed loss function preserves essential details (e.g., support devices) in the generated images. We used counterfactual explanations from our framework to audit a classifier trained on a chest X-ray dataset with multiple labels. Clinical evaluation of model explanations is a challenging task. We proposed clinically-relevant quantitative metrics such as cardiothoracic ratio and the score of a healthy costophrenic recess to evaluate our explanations. We used these metrics to quantify the counterfactual changes between the populations with negative and positive decisions for a diagnosis by the given classifier. We conducted a human-grounded experiment with diagnostic radiology residents to compare different styles of explanations (no explanation, saliency map, cycleGAN explanation, and our counterfactual explanation) by evaluating different aspects of explanations: (1) understandability, (2) classifier’s decision justification, (3) visual quality, (d) identity preservation, and (5) overall helpfulness of an explanation to the users. Our results show that our counterfactual explanation was the only explanation method that significantly improved the users’ understanding of the classifier’s decision compared to the no-explanation baseline. Our metrics established a benchmark for evaluating model explanation methods in medical images. Our explanations revealed that the classifier relied on clinically relevant radiographic features for its diagnostic decisions, thus making its decision-making process more transparent to the end-user.";"indirect";"Explaining the black-box smoothly—A counterfactual approach";NA;NA;NA;NA;NA;NA;NA;NA;NA;NA;NA;NA;NA;"12";"domain experts (medical)";"SS,SC"
"10.1007/978-3-031-50396-2_3";2024;"Artificial Intelligence ECAI 2023 International Workshops Communications in Computer and Information Science";"Abstract In explainable artificial intelligence (XAI) research, the predominant focus has been on interpreting models for experts and practitioners. Model agnostic and local explanation approaches are deemed interpretable and sufficient in many applications. However, in domains like healthcare, where end users are patients without AI or domain expertise, there is an urgent need for model explanations that are more comprehensible and instil trust in the model’s operations. We hypothesise that generating model explanations that are narrative, patient-specific and global (holistic of the model) would enable better understandability and enable decision-making. We test this using a decision tree model to generate both local and global explanations for patients identified as having a high risk of coronary heart disease. These explanations are presented to non-expert users. We find a strong individual preference for a specific type of explanation. The majority of participants prefer global explanations, while a smaller group prefers local explanations. A task based evaluation of mental models of these participants provide valuable feedback to enhance narrative global explanations. This, in turn, guides the design of health informatics systems that are both trustworthy and actionable.";"direct";"Evaluation of Human-Understandability of Global Model Explanations Using Decision Tree";NA;NA;NA;NA;NA;NA;NA;NA;NA;NA;NA;NA;NA;"50";"crowdsourcing (Prolific)";"SS,PH,SC"
NA;2022;"ICLR '22: The Tenth International Conference on Learning Representations - poster";"A variety of methods exist to explain image classification models. However, whether they provide any benefit to users over simply comparing various inputs and the model’s respective predictions remains unclear. We conducted a user study (N=240) to test how such a baseline explanation technique performs against concept-based and counterfactual explanations. To this end, we contribute a synthetic dataset generator capable of biasing individual attributes and quantifying their relevance to the model. In a study, we assess if participants can identify the relevant set of attributes compared to the ground-truth. Our results show that the baseline outperformed concept-based explanations. Counterfactual explanations from an invertible neural network performed similarly as the baseline. Still, they allowed users to identify some attributes more accurately. Our results highlight the importance of measuring how well users can reason about biases of a model, rather than solely relying on technical evaluations or proxy tasks. We open-source our study and dataset so it can serve as a blue-print for future studies.";"indirect";"Do Users Benefit From Interpretable Vision? A User Study, Baseline, And Dataset";"Understanding";"Objective";"No";TRUE;FALSE;TRUE;TRUE;FALSE;TRUE;FALSE;FALSE;TRUE;"top 4";"240";"crowdsourcing (Prolific)";"SS,SC"
"10.1145/3284432.3284470";2018;"HAI '18: Proceedings of the 6th International Conference on Human-Agent Interaction";"Computational Argumentation is a logical model of reasoning that has its origins in philosophy and provides a means for organising evidence for (or against) particular claims (or decisions). Argumentation-based Dialogue is a related methodology that is used for structuring interactions between two (or more) agents and has been explored within the Multi-Agent Systems community as an extended form of negotiation where agents can not only exchange claims, but also their reasons for believing (or disbelieving) those claims. Recently, the Artificial Intelligence (AI) community has become intrigued by the notion of Explainable AI, in which intelligent systems are able to explain predictions or decisions to (human) users. There is a natural pairing between Explainable AI and Argumentation: the first requires the need to clarify and defend decisions and the second provides a method for linking any decision to the evidence supporting it. In this paper, we describe how the two are connected and illustrate the utility of argumentation-based dialogue as a technique for implementing Explainable AI in a human-robot system.";"indirect";"Explanation through Argumentation";NA;NA;NA;NA;NA;NA;NA;NA;NA;NA;NA;NA;NA;"60";"not stated (NA)";"SS,SC"
NA;2019;"NIPS '19 Workshop on Human-Centric Machine Learning at the 33rd Conference on Neural Information Processing Systems ";"This work defines a proxy metric for limited notions of interpretability and makes basic comparisons across model classes using the metric. We focus on two definitions of interpretability that have been introduced in the machine learning literature: simulatability and “what if local explainability . Through a user study with 1000 participants, we test whether humans perform well on tasks that mimic the definitions of simulatability and “what if local explainability on models that are typically considered locally interpretable. We propose a metric - the runtime operation count on the simulatability task - to indicate the relative interpretability of models and show that as the number of operations increases the users’ accuracy on the local interpretability tasks decreases. We find evidence consistent with the common intuition that decision trees and logistic regression models are interpretable and are more interpretable than comparable neural networks according to our proposed metric.";"indirect";"Assessing the Local Interpretability of Machine Learning Models";NA;NA;NA;NA;NA;NA;NA;NA;NA;NA;NA;NA;NA;"1000";"crowdsourcing (Prolific)";"FS"
NA;2021;"NIPS '21: Proceedings of the 35th International Conference on Neural Information Processing Systems";"As black box explanations are increasingly being employed to establish model credibility in high stakes settings, it is important to ensure that these explanations are accurate and reliable. However, prior work demonstrates that explanations generated by state-of-the-art techniques are inconsistent, unstable, and provide very little insight into their correctness and reliability. In addition, these methods are also computationally inefficient, and require significant hyper-parameter tuning. In this paper, we address the aforementioned challenges by developing a novel Bayesian framework for generating local explanations along with their associated uncertainty. We instantiate this framework to obtain Bayesian versions of LIME and KernelSHAP which output credible intervals for the feature importances, capturing the associated uncertainty. The resulting explanations not only enable us to make concrete inferences about their quality (e.g., there is a 95% chance that the feature importance lies within the given range), but are also highly consistent and stable. We carry out a detailed theoretical analysis that leverages the aforementioned uncertainty to estimate how many perturbations to sample, and how to sample for faster convergence. This work makes the first attempt at addressing several critical issues with popular explanation methods in one shot, thereby generating consistent, stable, and reliable explanations with guarantees in a computationally efficient manner. Experimental evaluation with multiple real world datasets and user studies demonstrate that the efficacy of the proposed framework.";"top 4";"Reliable Post hoc Explanations: Modeling Uncertainty in Explainability";"Understanding";"Objective";"No";TRUE;FALSE;NA;NA;FALSE;FALSE;NA;FALSE;TRUE;"top 4";"31";"students (NA),researchers (NA)";"FS,SC"
"10.1145/3474121";2021;"ACM Transactions on Computing for Healthcare";"Machine Learning (ML) is increasingly used to support decision-making in the healthcare sector. While ML approaches provide promising results with regard to their classification performance, most share a central limitation, their black-box character. This article investigates the usefulness of Explainable Artificial Intelligence (XAI) methods to increase transparency in automated clinical gait classification based on time series. For this purpose, predictions of state-of-the-art classification methods are explained with a XAI method called Layer-wise Relevance Propagation (LRP). Our main contribution is an approach that explains class-specific characteristics learned by ML models that are trained for gait classification. We investigate several gait classification tasks and employ different classification methods, i.e., Convolutional Neural Network, Support Vector Machine, and Multi-layer Perceptron. We propose to evaluate the obtained explanations with two complementary approaches: a statistical analysis of the underlying data using Statistical Parametric Mapping and a qualitative evaluation by two clinical experts. A gait dataset comprising ground reaction force measurements from 132 patients with different lower-body gait disorders and 62 healthy controls is utilized. Our experiments show that explanations obtained by LRP exhibit promising statistical properties concerning inter-class discriminativity and are also in line with clinically relevant biomechanical gait characteristics.";"indirect";"Explaining Machine Learning Models for Clinical Gait Analysis";NA;NA;NA;NA;NA;NA;NA;NA;NA;NA;NA;NA;NA;"2";"domain experts (medical)";"SS"
"10.1145/3313831.3376624";2020;"CHI '20: Proceedings of the 2020 CHI Conference on Human Factors in Computing Systems";"Automatically generated explanations of how machine learning (ML) models reason can help users understand and accept them. However, explanations can have unintended consequences: promoting over-reliance or undermining trust. This paper investigates how explanations shape users' perceptions of ML models with or without the ability to provide feedback to them: (1) does revealing model flaws increase users' desire to fix them; (2) does providing explanations cause users to believe - wrongly - that models are introspective, and will thus improve over time. Through two controlled experiments - varying model quality - we show how the combination of explanations and user feedback impacted perceptions, such as frustration and expectations of model improvement. Explanations without opportunity for feedback were frustrating with a lower quality model, while interactions between explanation and feedback for the higher quality model suggest that detailed feedback should not be requested without explanation. Users expected model correction, regardless of whether they provided feedback or received explanations.";"indirect";"No Explainability without Accountability";NA;NA;NA;NA;NA;NA;NA;NA;NA;NA;NA;NA;NA;"180";"crowdsourcing (AMT)";"SC,SS,FS"
"10.1145/3172944.3172965";2018;"IUI '18: Proceedings of the 23rd International Conference on Intelligent User Interfaces";"Human-in-the-loop topic modeling allows users to guide the creation of topic models and to improve model quality without having to be experts in topic modeling algorithms. Prior work in this area has focused either on algorithmic implementation without understanding how users actually wish to improve the model or on user needs but without the context of a fully interactive system. To address this disconnect, we implemented a set of model refinements requested by users in prior work and conducted a study with twelve non-expert participants to examine how end users are affected by issues that arise with a fully interactive, user-centered system. As these issues mirror those identified in interactive machine learning more broadly, such as unpredictability, latency, and trust, we also examined interactive machine learning challenges with non-expert end users through the lens of human-in-the-loop topic modeling. We found that although users experience unpredictability, their reactions vary from positive to negative, and, surprisingly, we did not find any cases of distrust, but instead noted instances where users perhaps trusted the system too much or had too little confidence in themselves.";"indirect";"Closing the Loop";NA;NA;NA;NA;NA;NA;NA;NA;NA;NA;NA;NA;NA;"12";"students (NA),researchers (NA),administrative staff (NA)";"SS"
NA;2022;"Proceedings of the Annual Meeting of the Cognitive Science Society";"The introduction of deep learning and CNNs to image recognition problems has led to state-of-the-art classification accuracy. However, CNNs exacerbate the issue of algorithm explainability due to deep learning’s black box nature. Numerous explainable AI (XAI) algorithms have been developed that provide developers insight into the operations of deep learning. We aim to make XAI explanations more user-centric by introducing modifications to existing XAI algorithms based on cognitive theory. The goal of this research is to yield intuitive XAI explanations that more closely resemble explanations given by experts in the domain of bird watching. Using an existing base XAI algorithm, we conducted two user studies with expert bird watchers and found that our novel averaged and contrasting XAI algorithms are significantly preferred over the base XAI algorithm for bird identification.";"direct";"User-Centric Enhancements to Explainable AI Algorithms for Image Classifcation";NA;NA;NA;NA;NA;NA;NA;NA;NA;NA;NA;NA;NA;"28";"domain experts (bird watchers)";"FS,SS,SC"
"10.1145/3397481.3450655";2021;"IUI '21: Proceedings of the 26th International Conference on Intelligent User Interfaces";"We propose a new method for explanations in Artificial Intelligence (AI) and a tool to test its expressive power within a user interface. In order to bridge the gap between philosophy and human-computer interfaces, we show a new approach for the generation of interactive explanations based on a sophisticated pipeline of AI algorithms for structuring natural language documents into knowledge graphs, answering questions effectively and satisfactorily. Among the mainstream philosophical theories of explanation we identified one that in our view is more easily applicable as a practical model for user-centric tools: Achinstein's Theory of Explanation. With this work we aim to prove that the theory proposed by Achinstein can be actually adapted for being implemented into a concrete software application, as an interactive process answering questions. To this end we found a way to handle the generic (archetypal) questions that implicitly characterise an explanatory processes as preliminary overviews rather than as answers to explicit questions, as commonly understood. To show the expressive power of this approach we designed and implemented a pipeline of AI algorithms for the generation of interactive explanations under the form of overviews, focusing on this aspect of explanations rather than on existing interfaces and presentation logic layers for question answering. We tested our hypothesis on a well-known XAI-powered credit approval system by IBM, comparing CEM, a static explanatory tool for post-hoc explanations, with an extension we developed adding interactive explanations based on our model. The results of the user study, involving more than 100 participants, showed that our proposed solution produced a statistically relevant improvement on effectiveness (U=931.0, p=0.036) over the baseline, thus giving evidence in favour of our theory.";"direct";"From Philosophy to Interfaces: an Explanatory Method and a Tool Inspired by Achinstein’s Theory of Explanation";NA;NA;NA;NA;NA;NA;NA;NA;NA;NA;NA;NA;NA;"103";"crowdsourcing (Prolific)";"SS"
"10.1016/j.knosys.2023.110866";2023;"Knowledge-Based Systems";"This paper presents a new method for objectively measuring the explainability of textual information, such as the outputs of Explainable AI (XAI). We introduce a metric called Degree of Explainability (DoX), drawing inspiration from Ordinary Language Philosophy and Achinstein's theory of explanations. It assumes that the degree of explainability is directly proportional to the number of relevant questions that a piece of information can correctly answer. We have operationalized this concept by formalizing the DoX metric through a mathematical formula, which we have integrated into a software tool named DoXpy. DoXpy relies on pre-trained deep language models for knowledge extraction and answer retrieval in order to estimate the DoX, transforming our theoretical insights into a practical tool for real-world applications. To confirm the effectiveness and consistency of our approach, we conducted comprehensive experiments and user studies with over 190 participants. These studies evaluated the quality of explanations by healthcare and finance XAI-based software systems. Our results demonstrate a correlation between increases in objective explanation usability and increments in the DoX score. These findings suggest that the DoX metric is congruent with other mainstream explainability measures. It provides a more objective and cost-effective alternative to non-deterministic user studies. Thus, we discuss the potential of DoX as a tool to evaluate the legal compliance of XAI systems. By bridging the gap between theory and practice in Explainable AI, our work fosters transparency, understandability, and legal compliance. DoXpy and related materials have been made available online to ensure reproducibility.";"direct";"An objective metric for Explainable AI: How and why to estimate the degree of explainability";NA;NA;NA;NA;NA;NA;NA;NA;NA;NA;NA;NA;NA;"103,89";"crowdsourcing (Prolific),students (NA)";"SC"
"10.1109/TVCG.2019.2934629";2019;"IEEE Transactions on Visualization and Computer Graphics";"We propose a framework for interactive and explainable machine learning that enables users to (1) understand machine learning models; (2) diagnose model limitations using different explainable AI methods; as well as (3) refine and optimize the models. Our framework combines an iterative XAI pipeline with eight global monitoring and steering mechanisms, including quality monitoring, provenance tracking, model comparison, and trust building. To operationalize the framework, we present explAIner, a visual analytics system for interactive and explainable machine learning that instantiates all phases of the suggested pipeline within the commonly used TensorBoard environment. We performed a user-study with nine participants across different expertise levels to examine their perception of our workflow and to collect suggestions to fill the gap between our system and framework. The evaluation confirms that our tightly integrated system leads to an informed machine learning process while disclosing opportunities for further extensions.";"direct";"explAIner: A Visual Analytics Framework for Interactive and Explainable Machine Learning";NA;NA;NA;NA;NA;NA;NA;NA;NA;NA;NA;NA;NA;"9";"students (NA),AI experts (NA)";"SS"
NA;2022;"XAI.it 2022 - Italian Workshop on Explainable Artificial Intelligence";"Machine learning models are increasingly used for decisions that directly affect people’s lives. These models are often opaque, meaning that the people affected cannot understand how or why the decision was made. However, according to the General Data Protection Regulation, decision subjects have the right to an explanation. Counterfactual explanations are a way to make machine learning models more transparent by showing how attributes need to be changed to get a different outcome. This type of explanation is considered easy to understand and human-friendly. To be used in real life, explanations must be practical, which means they must go beyond a purely theoretical framework. Research has focused on defining several objective functions to compute practical counterfactuals. However, it has not yet been tested whether people perceive the explanations as such in practice. To address this, we contribute by identifying properties that explanations must satisfy to be practical for human subjects. The properties are then used to evaluate the practicality of two counterfactual explanation methods (CARE and WachterCF) by conducting a user study. The results show that human subjects consider the explanations by CARE (a multi-objective approach) to be more practical than the WachterCF (baseline) explanations. We also show that the perception of explanations differs depending on the classification task by exploring multiple datasets.";"direct";"Evaluating the Practicality of Counterfactual Explanations";NA;NA;NA;NA;NA;NA;NA;NA;NA;NA;NA;NA;NA;"135";"other (convenience sampling)";"SS"
"10.1016/j.artint.2021.103558";2021;"Artificial Intelligence";"Past work on plan explanations primarily involved the AI system explaining the correctness of its plan and the rationale for its decision in terms of its own model. Such soliloquy is wholly inadequate in most realistic scenarios where users have domain and task models that differ from that used by the AI system. We posit that the explanations are best studied in light of these differing models. In particular, we show how explanation can be seen as a model reconciliation problem (MRP), where the AI system in effect suggests changes to the user's mental model so as to make its plan be optimal with respect to that changed user model. We will study the properties of such explanations, present algorithms for automatically computing them, discuss relevant extensions to the basic framework, and evaluate the performance of the proposed algorithms both empirically and through controlled user studies.";"direct";"Foundations of explanations as model reconciliation";NA;NA;NA;NA;NA;NA;NA;NA;NA;NA;NA;NA;NA;"27";"students (NA),researchers (NA),administrative staff (NA)";"SC,SS"
"10.1145/3581641.3584086";2023;"IUI '23: Proceedings of the 28th International Conference on Intelligent User Interfaces";"Explainable Artificial Intelligence (XAI) focuses on research and technology that can explain an AI system's functioning and its underlying methods, and also on making these explanations better through personalization. Our research study investigates a natural language personalization method called lexical alignment in understanding an explanation provided by a conversational agent. The study setup was online and navigated the participants through an interaction with a conversational agent. Participants faced either an agent designed to align its responses to those of the participants, a misaligned agent, or a control condition that did not involve any dialogue. The dialogue delivered an explanation based on a pre-defined set of causes and effects. The recall and understanding of the explanations was evaluated using a combination of Yes-No questions, a Cloze test (fill-in-the-blanks), and What-style questions. The analysis of the test scores revealed a significant advantage in information recall for those who interacted with an aligning agent against the participants who either interacted with a non-aligning agent or did not go through any dialogue. The Yes-No type questions that included probes on higher-order inferences (understanding) also reflected an advantage for the participants who had an aligned dialogue against both non-aligned and no dialogue conditions. The results overall suggest a positive effect of lexical alignment on understanding of explanations.";"direct";"The Role of Lexical Alignment in Human Understanding of Explanations by Conversational Agents";NA;NA;NA;NA;NA;NA;NA;NA;NA;NA;NA;NA;NA;"179";"crowdsourcing (Prolific)";"FS,SS,SC"
"10.1145/3531073.3534481";2022;"AVI '22: Proceedings of the 2022 International Conference on Advanced Visual Interfaces";"In this poster paper we present a web user study about a customer dialogue system, in which participants assigned tickets based on an automatic classification to different departments and answered questions about the perceived classification performance. Completion times were significantly shorter when offering explanations on the classification process, while task success and trust in the interface did not depend on showing explanations or not. Based on the results, future studies should be confined to smaller scopes and investigate more techniques for explainable AI.";"direct";"Can Explainable AI Foster Trust in a Customer Dialogue System?";NA;NA;NA;NA;NA;NA;NA;NA;NA;NA;NA;NA;NA;"51";"not stated (NA)";"SS"
"10.1007/978-3-319-41959-6_13";2016;"Advances in intelligent systems and computing";"This paper discusses two studies testing the effects of agent transparency in joint cognitive systems involving supervisory control and decision-making. Specifically, we examine the impact of agent transparency on operator performance (decision accuracy), response time, perceived workload, perceived usability of the agent, and operator trust in the agent. Transparency has a positive impact on operator performance, usability, and trust, yet the depiction of uncertainty has potentially negative effects on usability and trust. Guidelines and considerations for displaying transparency in joint cognitive systems are discussed.";"indirect";"Insights into Human-Agent Teaming: Intelligent Agent Transparency and Uncertainty";NA;NA;NA;NA;NA;NA;NA;NA;NA;NA;NA;NA;NA;"NA";"not stated (NA)";"FS,SS,SC"
"10.1109/TVCG.2017.2744158";2018;"IEEE Transactions on Visualization and Computer Graphics";"Recurrent neural networks, and in particular long short-term memory (LSTM) networks, are a remarkably effective tool for sequence modeling that learn a dense black-box hidden representation of their sequential input. Researchers interested in better understanding these models have studied the changes in hidden state representations over time and noticed some interpretable patterns but also significant noise. In this work, we present LSTMVis, a visual analysis tool for recurrent neural networks with a focus on understanding these hidden state dynamics. The tool allows users to select a hypothesis input range to focus on local state changes, to match these states changes to similar patterns in a large data set, and to align these results with structural annotations from their domain. We show several use cases of the tool for analyzing specific hidden state properties on dataset containing nesting, phrase structure, and chord progressions, and demonstrate how the tool can be used to isolate patterns for further statistical analysis. We characterize the domain, the different stakeholders, and their goals and tasks. Long-term usage data after putting the tool online revealed great interest in the machine learning community.";"indirect";"LSTMVis: A Tool for Visual Analysis of Hidden State Dynamics in Recurrent Neural Networks";NA;NA;NA;NA;NA;NA;NA;NA;NA;NA;NA;NA;NA;"NA";"other (social media)";"SS"
"10.1016/j.ijhcs.2009.03.004";2009;"International Journal of Human-Computer Studies";"Although machine learning is becoming commonly used in today's software, there has been little research into how end users might interact with machine learning systems, beyond communicating simple right/wrong judgments. If the users themselves could work hand-in-hand with machine learning systems, the users' understanding and trust of the system could improve and the accuracy of learning systems could be improved as well. We conducted three experiments to understand the potential for rich interactions between users and machine learning systems. The first experiment was a think-aloud study that investigated users' willingness to interact with machine learning reasoning, and what kinds of feedback users might give to machine learning systems. We then investigated the viability of introducing such feedback into machine learning systems, specifically, how to incorporate some of these types of user feedback into machine learning systems, and what their impact was on the accuracy of the system. Taken together, the results of our experiments show that supporting rich interactions between users and machine learning systems is feasible for both user and machine. This shows the potential of rich human–computer collaboration via on-the-spot interactions as a promising direction for machine learning systems and users to collaboratively share intelligence.";"indirect";"Interacting meaningfully with machine learning systems: Three experiments";NA;NA;NA;NA;NA;NA;NA;NA;NA;NA;NA;NA;NA;"13";"students (NA)";"FS,SS,SC"
NA;2018;"ACMIUI-WS '18: Joint Proceedings of the ACM IUI 2018 Workshops co-located with the 23rd ACM Conference on Intelligent User Interfaces (ACM IUI 2018)";"Our work focuses on textual and graphical explanations for smart heating systems. We have started to investigate the opportunities for when to provide explanations, how we can design these explanations, and we have started to evaluate these explanations. We argue that explanations need to be carefully crafted to fit with their desired aim, in our case to encourage users' trust and reliance while minimizing user interactions.";"indirect";"Explaining smart heating systems to discourage fiddling with optimized behavior";NA;NA;NA;NA;NA;NA;NA;NA;NA;NA;NA;NA;NA;"60";"not stated (NA)";"SS,SC"
NA;2019;"ACMIUI-WS '19: Joint Proceedings of the ACM IUI 2019 Workshops co-located with the 24th ACM Conference on Intelligent User Interfaces (ACM IUI 2019)";"Current thrusts in explainable AI (XAI) have focused on using interpretability or explanatory debugging as frameworks for developing explanations. We argue that for some systems a different paradigm – persuasive engagement – needs to be adopted, in order to affect trust and user satisfaction. In this paper, we will briefly provide an overview of the current approaches to explain smart systems and their scope of application. We then introduce the theoretical basis for persuasive engagement, and show through a use case how explanations might be generated. We then discuss future work that might shed more light on how to best explain different kinds of smart systems.";"direct";"Horses for courses: making the case for persuasive engagement in smart systems";NA;NA;NA;NA;NA;NA;NA;NA;NA;NA;NA;NA;NA;"1";"domain experts (heating engineer)";"SS"
"10.1145/3490099.3511119";2022;"IUI '22: Proceedings of the 27th International Conference on Intelligent User Interfaces";"What does it mean for a generative AI model to be explainable? The emergent discipline of explainable AI (XAI) has made great strides in helping people understand discriminative models. Less attention has been paid to generative models that produce artifacts, rather than decisions, as output. Meanwhile, generative AI (GenAI) technologies are maturing and being applied to application domains such as software engineering. Using scenario-based design and question-driven XAI design approaches, we explore users’ explainability needs for GenAI in three software engineering use cases: natural language to code, code translation, and code auto-completion. We conducted 9 workshops with 43 software engineers in which real examples from state-of-the-art generative AI models were used to elicit users’ explainability needs. Drawing from prior work, we also propose 4 types of XAI features for GenAI for code and gathered additional design ideas from participants. Our work explores explainability needs for GenAI for code and demonstrates how human-centered approaches can drive the technical development of XAI in novel domains.";"direct";"Investigating Explainability of Generative AI for Code through Scenario-based Design";NA;NA;NA;NA;NA;NA;NA;NA;NA;NA;NA;NA;NA;"81";"other (IT professionals)";"SS"
NA;2019;"ACMIUI-WS '19: Joint Proceedings of the ACM IUI 2019 Workshops co-located with the 24th ACM Conference on Intelligent User Interfaces (ACM IUI 2019)";"Attributions (cf. [1]) are increasingly used to explain the predictions of deep neural networks for various vision tasks. Attributions assign feature importances to the underlying pixels, but what the human consumes are visualizations of these attributions. We find that naive visualizations may not reflect the attributions faithfully and may sometime mislead the human decision-maker. We identify four guiding principles—Graphical Integrity, Layer Separation, Morphological Clarity, and Coverage—for effective visualizations; the first three requirements are standard in the visualization and the computer-vision literatures. We discuss fixes to naive visualization to satisfy these principles, and evaluate our fixes via a user study. Overall, we hope that this leads to more foolproof visualizations for mission-critical tasks like diagnosis based on medical imaging";"indirect";"Exploring principled visualizations for deep network attributions";NA;NA;NA;NA;NA;NA;NA;NA;NA;NA;NA;NA;NA;"5";"domain experts (medical)";"SS,SC"
"10.1145/3490099.3511160";2022;"IUI '22: Proceedings of the 27th International Conference on Intelligent User Interfaces";"Interpretability methods aim to help users build trust in and understand the capabilities of machine learning models. However, existing approaches often rely on abstract, complex visualizations that poorly map to the task at hand or require non-trivial ML expertise to interpret. Here, we present two interface modules that facilitate intuitively assessing model reliability. To help users better characterize and reason about a model's uncertainty, we visualize raw and aggregate information about a given input's nearest neighbors. Using an interactive editor, users can manipulate this input in semantically-meaningful ways, determine the effect on the output, and compare against their prior expectations. We evaluate our approach using an electrocardiogram beat classification case study. Compared to a baseline feature importance interface, we find that 14 physicians are better able to align the model's uncertainty with domain-relevant factors and build intuition about its capabilities and limitations.";"indirect";"Intuitively Assessing ML Model Reliability through Example-Based Explanations and Editing Model Inputs";NA;NA;NA;NA;NA;NA;NA;NA;NA;NA;NA;NA;NA;"14";"students (NA),domain experts (medical)";"SC,SS"
"10.1145/3397481.3450662";2021;"IUI '21: Proceedings of the 26th International Conference on Intelligent User Interfaces";"As the use of AI algorithms keeps rising continuously, so does the need for their transparency and accountability. However, literature often adopts a one-size-fits-all approach for developing explanations when in practice, the type of explanations needed depends on the type of end-user. This research will look at user expertise as a variable to see how different levels of expertise influence the understanding of explanations. The first iteration consists of developing two common types of explanations (visual and textual explanations) that explain predictions made by a general class of predictive model learners. These explanations are then evaluated by users of different expertise backgrounds to compare the understanding and ease-of-use of each type of explanation with respect to the different expertise groups. Results show strong differences between experts and lay users when using visual and textual explanations, as well as lay users having a preference for visual explanations which they perform significantly worse with. To solve this problem, the second iteration of this research focuses on the shortcomings of the first two explanations and tries to minimize the difference in understanding between both expertise groups. This is done through the means of developing and testing a candidate solution in the form of hybrid explanations, which essentially combine both visual and textual explanations. This hybrid form of explanations shows a significant improvement in terms of correct understanding (for lay users in particular) when compared to visual explanations, whilst not compromising on ease-of-use at the same time.";"indirect";"Visual, textual or hybrid: the effect of user expertise on different explanations";NA;NA;NA;NA;NA;NA;NA;NA;NA;NA;NA;NA;NA;"20";"AI experts (NA),other (IT professionals),other (lay people)";"SS,SC"
NA;2022;"IUI-WS '22: Joint Proceedings of the IUI 2022 Workshops: APEx-UI, HAI-GEN, HEALTHI, HUMANIZE, TExSS, SOCIALIZE co-located with the ACM International Conference on Intelligent User Interfaces (IUI 2022)";"In recent years, mobile health recommendations are used in an increasing number of applications. Researchers have highlighted the importance of explaining these recommendations to lay users, with benefits such as increased trust and a higher tendency to follow up on these recommendations. However, a different explanation modality can impact the way users perceive the recommendation, either in a positive or negative way. This paper will explore and evaluate six different explanation designs through a qualitative user study, and give general design guidelines and considerations regarding explaining pain-related health recommendations to lay users.";"direct";"Explaining health recommendations to lay users: The dos and don’ts";NA;NA;NA;NA;NA;NA;NA;NA;NA;NA;NA;NA;NA;"286";"domain experts (health app users)";"SS,SC"
"10.1109/HRI.2019.8673104";2019;"14th ACM/IEEE International Conference on Human-Robot Interaction (HRI)";"For robots to effectively collaborate with humans, it is critical to establish a shared mental model amongst teammates. In the case of incongruous models, catastrophic failures may occur unless mitigating steps are taken. To identify and remedy these potential issues, we propose a novel mechanism for enabling an autonomous system to detect model disparity between itself and a human collaborator, infer the source of the disagreement within the model, evaluate potential consequences of this error, and finally, provide human-interpretable feedback to encourage model correction. This process effectively enables a robot to provide a human with a policy update based on perceived model disparity, reducing the likelihood of costly or dangerous failures during joint task execution. This paper makes two contributions at the intersection of explainable AI (xAI) and human-robot collaboration: 1) The Reward Augmentation and Repair through Explanation (RARE) framework for estimating task understanding and 2) A human subjects study illustrating the effectiveness of reward augmentation-based policy repair in a complex collaborative task.";"indirect";"Explanation-Based Reward Coaching to Improve Human Performance via Reinforcement Learning";NA;NA;NA;NA;NA;NA;NA;NA;NA;NA;NA;NA;NA;"26";"students (NA),researchers (NA),administrative staff (NA)";"SS,SC"
"10.1145/3412815.3416893";2020;"FODS '20: Proceedings of the 2020 ACM-IMS on Foundations of Data Science Conference";"Ensembles of decision trees perform well on many problems, but are not interpretable. In contrast to existing approaches in interpretability that focus on explaining relationships between features and predictions, we propose an alternative approach to interpret tree ensemble classifiers by surfacing representative points for each class -- prototypes. We introduce a new distance for Gradient Boosted Tree models, and propose new, adaptive prototype selection methods with theoretical guarantees, with the flexibility to choose a different number of prototypes in each class. We demonstrate our methods on random forests and gradient boosted trees, showing that the prototypes can perform as well as or even better than the original tree ensemble when used as a nearest-prototype classifier. In a user study, humans were better at predicting the output of a tree ensemble classifier when using prototypes than when using Shapley values, a popular feature attribution method. Hence, prototypes present a viable alternative to feature-based explanations for tree ensembles.";"indirect";"Tree Space Prototypes";NA;NA;NA;NA;NA;NA;NA;NA;NA;NA;NA;NA;NA;"42";"crowdsourcing (AMT)";"FS,SS,SC"
"10.1109/TG.2022.3173399";2023;"IEEE Transactions on Games";"Online gaming is a multibillion dollar industry that entertains a large, global population. Empowering online games with AI has made a great success, however, ignores the explainability of black-box model makes AI less responsible and hinders its further development. In this article, we introduce and discuss the audience and the concept of XAI (eXplainable AI) in online games. We propose a GXAI workflow, which combines the strong expressiveness of multiview data sources and the clear transparency of multiview black-box models. We present four specific classifiers and explainers in the character portrait view, the behavior sequence view, the client image view, and the social graph view. Experiments conducted on real-world datasets for game cheating detection and player churn prediction show the accuracy of classification and the rationality of explanation. We also discover and present numerous interesting and valuable findings from the individual, local, and global explanations. We implement and deploy three practical applications, including evidence and reason generation, model debugging and testing, and model compression and comparison in NetEase Games and have received quite positive reviews from user studies. More future work is in progress since this is the first work that introduces XAI in online games.";"direct";"Explainable AI for Cheating Detection and Churn Prediction in Online Games";NA;NA;NA;NA;NA;NA;NA;NA;NA;NA;NA;NA;NA;"NA";"domain experts (game operators and game designers)";"SC"
"10.1007/978-3-030-60117-1_39";2020;"HCI International 2020 - Late Breaking Papers: Multimodality and Intelligence Lecture Notes in Computer Science";"This work documents a pilot user study evaluating the effectiveness of contrastive, causal and example explanations in supporting human understanding of AI in a hypothetical commonplace human-robot interaction (HRI) scenario. In doing so, this work situates “explainable AI” (XAI) in the context of the social sciences and suggests that HRI explanations are improved when informed by the social sciences.";"direct";"Why Did the Robot Cross the Road?";NA;NA;NA;NA;NA;NA;NA;NA;NA;NA;NA;NA;NA;"120";"crowdsourcing (AMT)";"SS,SC"
"10.1117/12.2559536";2020;"ICMV '19 Twelfth International Conference on Machine Vision";"While deep neural networks (DNNs) have been shown to outperform humans on many vision tasks, their intransparent decision making process inhibits wide-spread uptake, especially in high-risk scenarios. The BagNet architecture was designed to learn visual features that are easier to explain than the feature representation of other convolutional neural networks (CNNs). Previous experiments with BagNet were focused on natural images providing rich texture and color information. In this paper, we investigate the performance and interpretability of BagNet on a data set of human sketches, i.e., a data set with limited color and no texture information. We also introduce a heatmap interpretability score (HI score) to quantify model interpretability and present a user study to examine BagNet interpretability from user perspective. Our results show that BagNet is by far the most interpretable CNN architecture in our experiment setup based on the HI score.";"direct";"Evaluating CNN interpretability on sketch classification";NA;NA;NA;NA;NA;NA;NA;NA;NA;NA;NA;NA;NA;"45";"students (NA)";"FS"
NA;2019;"PMLR '19: Proceedings of the 4th Machine Learning for Healthcare Conference";"Translating machine learning (ML) models effectively to clinical practice requires establishing clinicians’ trust. Explainability, or the ability of an ML model to justify its outcomes and assist clinicians in rationalizing the model prediction, has been generally understood to be critical to establishing trust. However, the field suffers from the lack of concrete definitions for usable explanations in different settings. To identify specific aspects of explainability that may catalyze building trust in ML models, we surveyed clinicians from two distinct acute care specialties (Intenstive Care Unit and Emergency Department). We use their feedback to characterize when explainability helps to improve clinicians’ trust in ML models. We further identify the classes of explanations that clinicians identified as most relevant and crucial for effective translation to clinical practice. Finally, we discern concrete metrics for rigorous evaluation of clinical explainability methods. By integrating perceptions of explainability between clinicians and ML researchers we hope to facilitate the endorsement and broader adoption and sustained use of ML systems in healthcare.";"indirect";"What Clinicians Want: Contextualizing Explainable Machine Learning for Clinical End Use";NA;NA;NA;NA;NA;NA;NA;NA;NA;NA;NA;NA;NA;"10";"domain experts (medical)";"SS"
"10.1145/3172944.3172959";2018;"IUI '18: Proceedings of the 23rd International Conference on Intelligent User Interfaces";"The beyond-relevance objectives of recommender systems have been drawing more and more attention. For example, a diversity-enhanced interface has been shown to associate positively with overall levels of user satisfaction. However, little is known about how users adopt diversity-enhanced interfaces to accomplish various real-world tasks. In this paper, we present two attempts at creating a visual diversity-enhanced interface that presents recommendations beyond a simple ranked list. Our goal was to design a recommender system interface to help users explore the different relevance prospects of recommended items in parallel and to stress their diversity. Two within-subject user studies in the context of social recommendation at academic conferences were conducted to compare our visual interfaces. Results from our user study show that the visual interfaces significantly reduced the exploration efforts required for given tasks and helped users to perceive the recommendation diversity. We show that the users examined a diverse set of recommended items while experiencing an improvement in overall user satisfaction. Also, the users» subjective evaluations show significant improvement in many user-centric metrics. Experiences are discussed that shed light on avenues for future interface designs.";"indirect";"Beyond the Ranked List";NA;NA;NA;NA;NA;NA;NA;NA;NA;NA;NA;NA;NA;"25";"students (NA),researchers (NA)";"SS,SC"
"10.1145/3180308.3180368";2018;"IUI '18 Companion: Companion Proceedings of the 23rd International Conference on Intelligent User Interfaces";"Recommender systems have become popular in recent years, and ordinary users are more likely to rely on such service when completing various daily tasks. The need to design and build explainable recommender interfaces is increasing rapidly. Most of the designs of such explanations are intended to reflect the underlying algorithms by which the recommendations are computed. These approaches have been shown to be useful for obtaining system transparency and trust. However, little is known about how to design explanation interfaces for causal (non-expert) users to achieve different explanatory goals. As a first step toward understanding the user interface design factors, we conducted an international (across 13 countries) online survey of 14 active users of a social recommender system. This study captures user feedback in the field and frames it in terms of design principles and opportunities.";"indirect";"Explaining Social Recommendations to Casual Users";NA;NA;NA;NA;NA;NA;NA;NA;NA;NA;NA;NA;NA;"89";"domain experts (social recommender system users)";"SS"
"10.1145/3301275.3302318";2019;"IUI '19: Proceedings of the 24th International Conference on Intelligent User Interfaces";"Hybrid social recommender systems use social relevance from multiple sources to recommend relevant items or people to users. To make hybrid recommendations more transparent and controllable, several researchers have explored interactive hybrid recommender interfaces, which allow for a user-driven fusion of recommendation sources. In this field of work, the intelligent user interface has been investigated as an approach to increase transparency and improve the user experience. In this paper, we attempt to further promote the transparency of recommendations by augmenting an interactive hybrid recommender interface with several types of explanations. We evaluate user behavior patterns and subjective feedback by a within-subject study (N=33). Results from the evaluation show the effectiveness of the proposed explanation models. The result of post-treatment survey indicates a significant improvement in the perception of explainability, but such improvement comes with a lower degree of perceived controllability.";"indirect";"Explaining recommendations in an interactive hybrid social recommender";NA;NA;NA;NA;NA;NA;NA;NA;NA;NA;NA;NA;NA;"345";"other (conference attendees)";"SS,SC"
NA;2019;"ACMIUI-WS '19: Joint Proceedings of the ACM IUI 2019 Workshops co-located with the 24th ACM Conference on Intelligent User Interfaces (ACM IUI 2019)";"In this work-in-progress paper, we presented a participatory process of designing explanation interfaces for a social recommender system with multiple explanatory goals. We went through four stages to identify the key components of the recommendation model, expert mental model, user mental model, and target mental model. We reported the results of an online survey of current system users (N=14) and a controlled user study with a group of target users (N=15). Based on the findings, we proposed five set of explanation interfaces for five recommendation models (N=25) and discussed the user preference of the interface prototypes.";"indirect";"Designing explanation interfaces for transparency and beyond";NA;NA;NA;NA;NA;NA;NA;NA;NA;NA;NA;NA;NA;"15";"students (NA)";"SS"
"10.1145/3411764.3445101";2021;"CHI '21: Proceedings of the 2021 CHI Conference on Human Factors in Computing Systems";"Online symptom checkers (OSC) are widely used intelligent systems in health contexts such as primary care, remote healthcare, and epidemic control. OSCs use algorithms such as machine learning to facilitate self-diagnosis and triage based on symptoms input by healthcare consumers. However, intelligent systems’ lack of transparency and comprehensibility could lead to unintended consequences such as misleading users, especially in high-stakes areas such as healthcare. In this paper, we attempt to enhance diagnostic transparency by augmenting OSCs with explanations. We first conducted an interview study (N=25) to specify user needs for explanations from users of existing OSCs. Then, we designed a COVID-19 OSC that was enhanced with three types of explanations. Our lab-controlled user study (N=20) found that explanations can significantly improve user experience in multiple aspects. We discuss how explanations are interwoven into conversation flow and present implications for future OSC designs.";"indirect";"Exploring and Promoting Diagnostic Transparency and Explainability in Online Symptom Checkers";NA;NA;NA;NA;NA;NA;NA;NA;NA;NA;NA;NA;NA;"25,20";"domain experts (OSC)";"SS,SC"
NA;2022;"ICML '22: Proceedings of the 39th International Conference on Machine Learning (PMLR)";"Personalized treatment decisions have become an integral part of modern medicine. Thereby, the aim is to make treatment decisions based on individual patient characteristics. Numerous methods have been developed for learning such policies from observational data that achieve the best outcome across a certain policy class. Yet these methods are rarely interpretable. However, interpretability is often a prerequisite for policy learning in clinical practice. In this paper, we propose an algorithm for interpretable off-policy learning via hyperbox search. In particular, our policies can be represented in disjunctive normal form (i. e., OR-of-ANDs) and are thus intelligible. We prove a universal approximation theorem that shows that our policy class is flexible enough to approximate any measurable function arbitrarily well. For optimization, we develop a tailored column generation procedure within a branch andbound framework. Using a simulation study, we demonstrate that our algorithm outperforms stateof-the-art methods from interpretable off-policy learning in terms of regret. Using real-word clinical data, we perform a user study with actual clinical experts, who rate our policies as highly interpretable.";"top 4";"Interpretable Off-Policy Learning via Hyperbox Search";"Understanding";"Subjective";"Low";TRUE;FALSE;NA;NA;FALSE;FALSE;FALSE;FALSE;FALSE;"top 4";"10";"not stated (NA)";"SS,SC"
NA;2021;"NIPS '21: Proceedings of the 35th International Conference on Neural Information Processing Systems";"In comparison to the interpretation of classification models, the explanation of sequence generation models is also an important problem, however it has seen little attention. In this work, we study model-agnostic explanations of a representative text generation task -- dialogue response generation. Dialog response generation is challenging with its open-ended sentences and multiple acceptable responses. To gain insights into the reasoning process of a generation model, we propose a new method, local explanation of response generation (LERG) that regards the explanations as the mutual interaction of segments in input and output sentences. LERG views the sequence prediction as uncertainty estimation of a human response and then creates explanations by perturbing the input and calculating the certainty change over the human response. We show that LERG adheres to desired properties of explanations for text generation including unbiased approximation, consistency and cause identification. Empirically, our results show that our method consistently improves other widely used methods on proposed automatic- and human- evaluation metrics for this new task by  4.4 - 12. %. Our analysis demonstrates that LERG can extract both explicit and implicit relations between input and output segments.";"top 4";"Local Explanation of Dialogue Response Generation";"Understanding";"Objective";"Low";FALSE;FALSE;FALSE;FALSE;FALSE;FALSE;FALSE;FALSE;FALSE;"top 4";"NA";"crowdsourcing (AMT)";"SS,SC"
"10.1145/1240624.1240630";2007;"CHI '07: Proceedings of the SIGCHI Conference on Human Factors in Computing Systems";"In order to develop intelligent systems that attain the trust of their users, it is important to understand how users perceive such systems and develop those perceptions over time. We present an investigation into how users come to understand an intelligent system as they use it in their daily work. During a six-week field study, we interviewed eight office workers regarding the operation of a system that predicted their managers' interruptibility, comparing their mental models to the actual system model. Our results show that by the end of the study, participants were able to discount some of their initial misconceptions about what information the system used for reasoning about interruptibility. However, the overarching structures of their mental models stayed relatively stable over the course of the study. Lastly, we found that participants were able to give lay descriptions attributing simple machine learning concepts to the system despite their lack of technical knowledge. Our findings suggest an appropriate level of feedback for user interfaces of intelligent systems, provide a baseline level of complexity for user understanding, and highlight the challenges of making users aware of sensed inputs for such systems.";"indirect";"How it works";NA;NA;NA;NA;NA;NA;NA;NA;NA;NA;NA;NA;NA;"13";"domain experts (HR department)";"SS"
"10.1145/3411764.3445365";2021;"CHI '21: Proceedings of the 2021 CHI Conference on Human Factors in Computing Systems";"The uptake of artificial intelligence-based applications raises concerns about the fairness and transparency of AI behaviour. Consequently, the Computer Science community calls for the involvement of the general public in the design and evaluation of AI systems. Assessing the fairness of individual predictors is an essential step in the development of equitable algorithms. In this study, we evaluate the effect of two common visualisation techniques (text-based and scatterplot) and the display of the outcome information (i.e., ground-truth) on the perceived fairness of predictors. Our results from an online crowdsourcing study (N = 80) show that the chosen visualisation technique significantly alters people's fairness perception and that the presented scenario, as well as the participant's gender and past education, influence perceived fairness. Based on these results we draw recommendations for future work that seeks to involve non-experts in AI fairness evaluations.";"indirect";"Effect of Information Presentation on Fairness Perceptions of Machine Learning Predictors";NA;NA;NA;NA;NA;NA;NA;NA;NA;NA;NA;NA;NA;"80";"crowdsourcing (Prolific)";"SS,SC"
NA;2018;"ACMIUI-WS 2018 Joint Proceedings of the ACM IUI 2018 Workshops";"Explainable AI becomes increasingly important as the use of intelligent systems becomes more widespread in high risk domains. In these domains it is important that the user knows to which degree the system’s decisions can be trusted. To facilitate this, we present the Intuitive Confidence Measure (ICM): A lazy learning meta-model that can predict how likely a given decision is correct. ICM is intended to be easy to understand which we validated in an experiment. We compared ICM with two different methods of computing confidence measures: The numerical output of the model and an actively learned metamodel. The validation was performed using a smart assistant for maritime professionals. Results show that ICM is easier to understand but that each user is unique in its desires for explanations. This user studies with domain experts shows what users need in their explanations and that personalization is crucial.";"direct";"The design and validation of an intuitive confidence measure. ";NA;NA;NA;NA;NA;NA;NA;NA;NA;NA;NA;NA;NA;"5";"domain experts (maritime professionals)";"SS"
"10.1016/j.ijhcs.2020.102493";2020;"International Journal of Human-Computer Studies";"Decision support systems (DSS) have improved significantly but are more complex due to recent advances in Artificial Intelligence. Current XAI methods generate explanations on model behaviour to facilitate a user’s understanding, which incites trust in the DSS. However, little focus has been on the development of methods that establish and convey a system’s confidence in the advice that it provides. This paper presents a framework for Interpretable Confidence Measures (ICMs). We investigate what properties of a confidence measure are desirable and why, and how an ICM is interpreted by users. In several data sets and user experiments, we evaluate these ideas. The presented framework defines four properties: 1) accuracy or soundness, 2) transparency, 3) explainability and 4) predictability. These characteristics are realized by a case-based reasoning approach to confidence estimation. Example ICMs are proposed for -and evaluated on- multiple data sets. In addition, ICM was evaluated by performing two user experiments. The results show that ICM can be as accurate as other confidence measures, while behaving in a more predictable manner. Also, ICM’s underlying idea of case-based reasoning enables generating explanations about the computation of the confidence value, and facilitates user’s understandability of the algorithm.";"direct";"Interpretable confidence measures for decision support systems";NA;NA;NA;NA;NA;NA;NA;NA;NA;NA;NA;NA;NA;"40";"crowdsourcing (AMT)";"SS,SC"
"10.1016/j.artint.2020.103404";2021;"Artificial Intelligence";"Current developments in Artificial Intelligence (AI) led to a resurgence of Explainable AI (XAI). New methods are being researched to obtain information from AI systems in order to generate explanations for their output. However, there is an overall lack of valid and reliable evaluations of the effects on users' experience of, and behavior in response to explanations. New XAI methods are often based on an intuitive notion what an effective explanation should be. Rule- and example-based contrastive explanations are two exemplary explanation styles. In this study we evaluate the effects of these two explanation styles on system understanding, persuasive power and task performance in the context of decision support in diabetes self-management. Furthermore, we provide three sets of recommendations based on our experience designing this evaluation to help improve future evaluations. Our results show that rule-based explanations have a small positive effect on system understanding, whereas both rule- and example-based explanations seem to persuade users in following the advice even when incorrect. Neither explanation improves task performance compared to no explanation. This can be explained by the fact that both explanation styles only provide details relevant for a single decision, not the underlying rational or causality. These results show the importance of user evaluations in assessing the current assumptions and intuitions on effective explanations.";"direct";"Evaluating XAI: A comparison of rule-based and example-based explanations";NA;NA;NA;NA;NA;NA;NA;NA;NA;NA;NA;NA;NA;"45";"students (NA),researchers (NA),administrative staff (NA),other (social media),other (Dutch TNO database)";"FS,SS,SC"
"10.1145/3579605";2023;"Proceedings of the ACM on Human-Computer Interaction";"Prior work has identified a resilient phenomenon that threatens the performance of human-AI decision-making teams: overreliance, when people agree with an AI, even when it is incorrect. Surprisingly, overreliance does not reduce when the AI produces explanations for its predictions, compared to only providing predictions. Some have argued that overreliance results from cognitive biases or uncalibrated trust, attributing overreliance to an inevitability of human cognition. By contrast, our paper argues that people strategically choose whether or not to engage with an AI explanation, demonstrating empirically that there are scenarios where AI explanations reduce overreliance. To achieve this, we formalize this strategic choice in a cost-benefit framework, where the costs and benefits of engaging with the task are weighed against the costs and benefits of relying on the AI. We manipulate the costs and benefits in a maze task, where participants collaborate with a simulated AI to find the exit of a maze. Through 5 studies (N = 731), we find that costs such as task difficulty (Study 1), explanation difficulty (Study 2, 3), and benefits such as monetary compensation (Study 4) affect overreliance. Finally, Study 5 adapts the Cognitive Effort Discounting paradigm to quantify the utility of different explanations, providing further support for our framework. Our results suggest that some of the null effects found in literature could be due in part to the explanation not sufficiently reducing the costs of verifying the AI's prediction.";"direct";"Explanations Can Reduce Overreliance on AI Systems During Decision-Making";NA;NA;NA;NA;NA;NA;NA;NA;NA;NA;NA;NA;NA;"340";"crowdsourcing (Prolific)";"FS,SS,SC"
"10.1145/3173574.3174014";2018;"CHI '18: Proceedings of the 2018 CHI Conference on Human Factors in Computing Systems";"Calls for heightened consideration of fairness and accountability in algorithmically-informed public decisions---like taxation, justice, and child protection---are now commonplace. How might designers support such human values? We interviewed 27 public sector machine learning practitioners across 5 OECD countries regarding challenges understanding and imbuing public values into their work. The results suggest a disconnect between organisational and institutional realities, constraints and needs, and those addressed by current research into usable, transparent and 'discrimination-aware' machine learning---absences likely to undermine practical initiatives unless addressed. We see design opportunities in this disconnect, such as in supporting the tracking of concept drift in secondary data sources, and in building usable transparency tools to identify risks and incorporate domain knowledge, aimed both at managers and at the 'street-level bureaucrats' on the frontlines of public service. We conclude by outlining ethical challenges and future directions for collaboration in these high-stakes applications.";"indirect";"Fairness and Accountability Design Needs for Algorithmic Support in High-Stakes Public Sector Decision-Making";NA;NA;NA;NA;NA;NA;NA;NA;NA;NA;NA;NA;NA;"27";"other (modelling),other (project managers)";"SS"
"10.1016/j.fsigen.2021.102632";2022;"Forensic Science International Genetics";"Machine learning obtains good accuracy in determining the number of contributors (NOC) in short tandem repeat (STR) mixture DNA profiles. However, the models used so far are not understandable to users as they only output a prediction without any reasoning for that conclusion. Therefore, we leverage techniques from the field of explainable artificial intelligence (XAI) to help users understand why specific predictions are made. Where previous attempts at explainability for NOC estimation have relied upon using simpler, more understandable models that achieve lower accuracy, we use techniques that can be applied to any machine learning model. Our explanations incorporate SHAP values and counterfactual examples for each prediction into a single visualization. Existing methods for generating counterfactuals focus on uncorrelated features. This makes them inappropriate for the highly correlated features derived from STR data for NOC estimation, as these techniques simulate combinations of features that could not have resulted from an STR profile. For this reason, we have constructed a new counterfactual method, Realistic Counterfactuals (ReCo), which generates realistic counterfactual explanations for correlated data. We show that ReCo outperforms state-of-the-art methods on traditional metrics, as well as on a novel realism score. A user evaluation of the visualization shows positive opinions of end-users, which is ultimately the most appropriate metric in assessing explanations for real-world settings.";"direct";"Explainable artificial intelligence in forensics: Realistic explanations for number of contributor predictions of DNA profiles";NA;NA;NA;NA;NA;NA;NA;NA;NA;NA;NA;NA;NA;"8";"domain experts (DNA experts who use a NOC machine learning model in casework at NFI)";"FS,SS,SC"
"10.1109/IE.2010.56";2010;"IE '10: Proceedings of the 2010 Sixth International Conference on Intelligent Environments";"Users often become frustrated when they are unable to understand and control a pervasive computing environment. Previous studies have shown that allowing users to pose why and why not questions about context-aware applications resulted in better understanding and stronger feelings of trust. Although why and why not questions have been used before to aid in debugging and to clarify graphical user interfaces, it is currently not clear how they can be integrated into pervasive computing systems. We explain in detail how we have extended an existing pervasive computing framework with support for why and why not questions. This resulted in PervasiveCrystal, a system for asking and answering why and why not questions in pervasive computing environments.";"indirect";"PervasiveCrystal: Asking and Answering Why and Why Not Questions about Pervasive Computing Applications";NA;NA;NA;NA;NA;NA;NA;NA;NA;NA;NA;NA;NA;"5";"not stated (NA)";"SS"
"10.1145/3549482";2022;"Proceedings of the ACM on Human-Computer Interaction";"Understanding players' mental models are crucial for game designers who wish to successfully integrate player-AI interactions into their game. However, game designers face the difficult challenge of anticipating how players model these AI agents during gameplay and how they may change their mental models with experience. In this work, we conduct a qualitative study to examine how a pair of players develop mental models of an adversarial AI player during gameplay in the multiplayer drawing game iNNk. We conducted ten gameplay sessions in which two players (n = 20, 10 pairs) worked together to defeat an AI player. As a result of our analysis, we uncovered two dominant dimensions that describe players' mental model development (i.e., focus and style). The first dimension describes the focus of development which refers to what players pay attention to for the development of their mental model (i.e., top-down vs. bottom-up focus). The second dimension describes the differences in the style of development, which refers to how players integrate new information into their mental model (i.e., systematic vs. reactive style). In our preliminary framework, we further note how players process a change when a discrepancy occurs, which we observed occur through comparisons (i.e., compare to other systems, compare to gameplay, compare to self). We offer these results as a preliminary framework for player mental model development to help game designers anticipate how different players may model adversarial AI players during gameplay.";"indirect";"\"I Want To See How Smart This AI Really Is\": Player Mental Model Development of an Adversarial AI Player";NA;NA;NA;NA;NA;NA;NA;NA;NA;NA;NA;NA;NA;"20";"students (NA)";"SS"
"10.1007/978-3-031-08333-4_36";2022;"Artificial Intelligence Applications and Innovations (AIAI) IFIP Advances in Information and Communication Technology";"One of the aim of Explainable Artificial Intelligence (XAI) is to equip data-driven, machine-learned models with a high degree of explainability for humans. Understanding and explaining the inferences of a model can be seen as a defeasible reasoning process. This process is likely to be non-monotonic: a conclusion, linked to a set of premises, can be retracted when new information becomes available. In formal logic, computational argumentation is a method, within Artificial Intelligence (AI), focused on modeling defeasible reasoning. This research study focuses on the automatic formation of an argument-based representation for a machine-learned model in order to enhance its degree of explainability, by employing principles and techniques from computational argumentation. It also contributes to the body of knowledge by introducing a novel quantitative human-centred technique to evaluate such a novel representation, and potentially other XAI methods, in the form of a questionnaire for explainability. An experiment have been conducted with two groups of human participants, one interacting with the argument-based representation, and one with a decision trees, a representation deemed naturally transparent and comprehensible. Findings demonstrate that the explainability of the original argument-based representation is statistically similar to that associated to the decision-trees, as reported by humans via the novel questionnaire.";"direct";"A Novel Human-Centred Evaluation Approach and an Argument-Based Method for Explainable Artificial Intelligence";NA;NA;NA;NA;NA;NA;NA;NA;NA;NA;NA;NA;NA;"39";"other (authors' colleagues and acquaintances)";"SS"
"10.1145/3449726.3463166";2021;"GECCO '21: Proceedings of the Genetic and Evolutionary Computation Conference Companion";"High-stakes applications require AI-generated models to be interpretable. Current algorithms for the synthesis of potentially interpretable models rely on objectives or regularization terms that represent interpretability only coarsely (e.g., model size) and are not designed for a specific user. Yet, interpretability is intrinsically subjective. In this paper, we propose an approach for the synthesis of models that are tailored to the user by enabling the user to steer the model synthesis process according to her or his preferences. We use a bi-objective evolutionary algorithm to synthesize models with trade-offs between accuracy and a user-specific notion of interpretability. The latter is estimated by a neural network that is trained concurrently to the evolution using the feedback of the user, which is collected using uncertainty-based active learning. To maximize usability, the user is only asked to tell, given two models at the time, which one is less complex. With experiments on two real-world datasets involving 61 participants, we find that our approach is capable of learning estimations of interpretability that can be very different for different users. Moreover, the users tend to prefer models found using the proposed approach over models found using non-personalized interpretability indices.";"direct";"Model learning with personalized interpretability estimation (ML-PIE)";NA;NA;NA;NA;NA;NA;NA;NA;NA;NA;NA;NA;NA;"49";"students (NA)";"SS,SC"
NA;2018;"IntRS '18: Proceedings of the 5th Joint Workshop on Interfaces and Human Decision Making for Recommender Systems co-located with ACM Conference on Recommender Systems (RecSys 2018)";"Recommender systems, especially those built on machine learning, are increasing in popularity, as well as complexity and scope. Systems that cannot explain their reasoning to end-users risk losing trust with users and failing to achieve acceptance. Users demand interfaces that afford them insights into internal workings, allowing them to build appropriate mental models and calibrated trust. Building interfaces that provide this level of transparency, however, is a significant design challenge, with many design features that compete, and little empirical research to guide implementation. We investigated how end-users of recommender systems value different categories of information to help in determining what to do with computer generated recommendations in contexts involving high risk to themselves or others. Findings will inform future design of decision support in high-criticality contexts.";"indirect";"Assessing the value of transparency in recommender systems: an end-user perspective";NA;NA;NA;NA;NA;NA;NA;NA;NA;NA;NA;NA;NA;"22";"not stated (NA)";"SS"
NA;2024;"ICML '24: Proceedings of the 41st International Conference on Machine Learning (PMLR)";"Many real-world tasks require an agent to reason jointly over text and visual objects, (e.g., navigating in public spaces), which we refer to as context-sensitive text-rich visual reasoning. Specifically, these tasks require an understanding of the context in which the text interacts with visual elements within an image. However, there is a lack of existing datasets to benchmark the state-of-the-art multimodal models’ capability on context-sensitive text-rich visual reasoning. In this paper, we introduce ConTextual, a novel dataset featuring human-crafted instructions that require context-sensitive reasoning for text-rich images. We conduct experiments to assess the performance of 14 foundation models (GPT-4V, Gemini-Pro-Vision, LLaVA-Next) and establish a human performance baseline. Further, we perform human evaluations of the model responses and observe a significant performance gap of 30.8% between GPT-4V (the current best-performing Large Multimodal Model) and human performance. Our fine-grained analysis reveals that GPT-4V encounters difficulties interpreting time-related data and infographics. However, it demonstrates proficiency in comprehending abstract visual contexts such as memes and quotes. Finally, our qualitative analysis uncovers various factors contributing to poor performance including lack of precise visual perception and hallucinations. Our dataset, code, and leaderboard can be found on the project page https://con-textual.github.io/.";"top 4";"CONTEXTUAL: Evaluating Context-Sensitive Text-Rich Visual Reasoning in Large Multimodal Models";"Understanding";"Subjective";"No";FALSE;FALSE;FALSE;FALSE;FALSE;FALSE;NA;FALSE;FALSE;"top 4";"NA";"crowdsourcing (AMT)";"FS,SS"
"10.1109/TVCG.2018.2864504";2019;"IEEE Transactions on Visualization and Computer Graphics";"Deep Q-Network (DQN), as one type of deep reinforcement learning model, targets to train an intelligent agent that acquires optimal actions while interacting with an environment. The model is well known for its ability to surpass professional human players across many Atari 2600 games. Despite the superhuman performance, in-depth understanding of the model and interpreting the sophisticated behaviors of the DQN agent remain to be challenging tasks, due to the long-time model training process and the large number of experiences dynamically generated by the agent. In this work, we propose DQNViz, a visual analytics system to expose details of the blind training process in four levels, and enable users to dive into the large experience space of the agent for comprehensive analysis. As an initial attempt in visualizing DQN models, our work focuses more on Atari games with a simple action space, most notably the Breakout game. From our visual analytics of the agent's experiences, we extract useful action/reward patterns that help to interpret the model and control the training. Through multiple case studies conducted together with deep learning experts, we demonstrate that DQNViz can effectively help domain experts to understand, diagnose, and potentially improve DQN models.";"indirect";"DQNViz: A Visual Analytics Approach to Understand Deep Q-Networks";NA;NA;NA;NA;NA;NA;NA;NA;NA;NA;NA;NA;NA;"3";"AI experts (NA)";"SS"
"10.1145/3290605.3300911";2019;"CHI '19: Proceedings of the 2019 CHI Conference on Human Factors in Computing Systems";"To relieve the pain of manually selecting machine learning algorithms and tuning hyperparameters, automated machine learning (AutoML) methods have been developed to automatically search for good models. Due to the huge model search space, it is impossible to try all models. Users tend to distrust automatic results and increase the search budget as much as they can, thereby undermining the efficiency of AutoML. To address these issues, we design and implement ATMSeer, an interactive visualization tool that supports users in refining the search space of AutoML and analyzing the results. To guide the design of ATMSeer, we derive a workflow of using AutoML based on interviews with machine learning experts. A multi-granularity visualization is proposed to enable users to monitor the AutoML process, analyze the searched models, and refine the search space in real time. We demonstrate the utility and usability of ATMSeer through two case studies, expert interviews, and a user study with 13 end users.";"indirect";"ATMSeer";NA;NA;NA;NA;NA;NA;NA;NA;NA;NA;NA;NA;NA;"2,13";"domain experts (AutoML experts),students (NA)";"SS"
"10.1145/3290605.3300831";2019;"CHI '19: Proceedings of the 2019 CHI Conference on Human Factors in Computing Systems";"From healthcare to criminal justice, artificial intelligence (AI) is increasingly supporting high-consequence human decisions. This has spurred the field of explainable AI (XAI). This paper seeks to strengthen empirical application-specific investigations of XAI by exploring theoretical underpinnings of human decision making, drawing from the fields of philosophy and psychology. In this paper, we propose a conceptual framework for building human-centered, decision-theory-driven XAI based on an extensive review across these fields. Drawing on this framework, we identify pathways along which human cognitive patterns drives needs for building XAI and how XAI can mitigate common cognitive biases. We then put this framework into practice by designing and implementing an explainable clinical diagnostic tool for intensive care phenotyping and conducting a co-design exercise with clinicians. Thereafter, we draw insights into how this framework bridges algorithm-generated explanations and human decision-making theories. Finally, we discuss implications for XAI design and development.";"indirect";"Designing Theory-Driven User-Centric Explainable AI";NA;NA;NA;NA;NA;NA;NA;NA;NA;NA;NA;NA;NA;"14";"domain experts (medical)";"SS"
"10.1145/3491102.3517551";2022;"CHI '22: Proceedings of the 2022 CHI Conference on Human Factors in Computing Systems";"Feedback in creativity support tools can help crowdworkers to improve their ideations. However, current feedback methods require human assessment from facilitators or peers. This is not scalable to large crowds. We propose Interpretable Directed Diversity to automatically predict ideation quality and diversity scores, and provide AI explanations - Attribution, Contrastive Attribution, and Counterfactual Suggestions - to feedback on why ideations were scored (low), and how to get higher scores. These explanations provide multi-faceted feedback as users iteratively improve their ideations. We conducted formative and controlled user studies to understand the usage and usefulness of explanations to improve ideation diversity and quality. Users appreciated that explanation feedback helped focus their efforts and provided directions for improvement. This resulted in explanations improving diversity compared to no feedback or feedback with scores only. Hence, our approach opens opportunities for explainable AI towards scalable and rich feedback for iterative crowd ideation and creativity support tools.";"direct";"Interpretable Directed Diversity: Leveraging Model Explanations for Iterative Crowd Ideation";NA;NA;NA;NA;NA;NA;NA;NA;NA;NA;NA;NA;NA;"15";"students (NA)";"SS,SC"
"10.1145/3544548.3580852";2023;"CHI '23: Proceedings of the 2023 CHI Conference on Human Factors in Computing Systems";"Recurrent Neural Networks (RNNs) have been widely used in Natural Language Processing (NLP) tasks given its superior performance on processing sequential data. However, it is challenging to interpret and debug RNNs due to the inherent complexity and the lack of transparency of RNNs. While many explainable AI (XAI) techniques have been proposed for RNNs, most of them only support local explanations rather than global explanations. In this paper, we present DeepSeer, an interactive system that provides both global and local explanations of RNN behavior in multiple tightly-coordinated views for model understanding and debugging. The core of DeepSeer is a state abstraction method that bundles semantically similar hidden states in an RNN model and abstracts the model as a finite state machine. Users can explore the global model behavior by inspecting text patterns associated with each state and the transitions between states. Users can also dive into individual predictions by inspecting the state trace and intermediate prediction results of a given input. A between-subjects user study with 28 participants shows that, compared with a popular XAI technique, LIME, participants using DeepSeer made a deeper and more comprehensive assessment of RNN model behavior, identified the root causes of incorrect predictions more accurately, and came up with more actionable plans to improve the model performance.";"direct";"DeepSeer: Interactive RNN Explanation and Debugging via State Abstraction";NA;NA;NA;NA;NA;NA;NA;NA;NA;NA;NA;NA;NA;"28";"students (NA)";"SS"
"10.1109/TVCG.2023.3327153";2023;"IEEE Transactions on Visualization and Computer Graphics";"Recently, large pretrained language models have achieved compelling performance on commonsense benchmarks. Nevertheless, it is unclear what commonsense knowledge the models learn and whether they solely exploit spurious patterns. Feature attributions are popular explainability techniques that identify important input concepts for model outputs. However, commonsense knowledge tends to be implicit and rarely explicitly presented in inputs. These methods cannot infer models' implicit reasoning over mentioned concepts. We present CommonsenseVIS, a visual explanatory system that utilizes external commonsense knowledge bases to contextualize model behavior for commonsense question-answering. Specifically, we extract relevant commonsense knowledge in inputs as references to align model behavior with human knowledge. Our system features multi-level visualization and interactive model probing and editing for different concepts and their underlying relations. Through a user study, we show that CommonsenseVIS helps NLP experts conduct a systematic and scalable visual analysis of models' relational reasoning over concepts in different situations.";"direct";"CommonsenseVIS: Visualizing and Understanding Commonsense Reasoning Capabilities of Natural Language Models.";NA;NA;NA;NA;NA;NA;NA;NA;NA;NA;NA;NA;NA;"10";"domain experts (NLP researchers)";"SS"
"10.1109/TVCG.2022.3209435";2023;"IEEE Transactions on Visualization and Computer Graphics";"Whether AI explanations can help users achieve specific tasks efficiently (i.e., usable explanations) is significantly influenced by their visual presentation. While many techniques exist to generate explanations, it remains unclear how to select and visually present AI explanations based on the characteristics of domain users. This paper aims to understand this question through a multidisciplinary design study for a specific problem: explaining graph neural network (GNN) predictions to domain experts in drug repurposing, i.e., reuse of existing drugs for new diseases. Building on the nested design model of visualization, we incorporate XAI design considerations from a literature review and from our collaborators' feedback into the design process. Specifically, we discuss XAI-related design considerations for usable visual explanations at each design layer: target user, usage context, domain explanation, and XAI goal at the domain layer; format, granularity, and operation of explanations at the abstraction layer; encodings and interactions at the visualization layer; and XAI and rendering algorithm at the algorithm layer. We present how the extended nested model motivates and informs the design of DrugExplorer, an XAI tool for drug repurposing. Based on our domain characterization, DrugExplorer provides path-based explanations and presents them both as individual paths and meta-paths for two key XAI operations, why and what else. DrugExplorer offers a novel visualization design called MetaMatrix with a set of interactions to help domain users organize and compare explanation paths at different levels of granularity to generate domain-meaningful insights. We demonstrate the effectiveness of the selected visual presentation and DrugExplorer as a whole via a usage scenario, a user study, and expert interviews. From these evaluations, we derive insightful observations and reflections that can inform the design of XAI visualizations for other scientific applications.";"direct";"Extending the Nested Model for User-Centric XAI: A Design Study on GNN-based Drug Repurposing";NA;NA;NA;NA;NA;NA;NA;NA;NA;NA;NA;NA;NA;"12";"domain experts (medical)";"SS,SC"
"10.1145/3490099.3511108";2022;"IUI '22: Proceedings of the 27th International Conference on Intelligent User Interfaces";"Currently, there is a surge of interest in fair Artificial Intelligence (AI) and Machine Learning (ML) research which aims to mitigate discriminatory bias in AI algorithms, e.g. along lines of gender, age, and race. While most research in this domain focuses on developing fair AI algorithms, in this work, we examine the challenges which arise when human- fair-AI interact. Our results show that due to an apparent conflict between human preferences and fairness, a fair AI algorithm on its own may be insufficient to achieve its intended results in the real world. Using college major recommendation as a case study, we build a fair AI recommender by employing gender debiasing machine learning techniques. Our offline evaluation showed that the debiased recommender makes fairer and more accurate college major recommendations. Nevertheless, an online user study of more than 200 college students revealed that participants on average prefer the original biased system over the debiased system. Specifically, we found that the perceived gender disparity associated with a college major is a determining factor for the acceptance of a recommendation. In other words, our results demonstrate we cannot fully address the gender bias issue in AI recommendations without addressing the gender bias in humans. They also highlight the urgent need to extend the current scope of fair AI research from narrowly focusing on debiasing AI algorithms to including new persuasion and bias explanation technologies in order to achieve intended societal impacts.";"indirect";"Do Humans Prefer Debiased AI Algorithms? A Case Study in Career Recommendation";NA;NA;NA;NA;NA;NA;NA;NA;NA;NA;NA;NA;NA;"202";"students (NA)";"SS"
"10.1145/3397481.3450650";2021;"IUI '21: Proceedings of the 26th International Conference on Intelligent User Interfaces";"This paper contributes to the growing literature in empirical evaluation of explainable AI (XAI) methods by presenting a comparison on the effects of a set of established XAI methods in AI-assisted decision making. Specifically, based on our review of previous literature, we highlight three desirable properties that ideal AI explanations should satisfy—improve people’s understanding of the AI model, help people recognize the model uncertainty, and support people’s calibrated trust in the model. Through randomized controlled experiments, we evaluate whether four types of common model-agnostic explainable AI methods satisfy these properties on two types of decision making tasks where people perceive themselves as having different levels of domain expertise in (i.e., recidivism prediction and forest cover prediction). Our results show that the effects of AI explanations are largely different on decision making tasks where people have varying levels of domain expertise in, and many AI explanations do not satisfy any of the desirable properties for tasks that people have little domain expertise in. Further, for decision making tasks that people are more knowledgeable, feature contribution explanation is shown to satisfy more desiderata of AI explanations, while the explanation that is considered to resemble how human explain decisions (i.e., counterfactual explanation) does not seem to improve calibrated trust. We conclude by discussing the implications of our study for improving the design of XAI methods to better support human decision making.";"indirect";"Are Explanations Helpful? A Comparative Study of the Effects of Explanations in AI-Assisted Decision-Making";NA;NA;NA;NA;NA;NA;NA;NA;NA;NA;NA;NA;NA;"782";"crowdsourcing (AMT)";"SS,SC,FS"
"10.1145/3519266";2022;"ACM Transactions on Interactive Intelligent Systems";"Recent years have witnessed the growing literature in empirical evaluation of explainable AI (XAI) methods. This study contributes to this ongoing conversation by presenting a comparison on the effects of a set of established XAI methods in AI-assisted decision making. Based on our review of previous literature, we highlight three desirable properties that ideal AI explanations should satisfy — improve people’s understanding of the AI model, help people recognize the model uncertainty, and support people’s calibrated trust in the model. Through three randomized controlled experiments, we evaluate whether four types of common model-agnostic explainable AI methods satisfy these properties on two types of AI models of varying levels of complexity, and in two kinds of decision making contexts where people perceive themselves as having different levels of domain expertise. Our results demonstrate that many AI explanations do not satisfy any of the desirable properties when used on decision making tasks that people have little domain expertise in. On decision making tasks that people are more knowledgeable, the feature contribution explanation is shown to satisfy more desiderata of AI explanations, even when the AI model is inherently complex. We conclude by discussing the implications of our study for improving the design of XAI methods to better support human decision making, and for advancing more rigorous empirical evaluation of XAI methods.";"direct";"Effects of Explanations in AI-Assisted Decision Making: Principles and Comparisons";NA;NA;NA;NA;NA;NA;NA;NA;NA;NA;NA;NA;NA;"1062";"crowdsourcing (AMT)";"FS,SS,SC"
NA;2021;"ECIS '21: European Conference on Information Systems";"Maintenance decision support systems can be equipped with artificial intelligence capabilities. Artificial intelligence algorithms allow for automatically extracting patterns and hidden relationships from data gathered from machinery to support maintenance-related tasks such as diagnosis and prognosis. However, the adoption of such systems in industrial maintenance remains rather hesitant. Currently, research lacks independent, rigorous studies investigating barriers causing this absence of adoption. We modified the unified theory of acceptance and use of technology (UTAUT) for our research to provide a better explanation for this observation. In particular, we extended the model with the constructs of trust and system transparency. We assume that trust is a central factor for artificial intelligence technology acceptance due to the black-box character of such algorithms, which in turn is highly affected by system transparency. Our model can serve as the foundation for better understanding actions that can enable user adoption of such systems.";"indirect";"Adoption Barriers of AI: A context-specific acceptance model for industrial maintenance";NA;NA;NA;NA;NA;NA;NA;NA;NA;NA;NA;NA;NA;"10,116";"domain experts (industrial maintenance)";"SS"
"10.1080/2573234X.2021.1952913";2021;"Journal of Business Analytics";"Machine learning in decision support systems already outperforms pre-existing statistical methods. However, their predictions face challenges as calculations are often complex and not all model predictions are traceable. In fact, many well-performing models are black boxes to the user who– consequently– cannot interpret and understand the rationale behind a model's prediction. Explainable artificial intelligence has emerged as a field of study to counteract this. However, current research often neglects the human factor. Against this backdrop, we derived and examined factors that influence the goodness of a model's explainability in a social evaluation of end users. We implemented six common ML algorithms for four different benchmark datasets in a two-factor factorial design and asked potential end users to rate different factors in a survey. Our results show that the perceived goodness of explainability is moderated by the problem type and strongly correlates with trustworthiness as the most important factor.";"indirect";"A social evaluation of the perceived goodness of explainability in machine learning";NA;NA;NA;NA;NA;NA;NA;NA;NA;NA;NA;NA;NA;"112";"crowdsourcing (Prolific)";"SS,SC"
"10.1145/3581641.3584090";2023;"IUI '23: Proceedings of the 28th International Conference on Intelligent User Interfaces";"Recently, eXplainable AI (XAI) research has focused on the use of counterfactual explanations to address interpretability, algorithmic recourse, and bias in AI system decision-making. The proponents of these algorithms claim they meet users' requirements for counterfactual explanations. For instance, many claim that the output of their algorithms work as explanations because they prioritise plausible, actionable or causally important features in their generated counterfactuals. However, very few of these claims have been tested in controlled psychological studies, and we know very little about which aspects of counterfactual explanations help users to understand AI system decisions. Furthermore, we do not know whether counterfactual explanations are an advance on more traditional causal explanations that have a much longer history in AI (in explaining expert systems and decision trees). Accordingly, we carried out two user studies to (i) test a fundamental distinction in feature-types, between categorical and continuous features, and (ii) compare the relative effectiveness of counterfactual and causal explanations. The studies used a simulated, automated decision-making app that determined safe driving limits after drinking alcohol, based on predicted blood alcohol content, and user responses were measured objectively (users' predictive accuracy) and subjectively (users' satisfaction and trust judgments). Study 1 (N=127) showed that users understand explanations referring to categorical features more readily than those referring to continuous features. It also discovered a dissociation between objective and subjective measures: counterfactual explanations elicited higher accuracy of predictions than no-explanation control descriptions but no higher accuracy than causal explanations, yet counterfactual explanations elicited greater satisfaction and trust judgments than causal explanations. Study 2 (N=211) found that users were more accurate for categorically-transformed features compared to continuous ones, and also replicated the results of Study 1. The findings delineate important boundary conditions for current and future counterfactual explanation methods in XAI.";"direct";"Categorical and Continuous Features in Counterfactual Explanations of AI Systems";NA;NA;NA;NA;NA;NA;NA;NA;NA;NA;NA;NA;NA;"245";"crowdsourcing (Prolific)";"FS,SS"
NA;2019;"arXiv";"In the past years, many new explanation methods have been proposed to achieve interpretability of machine learning predictions. However, the utility of these methods in practical applications has not been researched extensively. In this paper we present the results of a human-grounded evaluation of SHAP, an explanation method that has been well-received in the XAI and related communities. In particular, we study whether this local model-agnostic explanation method can be useful for real human domain experts to assess the correctness of positive predictions, i.e. alerts generated by a classifier. We performed experimentation with three different groups of participants (159 in total), who had basic knowledge of explainable machine learning. We performed a qualitative analysis of recorded reflections of experiment participants performing alert processing with and without SHAP information. The results suggest that the SHAP explanations do impact the decision-making process, although the model's confidence score remains to be a leading source of evidence. We statistically test whether there is a significant difference in task utility metrics between tasks for which an explanation was available and tasks in which it was not provided. As opposed to common intuitions, we did not find a significant difference in alert processing performance when a SHAP explanation is available compared to when it is not.";"indirect";"A Human-Grounded Evaluation of SHAP for Alert Processing";NA;NA;NA;NA;NA;NA;NA;NA;NA;NA;NA;NA;NA;"57";"students (NA)";"FS,SS"
"10.1109/TVCG.2019.2934619";2019;"IEEE Transactions on Visualization and Computer Graphics";"A key challenge in developing and deploying Machine Learning (ML) systems is understanding their performance across a wide range of inputs. To address this challenge, we created the What-If Tool, an open-source application that allows practitioners to probe, visualize, and analyze ML systems, with minimal coding. The What-If Tool lets practitioners test performance in hypothetical situations, analyze the importance of different data features, and visualize model behavior across multiple models and subsets of input data. It also lets practitioners measure systems according to multiple ML fairness metrics. We describe the design of the tool, and report on real-life usage at different organizations.";"indirect";"The What-If Tool: Interactive Probing of Machine Learning Models";NA;NA;NA;NA;NA;NA;NA;NA;NA;NA;NA;NA;NA;"2,NA";"students (NA),AI experts (NA),other (IT professionals)";"SS"
"10.1016/bs.adcom.2023.10.002";2024;"Advances in computers";"Enhanced Living Environment (ELE) applications utilize the expressive power of Artificial Intelligence (AI) to provide enhanced performance. However, despite the impressive performance, state-of-the-art AI techniques come at the cost of explainability; users cannot understand the rationale of the decisions made by such systems. This opaque nature causes a lack of trust leading to less adoption of ELE systems, especially in mission-critical domains such as healthcare. The AI community has proposed various eXplainable AI (XAI) techniques to rationalize AI decisions. However, the user perspective of XAI is not well explored. This chapter addresses user perception and requirements of XAI and attitude toward adopting explainable ELE systems. A user study with 326 participants revealed that most perceive XAI as essential and expect explanations to be easy to understand, faithful, and interactive. The respondents prefer concept-based explanations over feature attributions. Hence, we develop a novel approach to generate multimodal explanations consisting of linguistic and visual explanations to rationalize the decisions made by Human Activity Recognition (HAR) systems. Finally, we conduct a validation survey to evaluate the impact of introducing explanations into a HAR system. The results highlight that users' trust grows with explainability leading to higher adoption of ELE systems.";"direct";"Explainable artificial intelligence for enhanced living environments: A study on user perspective";NA;NA;NA;NA;NA;NA;NA;NA;NA;NA;NA;NA;NA;"326";"not stated (NA)";"SC"
"10.1145/3379503.3403554";2020;"MobileHCI '20: 22nd International Conference on Human-Computer Interaction with Mobile Devices and Services";"Autonomous vehicles are complex systems that may behave in unexpected ways. From the drivers’ perspective, this can cause stress and lower trust and acceptance of autonomous driving. Prior work has shown that explanation of system behavior can mitigate these negative effects. Nevertheless, it remains unclear in which situations drivers actually need an explanation and what kind of interaction is relevant to them. Using thematic analysis of real-world experience reports, we first identified 17 situations in which a vehicle behaved unexpectedly. We then conducted a think-aloud study (N = 26) in a driving simulator to validate these situations and enrich them with qualitative insights about drivers’ need for explanation. We identified six categories to describe the main concerns and topics during unexpected driving behavior (emotion and evaluation, interpretation and reason, vehicle capability, interaction, future driving prediction and explanation request times). Based on these categories, we suggest design implications for autonomous vehicles, in particular related to collaboration insights, user mental models and explanation requests.";"indirect";"“I’d like an Explanation for That!”Exploring Reactions to Unexpected Autonomous Driving";NA;NA;NA;NA;NA;NA;NA;NA;NA;NA;NA;NA;NA;"26";"not stated (NA)";"SS"
"10.18653/v1/2022.naacl-main.47";2022;"Proceedings of the 2022 Conference of the North American Chapter of the Association for Computational Linguistics: Human Language Technologies";"Sarah Wiegreffe, Jack Hessel, Swabha Swayamdipta, Mark Riedl, Yejin Choi. Proceedings of the 2022 Conference of the North American Chapter of the Association for Computational Linguistics: Human Language Technologies. 2022.";"indirect";"Reframing Human-AI Collaboration for Generating Free-Text Explanations";NA;NA;NA;NA;NA;NA;NA;NA;NA;NA;NA;NA;NA;"34";"crowdsourcing (AMT)";"SS,SC"
"10.1016/j.knosys.2023.110830";2023;"Knowledge-Based Systems";"Counterfactual explanations highlight actionable knowledge which helps to understand how a machine learning model outcome could be altered to a more favourable outcome. Understanding actionable corrections in source code analysis can be critical to proactively mitigate security attacks that are caused by known vulnerabilities. In this paper, we present the DisCERN explainer for discovering counterfactuals for code vulnerability correction. Given a vulnerable code segment, DisCERN finds counterfactual (i.e. non-vulnerable) code segments and recommends actionable corrections. DisCERN uses feature attribution knowledge to identify potentially vulnerable code statements. Subsequently, it applies a substitution-focused correction, suggesting suitable fixes by analysing the nearest-unlike neighbour. Overall, DisCERN aims to identify vulnerabilities and correct them while preserving both the code syntax and the original functionality of the code. A user study evaluated the utility of counterfactuals for vulnerability detection and correction compared to more commonly used feature attribution explainers. The study revealed that counterfactuals foster positive shifts in mental models, effectively guiding users towards making vulnerability corrections. Furthermore, counterfactuals significantly reduced the cognitive load when detecting and correcting vulnerabilities in complex code segments. Despite these benefits, the user study showed that feature attribution explanations are still more widely accepted than counterfactuals, possibly due to the greater familiarity with the former and the novelty of the latter. These findings encourage further research and development into counterfactual explanations, as they demonstrate the potential for acceptability over time among developers as a reliable resource for both coding and training.";"direct";"A user-centred evaluation of DisCERN: Discovering counterfactuals for code vulnerability detection and correction";NA;NA;NA;NA;NA;NA;NA;NA;NA;NA;NA;NA;NA;"198";"crowdsourcing (AMT)";"SS,SC"
"10.1145/3441715";2021;"ACM transactions on office information systems";"Chatbots or conversational recommenders have gained increasing popularity as a new paradigm for Recommender Systems (RS). Prior work on RS showed that providing explanations can improve transparency and trust, which are critical for the adoption of RS. Their interactive and engaging nature makes conversational recommenders a natural platform to not only provide recommendations but also justify the recommendations through explanations. The recent surge of interest inexplainable AI enables diverse styles of justification, and also invites questions on how styles of justification impact user perception. In this article, we explore the effect of “why” justifications and “why not” justifications on users’ perceptions of explainability and trust. We developed and tested a movie-recommendation chatbot that provides users with different types of justifications for the recommended items. Our online experiment ( n = 310) demonstrates that the “why” justifications (but not the “why not” justifications) have a significant impact on users’ perception of the conversational recommender. Particularly, “why” justifications increase users’ perception of system transparency, which impacts perceived control, trusting beliefs and in turn influences users’ willingness to depend on the system’s advice. Finally, we discuss the design implications for decision-assisting chatbots.";"indirect";"Why or Why Not? The Effect of Justification Styles on Chatbot Recommendations";NA;NA;NA;NA;NA;NA;NA;NA;NA;NA;NA;NA;NA;"317";"crowdsourcing (AMT)";"SS,SC"
"10.1145/2876034.2876042";2016;"L@S '16: Proceedings of the Third (2016) ACM Conference on Learning @ Scale";"While explanations may help people learn by providing information about why an answer is correct, many problems on online platforms lack high-quality explanations. This paper presents AXIS (Adaptive eXplanation Improvement System), a system for obtaining explanations. AXIS asks learners to generate, revise, and evaluate explanations as they solve a problem, and then uses machine learning to dynamically determine which explanation to present to a future learner, based on previous learners' collective input. Results from a case study deployment and a randomized experiment demonstrate that AXIS elicits and identifies explanations that learners find helpful. Providing explanations from AXIS also objectively enhanced learning, when compared to the default practice where learners solved problems and received answers without explanations. The rated quality and learning benefit of AXIS explanations did not differ from explanations generated by an experienced instructor.";"indirect";"AXIS";NA;NA;NA;NA;NA;NA;NA;NA;NA;NA;NA;NA;NA;"524";"crowdsourcing (AMT)";"FS,SS"
"10.1145/3409120.3410659";2020;"AutomotiveUI '20: 12th International Conference on Automotive User Interfaces and Interactive Vehicular Applications";"Recent research indicates that transparent information on the behavior of automated vehicles positively affects trust, but how such feedback should be composed and if user trust influences the amount of desired feedback is relatively unexplored. Consequently, we conducted an interview study with (N=56) participants, who were presented different videos of an automated vehicle from the ego-perspective. Subjects rated their trust in the vehicle in these situations and could arbitrarily select objects in the driving environment that should be included in augmented reality feedback systems, so that they are able to trust the vehicle and understand its actions. The results show an inverse correlation between situational trust and participants' desire for feedback and further reveal reasons why certain objects should be included in feedback systems. The study also highlights the need for more adaptive in-vehicle interfaces for trust calibration and outlines necessary steps for automatically generating feedback in the future.";"indirect";"Explainable Automation: Personalized and Adaptive UIs to Foster Trust and Understanding of Driving Automation Systems";NA;NA;NA;NA;NA;NA;NA;NA;NA;NA;NA;NA;NA;"56";"not stated (NA)";"SS"
NA;2019;"ACMIUI- WS '19: Joint Proceedings of the ACM IUI 2019 Workshops co-located with the 24th ACM Conference on Intelligent User Interfaces (ACM IUI 2019)";"We report from an ongoing study of the design, development, and deployment of an intelligent workplace system in the IT services domain. We describe the system, which is designed to augment the complex design work of highly-skilled IT architects with the use of natural language processing (NLP) and optimization modelling. We outline results from our study, which analyzes feedback from architects as they interacted with various prototypes of the system. This feedback focuses on their sensemaking and uncertainty around: system actions; interactivity and system outputs; and integration with existing processes. These findings point to “explanation” as a multi-dimensional requirement. Such multi-dimensionality requires more careful articulation of the different types of explanations needed to support workers as they make sense of and successfully integrate smart systems in their everyday work practice.";"indirect";"Explainability in context: lessons from an intelligent system in the it services domain";NA;NA;NA;NA;NA;NA;NA;NA;NA;NA;NA;NA;NA;"28";"other (IT professionals)";"SS"
"10.1109/TVCG.2017.2744878";2018;"IEEE Transactions on Visualization and Computer Graphics";"We present a design study of the TensorFlow Graph Visualizer, part of the TensorFlow machine intelligence platform. This tool helps users understand complex machine learning architectures by visualizing their underlying dataflow graphs. The tool works by applying a series of graph transformations that enable standard layout techniques to produce a legible interactive diagram. To declutter the graph, we decouple non-critical nodes from the layout. To provide an overview, we build a clustered graph using the hierarchical structure annotated in the source code. To support exploration of nested structure on demand, we perform edge bundling to enable stable and responsive cluster expansion. Finally, we detect and highlight repeated structures to emphasize a model's modular composition. To demonstrate the utility of the visualizer, we describe example usage scenarios and report user feedback. Overall, users find the visualizer useful for understanding, debugging, and sharing the structures of their models.";"indirect";"Visualizing Dataflow Graphs of Deep Learning Models in TensorFlow";NA;NA;NA;NA;NA;NA;NA;NA;NA;NA;NA;NA;NA;"8";"researchers (NA),other (engineers)";"SS"
"10.1145/3423096";2021;"ACM Transactions on Software Engineering and Methodology (TOSEM)";"Machine learning–(ML) based approach is considered as one of the most promising techniques for Android malware detection and has achieved high accuracy by leveraging commonly used features. In practice, most of the ML classifications only provide a binary label to mobile users and app security analysts. However, stakeholders are more interested in the reason why apps are classified as malicious in both academia and industry. This belongs to the research area of interpretable ML but in a specific research domain (i.e., mobile malware detection). Although several interpretable ML methods have been exhibited to explain the final classification results in many cutting-edge Artificial Intelligent–based research fields, until now, there is no study interpreting why an app is classified as malware or unveiling the domain-specific challenges. In this article, to fill this gap, we propose a novel and interpretable ML-based approach (named XMal ) to classify malware with high accuracy and explain the classification result meanwhile. (1) The first classification phase of XMal hinges multi-layer perceptron and attention mechanism and also pinpoints the key features most related to the classification result. (2) The second interpreting phase aims at automatically producing neural language descriptions to interpret the core malicious behaviors within apps. We evaluate the behavior description results by leveraging a human study and an in-depth quantitative analysis. Moreover, we further compare XMal with the existing interpretable ML-based methods (i.e., Drebin and LIME) to demonstrate the effectiveness of XMal . We find that XMal is able to reveal the malicious behaviors more accurately. Additionally, our experiments show that XMal can also interpret the reason why some samples are misclassified by ML classifiers. Our study peeks into the interpretable ML through the research of Android malware detection and analysis.";"direct";"Why an Android App Is Classified as Malware";"Desiderata";"Subjective";"Med";FALSE;FALSE;FALSE;TRUE;TRUE;FALSE;FALSE;FALSE;TRUE;"2021 and after";"33";"students (NA),researchers (NA),administrative staff (NA),other (industry)";"SS"
"10.18653/v1/2021.acl-long.523";2021;"Proceedings of the 59th Annual Meeting of the Association for Computational Linguistics and the 11th International Joint Conference on Natural Language Processing (Volume 1: Long Papers)";"Tongshuang Wu, Marco Tulio Ribeiro, Jeffrey Heer, Daniel Weld. Proceedings of the 59th Annual Meeting of the Association for Computational Linguistics and the 11th International Joint Conference on Natural Language Processing (Volume 1: Long Papers). 2021.";"indirect";"Polyjuice: Generating Counterfactuals for Explaining, Evaluating, and Improving Models";NA;NA;NA;NA;NA;NA;NA;NA;NA;NA;NA;NA;NA;"13";"students (NA)";"SC"
"10.1016/j.artint.2022.103839";2023;"Artificial Intelligence";"This paper contributes with a pragmatic evaluation framework for explainable Machine Learning (ML) models for clinical decision support. The study revealed a more nuanced role for ML explanation models, when these are pragmatically embedded in the clinical context. Despite the general positive attitude of healthcare professionals (HCPs) towards explanations as a safety and trust mechanism, for a significant set of participants there were negative effects associated with confirmation bias, accentuating model over-reliance and increased effort to interact with the model. Also, contradicting one of its main intended functions, standard explanatory models showed limited ability to support a critical understanding of the limitations of the model. However, we found new significant positive effects which repositions the role of explanations within a clinical context: these include reduction of automation bias, addressing ambiguous clinical cases (cases where HCPs were not certain about their decision) and support of less experienced HCPs in the acquisition of new domain knowledge.";"direct";"Assessing the communication gap between AI models and healthcare professionals: Explainability, utility and trust in AI-driven clinical decision-making";NA;NA;NA;NA;NA;NA;NA;NA;NA;NA;NA;NA;NA;"23";"domain experts (medical)";"SS"
"https://doi.org/10.1609/aaai.v37i3.25394";2023;"AAAI '23/IAAI '23/EAAI '23: Proceedings of the Thirty-Seventh AAAI Conference on Artificial Intelligence and Thirty-Fifth Conference on Innovative Applications of Artificial Intelligence and Thirteenth Symposium on Educational Advances in Artificial Intelligence";"Generative Adversarial networks (GANs) have demonstrated their powerful capability of synthesizing high-resolution images, and great efforts have been made to interpret the semantics in the latent spaces of GANs. However, existing works still have the following limitations: (1) the majority of works rely on either pretrained attribute predictors or large-scale labeled datasets, which are difficult to collect in most cases, and (2) some other methods are only suitable for restricted cases, such as focusing on interpretation of human facial images using prior facial semantics. In this paper, we propose a GAN-based method called FEditNet, aiming to discover latent semantics using very few labeled data without any pretrained predictors or prior knowledge. Specifically, we reuse the knowledge from the pretrained GANs, and by doing so, avoid overfitting during the few-shot training of FEditNet. Moreover, our layer-wise objectives which take content consistency into account also ensure the disentanglement between attributes. Qualitative and quantitative results demonstrate that our method outperforms the state-of-the-art methods on various datasets. The code is available at https://github.com/THU-LYJ-Lab/FEditNet.";"top 4";"FEditNet: Few-Shot Editing of Latent Semantics in GAN Spaces";"Understanding";"Subjective";"No";TRUE;FALSE;NA;NA;FALSE;FALSE;NA;FALSE;FALSE;"top 4";"NA";"not stated (NA)";"SS"
NA;2019;"ACMIUI-WS '19: Joint Proceedings of the ACM IUI 2019 Workshops co-located with the 24th ACM Conference on Intelligent User Interfaces (ACM IUI 2019)";"The adoption of intelligent systems creates opportunities as well as challenges for medical work. On the positive side, intelligent systems have the potential to compute complex data from patients and generate automated diagnosis recommendations for doctors. However, medical professionals often perceive such systems as black boxes and, therefore, feel concerned about relying on system generated results to make decisions. In this paper, we contribute to the ongoing discussion of explainable artificial intelligence (XAI) by exploring the concept of explanation from a human-centered perspective. We hypothesize that medical professionals would perceive a system as explainable if the system was designed to think and act like doctors. We report a preliminary interview study that collected six medical professionals' reflection of how they interact with data for diagnosis and treatment purposes. Our data reveals when and how doctors prioritize among various types of data as a central part of their diagnosis process. Based on these findings, we outline future directions regarding the design of XAI systems in the medical context.";"indirect";"Outlining the design space of explainable intelligent systems for medical diagnosis";NA;NA;NA;NA;NA;NA;NA;NA;NA;NA;NA;NA;NA;"6";"domain experts (licensed medical professionals)";"SS"
"10.1145/3290607.3312851";2019;"CHI EA '19: Extended Abstracts of the 2019 CHI Conference on Human Factors in Computing Systems";"Machine Learning (ML) is a useful tool for modern game designers but often requires a technical background to understand. This gap of knowledge can intimidate less technical game designers from employing ML techniques to evaluate designs or incorporate ML into game mechanics. Our research aims to bridge this gap by exploring interactive visualizations as a way to introduce ML principles to game designers. We have developed QUBE, an interactive level designer that shifts ML education into the context of game design. We present QUBE's interactive visualization techniques and evaluation through two expert panels (n=4, n=6) with game design, ML, and user experience experts.";"indirect";"Interactive Visualizer to Facilitate Game Designers in Understanding Machine Learning";NA;NA;NA;NA;NA;NA;NA;NA;NA;NA;NA;NA;NA;"6";"AI experts (NA),domain experts (game designers),domain experts (UX designers)";"TA"
"10.1145/3313831.3376807";2020;"CHI '20: Proceedings of the 2020 CHI Conference on Human Factors in Computing Systems";"The recent development of data-driven AI promises to automate medical diagnosis; however, most AI functions as 'black boxes' to physicians with limited computational knowledge. Using medical imaging as a point of departure, we conducted three iterations of design activities to formulate CheXplain---a system that enables physicians to explore and understand AI-enabled chest X-ray analysis: (1) a paired survey between referring physicians and radiologists reveals whether, when, and what kinds of explanations are needed; (2) a low-fidelity prototype co-designed with three physicians formulates eight key features; and (3) a high-fidelity prototype evaluated by another six physicians provides detailed summative insights on how each feature enables the exploration and understanding of AI. We summarize by discussing recommendations for future work to design and implement explainable medical AI systems that encompass four recurring themes: motivation, constraint, explanation, and justification.";"indirect";"CheXplain";NA;NA;NA;NA;NA;NA;NA;NA;NA;NA;NA;NA;NA;"77";"domain experts (medical)";"SS"
"10.1109/TVCG.2023.3285210";2024;"IEEE Transactions on Visualization and Computer Graphics";"Missing data can pose a challenge for machine learning (ML) modeling.To address this, current approaches are categorized into feature imputation and label prediction and are primarily focused on handling missing data to enhance ML performance.These approaches rely on the observed data to estimate the missing values and therefore encounter three main shortcomings in imputation, including the need for different imputation methods for various missing data mechanisms, heavy dependence on the assumption of data distribution, and potential introduction of bias.This study proposes a Contrastive Learning (CL) framework to model observed data with missing values, where the ML model learns the similarity between an incomplete sample and its complete counterpart and the dissimilarity between other samples.Our proposed approach demonstrates the advantages of CL without requiring any imputation.To enhance interpretability, we introduce CIVis, a visual analytics system that incorporates interpretable techniques to visualize the learning process and diagnose the model status.Users can leverage their domain knowledge through interactive sampling to identify negative and positive pairs in CL.The output of CIVis is an optimized model that takes specified features and predicts downstream tasks.We provide two usage scenarios in regression and classification tasks and conduct quantitative experiments, expert interviews, and a qualitative user study to demonstrate the effectiveness of our approach.In short, this study offers a valuable contribution to addressing the challenges associated with ML modeling in the presence of missing data by providing a practical solution that achieves high predictive accuracy and model interpretability.";"direct";"Towards Better Modeling With Missing Data: A Contrastive Learning-Based Visual Analytics Perspective";NA;NA;NA;NA;NA;NA;NA;NA;NA;NA;NA;NA;NA;"3";"domain experts (AI professionals)";"SS"
NA;2022;"3rd Workshop on Explainable Logic-Based Knowledge Representation";"The recent focus on explainable artificial intelligence has been driven by a perception that complex statistical models are opaque to users. Rule-based systems, in contrast, have often been presented as self-explanatory. All the system needs to do is provide a log of its reasoning process and its operations are clear. We believe that such logs are often difficult for users to understand in part because of their size and complexity. We propose dialogue as an explanatory mechanism for rulebased AI systems to allow users and systems to co-create an explanation that focuses on the user’s particular interests or concerns. Our hypothesis is that when a system makes a deduction that was, in some way, unexpected by the user then locating the source of the disagreement or misunderstanding is best achieved through a collaborative dialogue process that allows the participants to gradually isolate the cause. We have implemented a system with this mechanism and performed a user evaluation that shows that in many cases a dialogue is preferred to a reasoning log presented as a tree. These results provide further support for the hypothesis that dialogue explanation could provide a good explanation for a rule-based AI system.";"indirect";"Dialogue-Based Explanations of Reasoning in Rule-based Systems";NA;NA;NA;NA;NA;NA;NA;NA;NA;NA;NA;NA;NA;"24";"students (NA),researchers (NA),administrative staff (NA)";"SC"
"10.1145/3313831.3376447";2020;"CHI '20: Proceedings of the 2020 CHI Conference on Human Factors in Computing Systems";"Machine learning models risk encoding unfairness on the part of their developers or data sources. However, assessing fairness is challenging as analysts might misidentify sources of bias, fail to notice them, or misapply metrics. In this paper we introduce Silva, a system for exploring potential sources of unfairness in datasets or machine learning models interactively. Silva directs user attention to relationships between attributes through a global causal view, provides interactive recommendations, presents intermediate results, and visualizes metrics. We describe the implementation of Silva, identify salient design and technical challenges, and provide an evaluation of the tool in comparison to an existing fairness optimization tool.";"indirect";"Silva: Interactively Assessing Machine Learning Fairness Using Causality";NA;NA;NA;NA;NA;NA;NA;NA;NA;NA;NA;NA;NA;"33";"students (NA),researchers (NA),administrative staff (NA),other (social media)";"SS"
"10.1145/2909824.3020230";2017;"HRI '17: Proceedings of the 2017 ACM/IEEE International Conference on Human-Robot Interaction";"Existing research assessing human operators' trust in automation and robots has primarily examined trust as a steady-state variable, with little emphasis on the evolution of trust over time. With the goal of addressing this research gap, we present a study exploring the dynamic nature of trust. We defined trust of entirety as a measure that accounts for trust across a human's entire interactive experience with automation, and first identified alternatives to quantify it using real-time measurements of trust. Second, we provided a novel model that attempts to explain how trust of entirety evolves as a user interacts repeatedly with automation. Lastly, we investigated the effects of automation transparency on momentary changes of trust. Our results indicated that trust of entirety is better quantified by the average measure of area under the trust curve than the traditional post-experiment trust measure. In addition, we found that trust of entirety evolves and eventually stabilizes as an operator repeatedly interacts with a technology. Finally, we observed that a higher level of automation transparency may mitigate the cry wolf effect -- wherein human operators begin to reject an automated system due to repeated false alarms.";"indirect";"Evaluating Effects of User Experience and System Transparency on Trust in Automation";NA;NA;NA;NA;NA;NA;NA;NA;NA;NA;NA;NA;NA;"91";"not stated (NA)";"SS,SC"
NA;2019;"ACMIUI-WS '19: Joint Proceedings of the ACM IUI 2019 Workshops co-located with the 24th ACM Conference on Intelligent User Interfaces (ACM IUI 2019)";"Machine learning (ML) models are often considered “blackboxes” as their internal representations fail to align with human understanding. While recent work attempted to expose the inner workings of ML models they do not allow users to interact directly with the model. This is especially problematic in domains where labeled data is limited as such the generalizability of ML models becomes questionable. We argue that the fundamental problem of generalizibility could be addressed by making ML models explainable in abstractions and expressions that make sense to users and by allowing them to interact with the model to assess, select, and build on. By involving humans in the process this way, we argue that the cocreated models will be more generalizable as they extrapolate what ML learns from few data when expressed in higher level abstractions that humans can verify, update, and expand based on their domain expertise. In this paper, we introduce RulesLearner that expresses ML model as rules on top of semantic linguistic structures in disjunctive normal form. RulesLearner allows users to interact with the patterns learned by the ML model, eg add and remove predicates, examine precision and recall, and construct a trusted set of rules. We conducted a preliminary user study which suggests that (1) rules learned by ML are explainable and (2) co-created model is more generalizable (3) providing rules to experts improves overall productivity, with fewer people involved, with less expertise. Our findings link explainability and interactivity to generalizability, as such suggest that hybrid intelligence (human-AI) methods offer great potential.";"direct";"A Study on Interaction in Human-In-The-Loop Machine Learning for Text Analytics";NA;NA;NA;NA;NA;NA;NA;NA;NA;NA;NA;NA;NA;"6";"domain experts (engineers)";"SS"
"10.1038/s41598-021-89267-4";2021;"Scientific Reports";"Abstract State-of-the-art deep-learning systems use decision rules that are challenging for humans to model. Explainable AI (XAI) attempts to improve human understanding but rarely accounts for how people typically reason about unfamiliar agents. We propose explicitly modelling the human explainee via Bayesian teaching, which evaluates explanations by how much they shift explainees’ inferences toward a desired goal. We assess Bayesian teaching in a binary image classification task across a variety of contexts. Absent intervention, participants predict that the AI’s classifications will match their own, but explanations generated by Bayesian teaching improve their ability to predict the AI’s judgements by moving them away from this prior belief. Bayesian teaching further allows each case to be broken down into sub-examples (here saliency maps). These sub-examples complement whole examples by improving error detection for familiar categories, whereas whole examples help predict correct AI judgements of unfamiliar cases.";"direct";"Mitigating belief projection in explainable artificial intelligence via Bayesian teaching";NA;NA;NA;NA;NA;NA;NA;NA;NA;NA;NA;NA;NA;"656";"crowdsourcing (AMT)";"FS,SS,SC"
"10.1109/CVPR52729.2023.01839";2023;"IEEE/CVF Conference on Computer Vision and Pattern Recognition (CVPR)";"Concept Bottleneck Models (CBM) are inherently interpretable models that factor model decisions into humanreadable concepts. They allow people to easily understand why a model is failing, a critical feature for high-stakes applications. CBMs require manually specified concepts and often under-perform their black box counterparts, preventing their broad adoption. We address these shortcomings and are first to show how to construct high-performance CBMs without manual specification of similar accuracy to black box models. Our approach, Language Guided Bottlenecks (LaBo), leverages a language model, GPT-3, to define a large space of possible bottlenecks. Given a problem domain, LaBo uses GPT-3 to produce factual sentences about categories to form candidate concepts. LaBo efficiently searches possible bottlenecks through a novel submodular utility that promotes the selection of discriminative and diverse information. Ultimately, GPT-3's sentential concepts can be aligned to images using CLIP, to form a bottleneck layer. Experiments demonstrate that LaBo is a highly effective prior for concepts important to visual recognition. In the evaluation with 11 diverse datasets, LaBo bottlenecks excel at few-shot classification: they are 11.7% more accurate than black box linear probes at 1 shot and comparable with more data. Overall, LaBo demonstrates that inherently interpretable models can be widely applied at similar, or better, performance than black box approaches. <sup xmlns:mml=http://www.w3.org/1998/Math/MathML xmlns:xlink=http://www.w3.org/1999/xlink>1</sup> <sup xmlns:mml=http://www.w3.org/1998/Math/MathML xmlns:xlink=http://www.w3.org/1999/xlink>1</sup> Code and data are available at https://github.com/YueYANG1996/LaBo";"indirect";"Language in a Bottle: Language Model Guided Concept Bottlenecks for Interpretable Image Classification";NA;NA;NA;NA;NA;NA;NA;NA;NA;NA;NA;NA;NA;"477";"crowdsourcing (AMT)";"SS,SC"
NA;2019;"NIPS '19: of the 33th International Conference on Neural Information Processing Systems";"We consider objective evaluation measures of saliency explanations for complex black-box machine learning models. We propose simple robust variants of two notions that have been considered in recent literature: (in)fidelity, and sensitivity. We analyze optimal explanations with respect to both these measures, and while the optimal explanation for sensitivity is a vacuous constant explanation, the optimal explanation for infidelity is a novel combination of two popular explanation methods. By varying the perturbation distribution that defines infidelity, we obtain novel explanations by optimizing infidelity, which we show to out-perform existing explanations in both quantitative and qualitative measurements. Another salient question given these measures is how to modify any given explanation to have better values with respect to these measures. We propose a simple modification based on lowering sensitivity, and moreover show that when done appropriately, we could simultaneously improve both sensitivity as well as fidelity.";"indirect";"On the (In)fidelity and Sensitivity of Explanations";NA;NA;NA;NA;NA;NA;NA;NA;NA;NA;NA;NA;NA;"16";"not stated (NA)";"FS,SS"
NA;2020;"NIPS '20: of the 34th International Conference on Neural Information Processing Systems";"Human explanations of high-level decisions are often expressed in terms of key concepts the decisions are based on. In this paper, we study such concept-based explainability for Deep Neural Networks (DNNs). First, we define the notion of completeness, which quantifies how sufficient a particular set of concepts is in explaining a model's prediction behavior based on the assumption that complete concept scores are sufficient statistics of the model prediction. Next, we propose a concept discovery method that aims to infer a complete set of concepts that are additionally encouraged to be interpretable, which addresses the limitations of existing methods on concept explanations. To define an importance score for each discovered concept, we adapt game-theoretic notions to aggregate over sets and propose ConceptSHAP. Via proposed metrics and user studies, on a synthetic dataset with apriori-known concept explanations, as well as on real-world image and language datasets, we validate the effectiveness of our method in finding concepts that are both complete in explaining the decisions and interpretable. (The code is released at this https URL)";"indirect";"On Completeness-aware Concept-Based Explanations in Deep Neural Networks";NA;NA;NA;NA;NA;NA;NA;NA;NA;NA;NA;NA;NA;"10";"not stated (NA)";"FS"
"10.1145/3290605.3300509";2019;"CHI '19: Proceedings of the 2019 CHI Conference on Human Factors in Computing Systems";"We address a relatively under-explored aspect of human-computer interaction: people's abilities to understand the relationship between a machine learning model's stated performance on held-out data and its expected performance post deployment. We conduct large-scale, randomized human-subject experiments to examine whether laypeople's trust in a model, measured in terms of both the frequency with which they revise their predictions to match those of the model and their self-reported levels of trust in the model, varies depending on the model's stated accuracy on held-out data and on its observed accuracy in practice. We find that people's trust in a model is affected by both its stated accuracy and its observed accuracy, and that the effect of stated accuracy can change depending on the observed accuracy. Our work relates to recent research on interpretable machine learning, but moves beyond the typical focus on model internals, exploring a different component of the machine learning pipeline.";"indirect";"Understanding the Effect of Accuracy on Trust in Machine Learning Models";NA;NA;NA;NA;NA;NA;NA;NA;NA;NA;NA;NA;NA;"1996";"crowdsourcing (AMT)";"FS,SS"
NA;2023;"The Eleventh International Conference on Learning Representations (ICLR)";"Concept Bottleneck Models (CBMs) map the inputs onto a concept bottleneck and use the bottleneck to make a prediction. A concept bottleneck enhances interpretability since it can be investigated to understand what the model sees in an input, and which of these concepts are deemed important. However, CBMs are restrictive in practice as they require concept labels during training to learn the bottleneck. Additionally, it is questionable if CBMs can match the accuracy of an unrestricted neural network trained on a given domain, potentially reducing the incentive to deploy them in practice. In this work, we address these two key limitations by introducing Post-hoc Concept Bottleneck models (P-CBMs). We show that we can turn any neural network into a P-CBM, without sacrificing model performance and retaining interpretability benefits. Finally, we show that P-CBMs can provide significant performance gains with model editing without any fine-tuning and needing data from the target domain.";"top 4";"Post-hoc Concept Bottleneck Models";"Understanding";"Subjective";"No";FALSE;FALSE;NA;NA;FALSE;FALSE;NA;FALSE;TRUE;"top 4";"30";"AI experts (NA)";"ID"
"10.1145/3359158";2019;"Proceedings of the ACM on Human-Computer Interaction";"Complex machine learning models are deployed in several critical domains including healthcare and autonomous vehicles nowadays, albeit as functional black boxes. Consequently, there has been a recent surge in interpreting decisions of such complex models in order to explain their actions to humans. Models that correspond to human interpretation of a task are more desirable in certain contexts and can help attribute liability, build trust, expose biases and in turn build better models. It is, therefore, crucial to understand how and which models conform to human understanding of tasks. In this paper, we present a large-scale crowdsourcing study that reveals and quantifies the dissonance between human and machine understanding, through the lens of an image classification task. In particular, we seek to answer the following questions: Which (well-performing) complex ML models are closer to humans in their use of features to make accurate predictions? How does task difficulty affect the feature selection capability of machines in comparison to humans? Are humans consistently better at selecting features that make image recognition more accurate? Our findings have important implications on human-machine collaboration, considering that a long term goal in the field of artificial intelligence is to make machines capable of learning and reasoning like humans.";"indirect";"Dissonance Between Human and Machine Understanding";NA;NA;NA;NA;NA;NA;NA;NA;NA;NA;NA;NA;NA;"68";"crowdsourcing (FigureEight)";"FS,SS,SC"
"10.1145/3351095.3372852";2020;"FAT* '20: Proceedings of the 2020 Conference on Fairness, Accountability, and Transparency";"Today, AI is being increasingly used to help human experts make decisions in high-stakes scenarios. In these scenarios, full automation is often undesirable, not only due to the significance of the outcome, but also because human experts can draw on their domain knowledge complementary to the model's to ensure task success. We refer to these scenarios as AI-assisted decision making, where the individual strengths of the human and the AI come together to optimize the joint decision outcome. A key to their success is to appropriately calibrate human trust in the AI on a case-by-case basis; knowing when to trust or distrust the AI allows the human expert to appropriately apply their knowledge, improving decision outcomes in cases where the model is likely to perform poorly. This research conducts a case study of AI-assisted decision making in which humans and AI have comparable performance alone, and explores whether features that reveal case-specific model information can calibrate trust and improve the joint performance of the human and AI. Specifically, we study the effect of showing confidence score and local explanation for a particular prediction. Through two human experiments, we show that confidence score can help calibrate people's trust in an AI model, but trust calibration alone is not sufficient to improve AI-assisted decision making, which may also depend on whether the human can bring in enough unique knowledge to complement the AI's errors. We also highlight the problems in using local explanation for AI-assisted decision making scenarios and invite the research community to explore new approaches to explainability for calibrating human trust in AI.";"indirect";"Effect of confidence and explanation on accuracy and trust calibration in AI-assisted decision making";NA;NA;NA;NA;NA;NA;NA;NA;NA;NA;NA;NA;NA;"72,9";"crowdsourcing (AMT),not stated (NA)";"FS,SS"
"10.1145/3491102.3517522";2022;"CHI '22: Proceedings of the 2022 CHI Conference on Human Factors in Computing Systems";"Model explanations such as saliency maps can improve user trust in AI by highlighting important features for a prediction. However, these become distorted and misleading when explaining predictions of images that are subject to systematic error (bias) by perturbations and corruptions. Furthermore, the distortions persist despite model fine-tuning on images biased by different factors (blur, color temperature, day/night). We present Debiased-CAM to recover explanation faithfulness across various bias types and levels by training a multi-input, multi-task model with auxiliary tasks for explanation and bias level predictions. In simulation studies, the approach not only enhanced prediction accuracy, but also generated highly faithful explanations about these predictions as if the images were unbiased. In user studies, debiased explanations improved user task performance, perceived truthfulness and perceived helpfulness. Debiased training can provide a versatile platform for robust performance and explanation faithfulness for a wide range of applications with data biases.";"direct";"Debiased-CAM to mitigate image perturbations with faithful visual explanations of machine learning";"Understanding";"Subjective";"No";TRUE;FALSE;TRUE;FALSE;TRUE;FALSE;FALSE;FALSE;FALSE;"2021 and after";"191";"crowdsourcing (AMT)";"SS,SC"
"https://doi.org/10.1609/aaai.v37i5.25812";2023;"AAAI '23/IAAI '23/EAAI '23: Proceedings of the Thirty-Seventh AAAI Conference on Artificial Intelligence and Thirty-Fifth Conference on Innovative Applications of Artificial Intelligence and Thirteenth Symposium on Educational Advances in Artificial Intelligence";"Prototype-based interpretability methods provide intuitive explanations of model prediction by comparing samples to a reference set of memorized exemplars or typical representatives in terms of similarity. In the field of sequential data modeling, similarity calculations of prototypes are usually based on encoded representation vectors. However, due to highly recursive functions, there is usually a non-negligible disparity between the prototype-based explanations and the original input. In this work, we propose a Self-Explaining Selective Model (SESM) that uses a linear combination of prototypical concepts to explain its own predictions. The model employs the idea of case-based reasoning by selecting sub-sequences of the input that mostly activate different concepts as prototypical parts, which users can compare to sub-sequences selected from different example inputs to understand model decisions. For better interpretability, we design multiple constraints including diversity, stability, and locality as training objectives. Extensive experiments in different domains demonstrate that our method exhibits promising interpretability and competitive accuracy.";"top 4";"Learning to Select Prototypical Parts for Interpretable Sequential Data Modeling";"Understanding";"Objective";"No";FALSE;FALSE;NA;NA;FALSE;FALSE;NA;FALSE;FALSE;"top 4";"3";"not stated (NA)";"FS"
"10.1016/j.procs.2022.09.450";2022;"Procedia Computer Science";"Increasing prevalence of opaque black-box AI has highlighted the need for explanations of their behaviours, for example, via explanation artefacts/proxy models. The current paper presents a paradigm for human-grounded experiments to evaluate the relationship between explanation fidelity, human learning performance, understanding and trust in a black-box AI by manipulating the complexity of an explanatory artefact. Decision trees were used in the current experiment as exemplar interpretable surrogate models, providing explanations approximating black-box behaviour, by means of explanation by simplification. Consistent with our hypotheses: 1) explanatory artefacts brought about better learning, while greater decision tree depths led to greater interpretability of the AI's performance and greater trust in the AI; and 2) explanatory artefacts facilitated learning and task performance even after they were withdrawn. Findings are discussed in terms of the interplay between human understanding, trust and AI system performance, highlighting the simplifying assumption of a monotonic relationship between explanation fidelity and interpretability.";"indirect";"Towards an Integrated Evaluation Framework for XAI: An Experimental Study";NA;NA;NA;NA;NA;NA;NA;NA;NA;NA;NA;NA;NA;"57";"students (NA)";"SS"
"10.1145/3491102.3517791";2022;"CHI '22: Proceedings of the 2022 CHI Conference on Human Factors in Computing Systems";"People consider recommendations from AI systems in diverse domains ranging from recognizing tumors in medical images to deciding which shoes look cute with an outfit. Implicit in the decision process is the perceived expertise of the AI system. In this paper, we investigate how people trust and rely on an AI assistant that performs with different levels of expertise relative to the person, ranging from completely overlapping expertise to perfectly complementary expertise. Through a series of controlled online lab studies where participants identified objects with the help of an AI assistant, we demonstrate that participants were able to perceive when the assistant was an expert or non-expert within the same task and calibrate their reliance on the AI to improve team performance. We also demonstrate that communicating expertise through the linguistic properties of the explanation text was effective, where embracing language increased reliance and distancing language reduced reliance on AI.";"direct";"You Complete Me: Human-AI Teams and Complementary Expertise";NA;NA;NA;NA;NA;NA;NA;NA;NA;NA;NA;NA;NA;"395";"crowdsourcing (AMT)";"FS,SS,SC"
"10.1145/3491102.3501826";2022;"CHI '22: Proceedings of the 2022 CHI Conference on Human Factors in Computing Systems";"Machine learning models need to provide contrastive explanations, since people often seek to understand why a puzzling prediction occurred instead of some expected outcome. Current contrastive explanations are rudimentary comparisons between examples or raw features, which remain difficult to interpret, since they lack semantic meaning. We argue that explanations must be more relatable to other concepts, hypotheticals, and associations. Inspired by the perceptual process from cognitive psychology, we propose the XAI Perceptual Processing Framework and RexNet model for relatable explainable AI with Contrastive Saliency, Counterfactual Synthetic, and Contrastive Cues explanations. We investigated the application of vocal emotion recognition, and implemented a modular multi-task deep neural network to predict and explain emotions from speech. From think-aloud and controlled studies, we found that counterfactual explanations were useful and further enhanced with semantic cues, but not saliency explanations. This work provides insights into providing and evaluating relatable contrastive explainable AI for perception applications.";"indirect";"Towards Relatable Explainable AI with the Perceptual Process";NA;NA;NA;NA;NA;NA;NA;NA;NA;NA;NA;NA;NA;"14,175";"students (NA),researchers (NA),administrative staff (NA),crowdsourcing (AMT)";"FS,SS"
"10.1109/TVCG.2018.2864475";2019;"IEEE Transactions on Visualization and Computer Graphics";"As an ensemble model that consists of many independent decision trees, random forests generate predictions by feeding the input to internal trees and summarizing their outputs. The ensemble nature of the model helps random forests outperform any individual decision tree. However, it also leads to a poor model interpretability, which significantly hinders the model from being used in fields that require transparent and explainable predictions, such as medical diagnosis and financial fraud detection. The interpretation challenges stem from the variety and complexity of the contained decision trees. Each decision tree has its unique structure and properties, such as the features used in the tree and the feature threshold in each tree node. Thus, a data input may lead to a variety of decision paths. To understand how a final prediction is achieved, it is desired to understand and compare all decision paths in the context of all tree structures, which is a huge challenge for any users. In this paper, we propose a visual analytic system aiming at interpreting random forest models and predictions. In addition to providing users with all the tree information, we summarize the decision paths in random forests, which eventually reflects the working mechanism of the model and reduces users' mental burden of interpretation. To demonstrate the effectiveness of our system, two usage scenarios and a qualitative user study are conducted.";"direct";"iForest: Interpreting Random Forests via Visual Analytics";NA;NA;NA;NA;NA;NA;NA;NA;NA;NA;NA;NA;NA;"10";"students (NA),researchers (NA)";"SS"
NA;2017;"International Conference on Machine Learning (ICML) Workshop on Visualization for Deep Learning";"Visualization has shown great promise to further the understanding how deep neural networks function and operate. However, less focus has been placed on visualizing the training process of these models. This paper attempts to bridge this gap. We define two metrics by which the progress of the learning can be a quantitatively assessed. The first is a discriminability metric which evaluates the neuron evolution, while the second is a density metric which evaluates the output feature maps. Based on these metrics, a level-of-detail visual analytics framework is established that measures the evolution of the deep neural network both on a local and on a global scale. We demonstrate the efficacy of our system by ways of two real world case studies.";"indirect";"Evolutionary Visual Analysis of Deep Neural Networks";NA;NA;NA;NA;NA;NA;NA;NA;NA;NA;NA;NA;NA;"2";"students (NA)";"SS"
"10.1007/978-3-319-68059-0_2";2017;"Human-Computer Interaction (INTERACT) Lecture Notes in Computer Science";"Rapid increase of data in different fields has been resulting in wide applications of Machine Learning (ML) based intelligent systems in predictive decision making scenarios. Unfortunately, these systems appear like a ‘black-box’ to users due to their complex working mechanisms and therefore significantly affect the user’s trust in human-machine interactions. This is partly due to the tightly coupled uncertainty inherent in the ML models that underlie the predictive decision making recommendations. Furthermore, when such analytics-driven intelligent systems are used in modern complex high-risk domains (such as aviation) - user decisions, in addition to trust, are also influenced by higher levels of cognitive load. This paper investigates effects of uncertainty and cognitive load on user trust in predictive decision making in order to design effective user interfaces for such ML-based intelligent systems. Our user study of 42 subjects in a repeated factorial design experiment found that both uncertainty types (risk and ambiguity) and cognitive workload levels affected user trust in predictive decision making. Uncertainty presentation leads to increased trust but only under low cognitive load conditions when users had sufficient cognitive resources to process the information. Presentation of uncertainty under high load conditions (when cognitive resources were short in supply) leads to a decrease of trust in the system and its recommendations.";"indirect";"Effects of Uncertainty and Cognitive Load on User Trust in Predictive Decision Making";NA;NA;NA;NA;NA;NA;NA;NA;NA;NA;NA;NA;NA;"42";"AI experts (NA),researchers (NA),administrative staff (NA)";"FS,SS"
"10.1145/3375627.3375856";2020;"AIES '20: Proceedings of the AAAI/ACM Conference on AI, Ethics, and Society";"As machine intelligence is increasingly incorporated into educational technologies, it becomes imperative for instructors and students to understand the potential flaws of the algorithms on which their systems rely. This paper describes the design and implementation of an interactive post-hoc explanation of the Bayesian Knowledge Tracing algorithm which is implemented in learning analytics systems used across the United States. After a user-centered design process to smooth out interaction design difficulties, we ran a controlled experiment to evaluate whether the interactive or static version of the explainable led to increased learning. Our results reveal that learning about an algorithm through an explainable depends on users' educational background. For other contexts, designers of post-hoc explainables must consider their users' educational background to best determine how to empower more informed decision-making with AI-enhanced systems.";"indirect";"Assessing Post-hoc Explainability of the BKT Algorithm";NA;NA;NA;NA;NA;NA;NA;NA;NA;NA;NA;NA;NA;"88";"crowdsourcing (AMT)";"TA,SS"
"10.1109/SMC52423.2021.9659025";2021;"2021 IEEE International Conference on Systems, Man, and Cybernetics (SMC)";"Physical injuries induced by lifting are commonly reported in the workplace. Early risk detection is essential for reducing lifting injuries but requires trained observers to perform assessments manually. Machine learning and computer vision techniques have been proposed to aid ergonomists in lifting risk assessments. However, these methods may not bring the practitioners into the decision-making process and frequently not interpretable to practitioners. We conducted a user study with a proposed risk assessment system that consists of a prediction module, explanation module, and prototype user interface. The prediction module consists of a logistics regression model capable of distinguishing the injury risk levels induced by different levels of force exertion in common lifting tasks. The logistics regression model makes predictions based on explainable body motion, posture, and facial features extracted through computer vision techniques. The explanation module makes up of explainable AI techniques. Specifically, a surrogate model provides local explanations for presenting how the system makes each prediction to users. The prototype interface presents the system's predictions and explanations. A usability study shows that the proposed system increases crowd-workers' and domain scholars' performance in assessing workers' injury risks in lifting. Furthermore, the usability study also shows that the proposed system increases their confidence in the assessment tasks when the system's evaluations agree with their subjective evaluations.";"direct";"Video-based AI Decision Support System for Lifting Risk Assessment";"Desiderata";"Objective";"Med";TRUE;FALSE;FALSE;FALSE;TRUE;FALSE;NA;FALSE;TRUE;"2021 and after";"200,10";"crowdsourcing (AMT),students (NA)";"FS"
"10.1145/3625240";2023;"ACM Transactions on Interactive Intelligent Systems";"In the last 10 years, various automated machine learning (AutoML) systems have been proposed to build end-to-end machine learning (ML) pipelines with minimal human interaction. Even though such automatically synthesized ML pipelines are able to achieve competitive performance, recent studies have shown that users do not trust models constructed by AutoML due to missing transparency of AutoML systems and missing explanations for the constructed ML pipelines. In a requirements analysis study with 36 domain experts, data scientists, and AutoML researchers from different professions with vastly different expertise in ML, we collect detailed informational needs for AutoML. We propose XAutoML , an interactive visual analytics tool for explaining arbitrary AutoML optimization procedures and ML pipelines constructed by AutoML. XAutoML combines interactive visualizations with established techniques from explainable artificial intelligence (XAI) to make the complete AutoML procedure transparent and explainable. By integrating XAutoML with JupyterLab , experienced users can extend the visual analytics with ad-hoc visualizations based on information extracted from XAutoML . We validate our approach in a user study with the same diverse user group from the requirements analysis. All participants were able to extract useful information from XAutoML , leading to a significantly increased understanding of ML pipelines produced by AutoML and the AutoML optimization itself.";"direct";"XAutoML: A Visual Analytics Tool for Understanding and Validating Automated Machine Learning";NA;NA;NA;NA;NA;NA;NA;NA;NA;NA;NA;NA;NA;"36";"other (snowball sampling),other (authors' personal contacts)";"SS"
"10.1109/TVCG.2021.3114864";2022;"IEEE Transactions on Visualization and Computer Graphics";"Machine learning (ML) is being applied to a diverse and ever-growing set of domains. In many cases, domain experts - who often have no expertise in ML or data science - are asked to use ML predictions to make high-stakes decisions. Multiple ML usability challenges can appear as result, such as lack of user trust in the model, inability to reconcile human-ML disagreement, and ethical concerns about oversimplification of complex problems to a single algorithm output. In this paper, we investigate the ML usability challenges that present in the domain of child welfare screening through a series of collaborations with child welfare screeners. Following the iterative design process between the ML scientists, visualization researchers, and domain experts (child screeners), we first identified four key ML challenges and honed in on one promising explainable ML technique to address them (local factor contributions). Then we implemented and evaluated our visual analytics tool, Sibyl, to increase the interpretability and interactivity of local factor contributions. The effectiveness of our tool is demonstrated by two formal user studies with 12 non-expert participants and 13 expert participants respectively. Valuable feedback was collected, from which we composed a list of design implications as a useful guideline for researchers who aim to develop an interpretable and interactive visualization tool for ML prediction models deployed for child welfare screeners and other similar domain experts.";"direct";"Sibyl: Understanding and Addressing the Usability Challenges of Machine Learning In High-Stakes Decision Making";NA;NA;NA;NA;NA;NA;NA;NA;NA;NA;NA;NA;NA;"19";"domain experts (social workers),domain experts (supervisors)";"FS,SS"
